orf_id,transcript,gene,is_canonical,classification,orf_class,chromosome,coor1,coor2,strand
orf3892,chr1_100225,YAL025C,canonical,conserved,Verified,chrI,100225,101145,-
orf4745,chr1_101565,YAL024C,canonical,conserved,Verified,chrI,101565,105872,-
orf4743,chr1_106272,YAL023C,canonical,conserved,Verified,chrI,106272,108551,-
orf3870,chr1_108877,YAL022C,canonical,conserved,Verified,chrI,108877,110430,-
orf1242,chr1_109388,NA,noncanonical,other,None,chrI,109388,109801,+
orf3022,chr1_110846,YAL021C,canonical,conserved,Verified,chrI,110846,113359,-
orf2172,chr1_112962,NA,noncanonical,denovo,None,chrI,112962,113336,+
orf3856,chr1_113614,YAL020C,canonical,conserved,Verified,chrI,113614,114615,-
orf409,chr1_114919,YAL019W,canonical,conserved,Verified,chrI,114919,118314,+
orf5046,chr1_11565,YAL065C,canonical,other,Uncharacterized,chrI,11565,11951,-
orf3840,chr1_118564,YAL018C,canonical,conserved,Verified,chrI,118564,119541,-
orf2193,chr1_120225,YAL017W,canonical,conserved,Verified,chrI,120225,124295,+
orf60,chr1_12046,YAL064W-B,canonical,conserved,Uncharacterized,chrI,12046,12426,+
orf4679,chr1_124755,YAL016C-A,noncanonical,other,Dubious,chrI,124755,125069,-
orf455,chr1_124879,YAL016W,canonical,conserved,Verified,chrI,124879,126786,+
orf4672,chr1_126903,YAL015C,canonical,conserved,Verified,chrI,126903,128102,-
orf2959,chr1_128252,YAL014C,canonical,conserved,Verified,chrI,128252,129019,-
orf2206,chr1_129270,YAL013W,canonical,conserved,Verified,chrI,129270,130487,+
orf1336,chr1_130799,YAL012W,canonical,conserved,Verified,chrI,130799,131983,+
orf3795,chr1_131674,NA,noncanonical,other,None,chrI,131674,131952,-
orf467,chr1_132160,YAL011W,canonical,conserved,Verified,chrI,132160,134076,+
orf4236,chr1_13363,YAL064C-A,canonical,conserved,Uncharacterized,chrI,13363,13743,-
orf4655,chr1_134184,YAL010C,canonical,conserved,Verified,chrI,134184,135665,-
orf1357,chr1_135854,YAL009W,canonical,conserved,Verified,chrI,135854,136633,+
orf473,chr1_136630,NA,noncanonical,other,None,chrI,136630,136713,+
orf2224,chr1_136914,YAL008W,canonical,conserved,Verified,chrI,136914,137510,+
orf2225,chr1_137520,NA,noncanonical,denovo,None,chrI,137520,137609,+
orf3776,chr1_137698,YAL007C,canonical,conserved,Verified,chrI,137698,138345,-
orf3774,chr1_139300,NA,noncanonical,denovo,None,chrI,139300,139470,-
orf4638,chr1_139503,YAL005C,canonical,conserved,Verified,chrI,139503,141431,-
orf4637,chr1_142107,NA,noncanonical,other,None,chrI,142107,142247,-
NA,chr1_142174,YAL003W,canonical,conserved,Verified,chrI,142174,143160,+
orf3771,chr1_143170,NA,noncanonical,other,None,chrI,143170,143319,-
orf502,chr1_143707,YAL002W,canonical,conserved,Verified,chrI,143707,147531,+
NA,chr1_147594,YAL001C,canonical,conserved,Verified,chrI,147594,151166,-
orf519,chr1_152257,YAR002W,canonical,conserved,Verified,chrI,152257,153876,+
orf3736,chr1_153862,NA,noncanonical,other,None,chrI,153862,153948,-
orf4604,chr1_154065,YAR002C-A,canonical,conserved,Verified,chrI,154065,154724,-
orf521,chr1_154147,NA,noncanonical,other,None,chrI,154147,154395,+
orf524,chr1_155005,YAR003W,canonical,conserved,Verified,chrI,155005,156285,+
orf3721,chr1_156754,YAR007C,canonical,conserved,Verified,chrI,156754,158619,-
orf1450,chr1_158891,YAR008W,canonical,conserved,Verified,chrI,158891,159793,+
orf3711,chr1_160597,YAR009C,canonical,conserved,transposable_element_gene,chrI,160597,164187,-
orf5035,chr1_16236,NA,noncanonical,other,None,chrI,16236,16427,-
orf2802,chr1_166472,NA,noncanonical,other,None,chrI,166472,166621,-
orf2801,chr1_166742,YAR014C,canonical,conserved,Verified,chrI,166742,168871,-
orf4226,chr1_16933,NA,noncanonical,other,None,chrI,16933,17091,-
orf579,chr1_169375,YAR015W,canonical,conserved,Verified,chrI,169375,170295,+
orf2792,chr1_170396,YAR018C,canonical,conserved,Verified,chrI,170396,171703,-
orf2358,chr1_172110,NA,noncanonical,denovo,None,chrI,172110,172220,+
orf2788,chr1_172211,YAR019C,canonical,conserved,Verified,chrI,172211,175135,-
orf4223,chr1_17455,NA,noncanonical,other,None,chrI,17455,17721,-
orf599,chr1_175369,NA,noncanonical,other,None,chrI,175369,175476,+
orf1522,chr1_175430,NA,noncanonical,other,None,chrI,175430,175561,+
orf2376,chr1_175563,NA,noncanonical,other,None,chrI,175563,175673,+
orf4505,chr1_176856,YAR020C,canonical,conserved,Verified,chrI,176856,177023,-
orf4500,chr1_178146,NA,noncanonical,other,None,chrI,178146,178256,-
orf4221,chr1_17905,NA,noncanonical,other,None,chrI,17905,18036,-
orf3630,chr1_179281,YAR023C,canonical,conserved,Uncharacterized,chrI,179281,179820,-
orf3629,chr1_180103,NA,noncanonical,denovo,None,chrI,180103,180222,-
orf4486,chr1_180453,NA,noncanonical,other,None,chrI,180453,180605,-
orf2405,chr1_180543,NA,noncanonical,other,None,chrI,180543,180767,+
orf4295,chr1_1807,YAL068C,canonical,conserved,Verified,chrI,1807,2169,-
orf4480,chr1_181554,NA,noncanonical,other,None,chrI,181554,181706,-
orf4477,chr1_182130,NA,noncanonical,other,None,chrI,182130,182291,-
orf2757,chr1_183200,NA,noncanonical,other,None,chrI,183200,183358,-
orf1556,chr1_183434,NA,noncanonical,other,None,chrI,183434,183601,+
orf1557,chr1_183770,YAR027W,canonical,conserved,Verified,chrI,183770,184477,+
orf2752,chr1_184097,NA,noncanonical,other,None,chrI,184097,184279,-
orf1559,chr1_184892,YAR028W,canonical,conserved,Uncharacterized,chrI,184892,185596,+
orf649,chr1_185968,NA,noncanonical,other,None,chrI,185968,186120,+
orf2431,chr1_186321,YAR029W,canonical,conserved,Uncharacterized,chrI,186321,186545,+
orf2741,chr1_186512,YAR030C,noncanonical,other,Dubious,chrI,186512,186853,-
orf1567,chr1_186836,YAR031W,canonical,conserved,Verified,chrI,186836,187732,+
orf3607,chr1_186976,NA,noncanonical,other,None,chrI,186976,187119,-
orf4455,chr1_187191,NA,noncanonical,denovo,None,chrI,187191,187307,-
orf2736,chr1_187811,NA,noncanonical,other,None,chrI,187811,187891,-
orf657,chr1_188107,YAR033W,canonical,conserved,Verified,chrI,188107,188811,+
orf2734,chr1_188822,NA,noncanonical,other,None,chrI,188822,188950,-
orf4449,chr1_189732,NA,noncanonical,other,None,chrI,189732,189806,-
orf4448,chr1_189816,NA,noncanonical,denovo,None,chrI,189816,189962,-
orf2729,chr1_189962,NA,noncanonical,other,None,chrI,189962,190021,-
orf1583,chr1_190193,YAR035W,canonical,conserved,Verified,chrI,190193,192256,+
orf665,chr1_192619,YAR042W,canonical,conserved,Verified,chrI,192619,196185,+
orf1607,chr1_196817,NA,noncanonical,other,None,chrI,196817,196954,+
orf1608,chr1_196976,NA,noncanonical,other,None,chrI,196976,197173,+
orf1609,chr1_197213,NA,noncanonical,other,None,chrI,197213,197371,+
orf3562,chr1_197821,NA,noncanonical,other,None,chrI,197821,197946,-
orf1613,chr1_198659,NA,noncanonical,other,None,chrI,198659,198757,+
orf2467,chr1_199128,NA,noncanonical,other,None,chrI,199128,199214,+
orf2471,chr1_199578,NA,noncanonical,other,None,chrI,199578,199688,+
orf684,chr1_200860,NA,noncanonical,other,None,chrI,200860,200946,+
orf2482,chr1_200946,NA,noncanonical,other,None,chrI,200946,201086,+
orf2492,chr1_203403,YAR050W,canonical,conserved,Verified,chrI,203403,208016,+
orf2668,chr1_207788,NA,noncanonical,other,None,chrI,207788,207988,-
orf1654,chr1_208367,YAR053W,noncanonical,other,Dubious,chrI,208367,208663,+
orf896,chr1_21257,NA,noncanonical,other,None,chrI,21257,21364,+
orf899,chr1_21566,YAL064W,canonical,other,Verified,chrI,21566,21850,+
orf2545,chr1_221049,YAR066W,canonical,conserved,Uncharacterized,chrI,221049,221660,+
orf770,chr1_222406,YAR068W,canonical,other,Uncharacterized,chrI,222406,222891,+
orf5002,chr1_22395,YAL063C-A,canonical,other,Uncharacterized,chrI,22395,22685,-
orf781,chr1_225460,YAR071W,canonical,conserved,Verified,chrI,225460,226863,+
orf2565,chr1_227742,YAR073W,noncanonical,other,Dubious,chrI,227742,228953,+
orf793,chr1_228844,YAR075W,noncanonical,other,Dubious,chrI,228844,229317,+
orf4991,chr1_24000,YAL063C,canonical,conserved,Verified,chrI,24000,27968,-
orf4174,chr1_29011,NA,noncanonical,other,None,chrI,29011,29178,-
orf944,chr1_30281,NA,noncanonical,other,None,chrI,30281,30388,+
orf3282,chr1_31214,NA,noncanonical,denovo,None,chrI,31214,31372,-
orf1860,chr1_31353,NA,noncanonical,other,None,chrI,31353,31481,+
orf141,chr1_31567,YAL062W,canonical,conserved,Verified,chrI,31567,32940,+
orf4975,chr1_31596,NA,noncanonical,other,None,chrI,31596,31697,-
orf4164,chr1_31879,NA,noncanonical,other,None,chrI,31879,31986,-
orf3280,chr1_31964,NA,noncanonical,other,None,chrI,31964,32071,-
orf4973,chr1_32187,NA,noncanonical,other,None,chrI,32187,32345,-
orf4972,chr1_32361,NA,noncanonical,other,None,chrI,32361,32591,-
orf4971,chr1_32769,NA,noncanonical,other,None,chrI,32769,32900,-
orf144,chr1_33448,YAL061W,canonical,conserved,Uncharacterized,chrI,33448,34701,+
orf4158,chr1_33499,NA,noncanonical,other,None,chrI,33499,33639,-
orf3273,chr1_33632,NA,noncanonical,other,None,chrI,33632,33844,-
orf3272,chr1_34031,NA,noncanonical,denovo,None,chrI,34031,34243,-
orf4156,chr1_34105,NA,noncanonical,other,None,chrI,34105,34476,-
orf1869,chr1_34698,NA,noncanonical,other,None,chrI,34698,34757,+
orf145,chr1_34807,NA,noncanonical,other,None,chrI,34807,34875,+
orf147,chr1_35155,YAL060W,canonical,conserved,Verified,chrI,35155,36303,+
orf4147,chr1_36496,YAL059C-A,noncanonical,other,Dubious,chrI,36496,36918,-
orf974,chr1_36509,YAL059W,canonical,conserved,Verified,chrI,36509,37147,+
orf149,chr1_37159,NA,noncanonical,denovo,None,chrI,37159,37254,+
orf1880,chr1_37464,YAL058W,canonical,conserved,Verified,chrI,37464,38972,+
orf167,chr1_39259,YAL056W,canonical,conserved,Verified,chrI,39259,41901,+
orf1894,chr1_42177,YAL055W,canonical,conserved,Verified,chrI,42177,42719,+
orf3241,chr1_42272,NA,noncanonical,denovo,None,chrI,42272,42538,-
orf4930,chr1_42816,NA,noncanonical,other,None,chrI,42816,42881,-
orf3239,chr1_42881,YAL054C,canonical,conserved,Verified,chrI,42881,45022,-
orf1010,chr1_43730,NA,noncanonical,other,None,chrI,43730,43891,+
orf3237,chr1_45338,NA,noncanonical,denovo,None,chrI,45338,45523,-
orf1019,chr1_45899,YAL053W,canonical,conserved,Verified,chrI,45899,48250,+
orf1922,chr1_48564,YAL051W,canonical,conserved,Verified,chrI,48564,51707,+
orf4895,chr1_51855,YAL049C,canonical,conserved,Verified,chrI,51855,52595,-
orf4066,chr1_52801,YAL048C,canonical,conserved,Verified,chrI,52801,54789,-
orf5078,chr1_5379,NA,noncanonical,other,None,chrI,5379,5609,-
orf1037,chr1_54584,YAL047W-A,noncanonical,other,Dubious,chrI,54584,54913,+
orf3210,chr1_54989,YAL047C,canonical,conserved,Verified,chrI,54989,56857,-
orf3208,chr1_57029,YAL046C,canonical,conserved,Verified,chrI,57029,57385,-
orf1047,chr1_57083,NA,noncanonical,other,None,chrI,57083,57250,+
orf1944,chr1_57138,NA,noncanonical,other,None,chrI,57138,57437,+
orf3207,chr1_57488,YAL045C,noncanonical,denovo,Dubious,chrI,57488,57796,-
orf1050,chr1_57518,YAL044W-A,canonical,conserved,Verified,chrI,57518,57850,+
orf4048,chr1_57898,NA,noncanonical,other,None,chrI,57898,57960,-
orf3205,chr1_57950,YAL044C,canonical,conserved,Verified,chrI,57950,58483,-
orf5076,chr1_5862,NA,noncanonical,other,None,chrI,5862,6002,-
orf4871,chr1_58695,YAL043C,canonical,conserved,Verified,chrI,58695,61052,-
orf4031,chr1_61231,YAL042C-A,noncanonical,other,Dubious,chrI,61231,61608,-
orf1067,chr1_61316,YAL042W,canonical,conserved,Verified,chrI,61316,62563,+
orf1069,chr1_62840,YAL041W,canonical,conserved,Verified,chrI,62840,65404,+
orf4850,chr1_65634,NA,noncanonical,denovo,None,chrI,65634,65705,-
orf4849,chr1_65715,NA,noncanonical,other,None,chrI,65715,65762,-
orf4848,chr1_65778,YAL040C,canonical,conserved,Verified,chrI,65778,67520,-
orf247,chr1_67378,NA,noncanonical,denovo,None,chrI,67378,67668,+
orf4012,chr1_67849,NA,noncanonical,denovo,None,chrI,67849,68070,-
orf4008,chr1_68716,YAL039C,canonical,conserved,Verified,chrI,68716,69525,-
orf1088,chr1_69047,NA,noncanonical,other,None,chrI,69047,69505,+
orf4006,chr1_69952,NA,noncanonical,denovo,None,chrI,69952,70068,-
orf3172,chr1_70040,NA,noncanonical,denovo,None,chrI,70040,70234,-
orf259,chr1_70339,NA,noncanonical,denovo,None,chrI,70339,70434,+
orf1997,chr1_70557,NA,noncanonical,denovo,None,chrI,70557,70682,+
orf261,chr1_70657,NA,noncanonical,denovo,None,chrI,70657,70770,+
orf1095,chr1_71786,YAL038W,canonical,conserved,Verified,chrI,71786,73288,+
orf3372,chr1_7235,YAL067C,canonical,conserved,Verified,chrI,7235,9016,-
orf268,chr1_73357,NA,noncanonical,other,None,chrI,73357,73392,+
orf1097,chr1_73442,NA,noncanonical,denovo,None,chrI,73442,73612,+
orf2012,chr1_73686,NA,noncanonical,denovo,None,chrI,73686,73778,+
orf272,chr1_74020,YAL037W,canonical,conserved,Uncharacterized,chrI,74020,74823,+
orf4827,chr1_74580,NA,noncanonical,denovo,None,chrI,74580,74840,-
orf3982,chr1_75043,YAL036C,canonical,conserved,Verified,chrI,75043,76152,-
orf1109,chr1_76427,YAL035W,canonical,conserved,Verified,chrI,76427,79435,+
orf1111,chr1_79718,YAL034W-A,canonical,conserved,Verified,chrI,79718,80587,+
orf1112,chr1_80606,NA,noncanonical,denovo,None,chrI,80606,80689,+
orf3967,chr1_80710,YAL034C,canonical,conserved,Verified,chrI,80710,82101,-
orf42,chr1_8152,NA,noncanonical,other,None,chrI,8152,8310,+
orf4793,chr1_82353,NA,noncanonical,denovo,None,chrI,82353,82418,-
orf3140,chr1_82430,NA,noncanonical,denovo,None,chrI,82430,82501,-
orf1122,chr1_82706,YAL033W,canonical,conserved,Verified,chrI,82706,83227,+
orf3958,chr1_83335,YAL032C,canonical,conserved,Verified,chrI,83335,84474,-
orf3134,chr1_84749,YAL031C,canonical,conserved,Verified,chrI,84749,87031,-
NA,chr1_87286,YAL030W,canonical,conserved,Verified,chrI,87286,87752,+
orf3128,chr1_87497,NA,noncanonical,other,None,chrI,87497,87730,-
orf4777,chr1_87855,YAL029C,canonical,conserved,Verified,chrI,87855,92270,-
orf1160,chr1_92900,YAL028W,canonical,conserved,Verified,chrI,92900,94486,+
orf335,chr1_94687,YAL027W,canonical,conserved,Verified,chrI,94687,95472,+
orf1782,chr1_9546,NA,noncanonical,denovo,None,chrI,9546,9617,+
orf3074,chr1_95630,YAL026C,canonical,conserved,Verified,chrI,95630,99697,-
orf142321,chr10_101150,YJL170C,canonical,conserved,Verified,chrX,101150,101794,-
orf134926,chr10_102099,YJL169W,noncanonical,denovo,Dubious,chrX,102099,102467,+
orf142320,chr10_102227,YJL168C,canonical,conserved,Verified,chrX,102227,104428,-
orf129148,chr10_104911,NA,noncanonical,other,None,chrX,104911,105036,+
orf132197,chr10_105014,YJL167W,canonical,conserved,Verified,chrX,105014,106072,+
orf134948,chr10_106434,YJL166W,canonical,conserved,Verified,chrX,106434,106718,+
orf139473,chr10_106611,NA,noncanonical,other,None,chrX,106611,106730,-
orf145070,chr10_106894,YJL165C,canonical,conserved,Verified,chrX,106894,109461,-
orf142310,chr10_109811,NA,noncanonical,other,None,chrX,109811,109966,-
orf145068,chr10_109966,YJL164C,canonical,conserved,Verified,chrX,109966,111159,-
orf132220,chr10_111638,NA,noncanonical,other,None,chrX,111638,111757,+
orf139438,chr10_111666,YJL163C,canonical,conserved,Uncharacterized,chrX,111666,113333,-
orf129175,chr10_111721,NA,noncanonical,other,None,chrX,111721,112077,+
orf129180,chr10_112822,NA,noncanonical,other,None,chrX,112822,112983,+
orf134978,chr10_113115,NA,noncanonical,other,None,chrX,113115,113279,+
orf145057,chr10_113878,YJL162C,canonical,conserved,Verified,chrX,113878,115629,-
orf134603,chr10_11475,YJL222W,canonical,conserved,Verified,chrX,11475,16124,+
orf139421,chr10_116106,NA,noncanonical,denovo,None,chrX,116106,116297,-
orf139419,chr10_116886,NA,noncanonical,denovo,None,chrX,116886,116960,-
orf145050,chr10_116968,NA,noncanonical,denovo,None,chrX,116968,117051,-
orf132240,chr10_116999,NA,noncanonical,denovo,None,chrX,116999,117127,+
orf132242,chr10_117245,YJL161W,canonical,conserved,Uncharacterized,chrX,117245,117787,+
orf142279,chr10_117962,YJL160C,canonical,conserved,Uncharacterized,chrX,117962,118825,-
orf132254,chr10_120449,YJL159W,canonical,conserved,Verified,chrX,120449,121690,+
orf142275,chr10_121991,NA,noncanonical,denovo,None,chrX,121991,122089,-
orf139403,chr10_122118,NA,noncanonical,other,None,chrX,122118,122180,-
orf139402,chr10_122265,YJL158C,canonical,conserved,Verified,chrX,122265,122948,-
orf142267,chr10_123836,YJL157C,canonical,conserved,Verified,chrX,123836,126328,-
orf132263,chr10_124154,NA,noncanonical,other,None,chrX,124154,124252,+
orf132269,chr10_125165,NA,noncanonical,denovo,None,chrX,125165,125251,+
orf145000,chr10_126853,YJL156C,canonical,conserved,Verified,chrX,126853,128952,-
orf129241,chr10_128809,NA,noncanonical,other,None,chrX,128809,128934,+
orf139371,chr10_129285,YJL155C,canonical,conserved,Verified,chrX,129285,130643,-
orf142246,chr10_131009,NA,noncanonical,denovo,None,chrX,131009,131074,-
orf144994,chr10_131101,YJL154C,canonical,conserved,Verified,chrX,131101,133935,-
orf144992,chr10_134332,YJL153C,canonical,conserved,Verified,chrX,134332,135999,-
orf144988,chr10_136372,YJL151C,canonical,conserved,Verified,chrX,136372,136773,-
orf135060,chr10_136449,NA,noncanonical,other,None,chrX,136449,136589,+
orf132312,chr10_136586,NA,noncanonical,other,None,chrX,136586,136732,+
orf139329,chr10_136848,NA,noncanonical,denovo,None,chrX,136848,136997,-
orf132313,chr10_137123,YJL150W,noncanonical,other,Dubious,chrX,137123,137425,+
orf135062,chr10_137379,YJL149W,canonical,conserved,Verified,chrX,137379,139370,+
orf139314,chr10_139971,NA,noncanonical,denovo,None,chrX,139971,140072,-
orf129289,chr10_140437,YJL148W,canonical,conserved,Verified,chrX,140437,141138,+
orf132326,chr10_141179,NA,noncanonical,denovo,None,chrX,141179,141229,+
orf142212,chr10_141218,NA,noncanonical,denovo,None,chrX,141218,141382,-
orf142211,chr10_141419,YJL147C,canonical,conserved,Uncharacterized,chrX,141419,142567,-
orf129295,chr10_142744,NA,noncanonical,denovo,None,chrX,142744,142971,+
orf135072,chr10_143292,YJL146W,canonical,conserved,Verified,chrX,143292,144701,+
orf144954,chr10_144742,NA,noncanonical,denovo,None,chrX,144742,144801,-
orf129307,chr10_144850,NA,noncanonical,denovo,None,chrX,144850,144900,+
orf132340,chr10_145160,YJL145W,canonical,conserved,Verified,chrX,145160,146044,+
orf129312,chr10_146359,YJL144W,canonical,conserved,Verified,chrX,146359,146673,+
orf142197,chr10_146714,NA,noncanonical,denovo,None,chrX,146714,146914,-
orf132345,chr10_147101,YJL143W,canonical,conserved,Verified,chrX,147101,147577,+
orf144944,chr10_147112,NA,noncanonical,other,None,chrX,147112,147378,-
orf132346,chr10_147593,NA,noncanonical,denovo,None,chrX,147593,147670,+
orf129317,chr10_147736,NA,noncanonical,denovo,None,chrX,147736,147930,+
orf144942,chr10_147967,YJL141C,canonical,conserved,Verified,chrX,147967,150390,-
orf144940,chr10_150460,NA,noncanonical,denovo,None,chrX,150460,150564,-
orf129326,chr10_150961,YJL140W,canonical,conserved,Verified,chrX,150961,151626,+
orf139269,chr10_151713,YJL139C,canonical,conserved,Verified,chrX,151713,152999,-
orf139266,chr10_153384,NA,noncanonical,other,None,chrX,153384,153446,-
orf139265,chr10_153504,YJL138C,canonical,conserved,Verified,chrX,153504,154691,-
orf139264,chr10_154923,NA,noncanonical,other,None,chrX,154923,154985,-
orf142162,chr10_154985,YJL137C,canonical,conserved,Verified,chrX,154985,156127,-
NA,chr10_156550,YJL136C,canonical,conserved,Verified,chrX,156550,157273,-
orf132396,chr10_157877,YJL135W,noncanonical,other,Dubious,chrX,157877,158194,+
orf129363,chr10_158188,YJL134W,canonical,conserved,Verified,chrX,158188,159417,+
orf142146,chr10_159479,NA,noncanonical,denovo,None,chrX,159479,159583,-
orf142145,chr10_159623,YJL133C-A,canonical,conserved,Uncharacterized,chrX,159623,159847,-
orf139245,chr10_160275,NA,noncanonical,denovo,None,chrX,160275,160472,-
orf132408,chr10_160619,YJL133W,canonical,conserved,Verified,chrX,160619,161563,+
orf135136,chr10_161616,NA,noncanonical,denovo,None,chrX,161616,161756,+
orf129376,chr10_161914,YJL132W,canonical,conserved,Uncharacterized,chrX,161914,164166,+
orf144882,chr10_164278,YJL131C,canonical,conserved,Verified,chrX,164278,165348,-
orf139213,chr10_165723,YJL130C,canonical,conserved,Verified,chrX,165723,172367,-
orf139211,chr10_172638,NA,noncanonical,denovo,None,chrX,172638,172718,-
orf132474,chr10_173114,NA,noncanonical,denovo,None,chrX,173114,173413,+
orf144863,chr10_173599,YJL129C,canonical,conserved,Verified,chrX,173599,177306,-
orf142064,chr10_177518,NA,noncanonical,denovo,None,chrX,177518,177595,-
orf144862,chr10_177553,NA,noncanonical,denovo,None,chrX,177553,177849,-
orf139189,chr10_177945,NA,noncanonical,denovo,None,chrX,177945,178019,-
orf142061,chr10_178097,YJL128C,canonical,conserved,Verified,chrX,178097,180103,-
orf142059,chr10_181079,NA,noncanonical,denovo,None,chrX,181079,181183,-
orf135208,chr10_181446,NA,noncanonical,denovo,None,chrX,181446,181580,+
orf139179,chr10_181551,YJL127C-B,canonical,conserved,Uncharacterized,chrX,181551,181709,-
orf139177,chr10_182298,YJL127C,canonical,conserved,Verified,chrX,182298,184220,-
orf129466,chr10_184501,YJL126W,canonical,conserved,Verified,chrX,184501,185424,+
orf142027,chr10_185528,YJL125C,canonical,conserved,Verified,chrX,185528,186679,-
orf129478,chr10_187099,NA,noncanonical,other,None,chrX,187099,187311,+
orf144817,chr10_187126,YJL124C,canonical,conserved,Verified,chrX,187126,187644,-
orf144816,chr10_187828,NA,noncanonical,denovo,None,chrX,187828,187971,-
orf139162,chr10_188004,YJL123C,canonical,conserved,Verified,chrX,188004,189440,-
orf132546,chr10_189716,YJL122W,canonical,conserved,Verified,chrX,189716,190243,+
orf135249,chr10_190275,NA,noncanonical,denovo,None,chrX,190275,190382,+
orf139158,chr10_190374,YJL121C,canonical,conserved,Verified,chrX,190374,191090,-
orf144803,chr10_191572,YJL119C,noncanonical,denovo,Dubious,chrX,191572,191895,-
orf132550,chr10_191639,YJL118W,canonical,conserved,Verified,chrX,191639,192298,+
orf142004,chr10_191924,NA,noncanonical,other,None,chrX,191924,192109,-
orf132551,chr10_192353,NA,noncanonical,denovo,None,chrX,192353,192517,+
orf135259,chr10_192531,YJL117W,canonical,conserved,Verified,chrX,192531,193466,+
orf132555,chr10_193586,NA,noncanonical,denovo,None,chrX,193586,193621,+
orf139146,chr10_193716,NA,noncanonical,denovo,None,chrX,193716,193835,-
orf139145,chr10_193860,YJL116C,canonical,conserved,Verified,chrX,193860,194873,-
orf135262,chr10_194901,NA,noncanonical,other,None,chrX,194901,194981,+
orf134615,chr10_19497,YJL219W,canonical,conserved,Verified,chrX,19497,21200,+
orf144785,chr10_195394,NA,noncanonical,other,None,chrX,195394,195549,-
orf129515,chr10_195934,NA,noncanonical,other,None,chrX,195934,196038,+
orf135266,chr10_196287,YJL115W,canonical,conserved,Verified,chrX,196287,197126,+
orf132574,chr10_197915,YJL114W,canonical,conserved,transposable_element_gene,chrX,197915,198595,+
orf129542,chr10_205120,NA,noncanonical,other,None,chrX,205120,205218,+
orf135299,chr10_205305,YJL112W,canonical,conserved,Verified,chrX,205305,207449,+
orf129568,chr10_207877,YJL111W,canonical,conserved,Verified,chrX,207877,209529,+
orf135305,chr10_209547,NA,noncanonical,denovo,None,chrX,209547,209621,+
orf139092,chr10_209922,YJL110C,canonical,conserved,Verified,chrX,209922,211577,-
orf141918,chr10_212000,YJL109C,canonical,conserved,Verified,chrX,212000,217309,-
orf135315,chr10_212112,NA,noncanonical,other,None,chrX,212112,212351,+
orf144673,chr10_217705,YJL108C,canonical,conserved,Verified,chrX,217705,218856,-
orf139074,chr10_218853,YJL107C,canonical,conserved,Uncharacterized,chrX,218853,220016,-
orf129605,chr10_219631,NA,noncanonical,other,None,chrX,219631,219948,+
orf128881,chr10_21973,YJL218W,canonical,conserved,Uncharacterized,chrX,21973,22563,+
orf132689,chr10_220607,NA,noncanonical,denovo,None,chrX,220607,220699,+
orf129608,chr10_220693,NA,noncanonical,denovo,None,chrX,220693,220761,+
orf135353,chr10_220833,NA,noncanonical,denovo,None,chrX,220833,220901,+
orf132692,chr10_221390,YJL106W,canonical,conserved,Verified,chrX,221390,223327,+
orf135375,chr10_224712,NA,noncanonical,denovo,None,chrX,224712,224912,+
orf129622,chr10_225055,YJL105W,canonical,conserved,Verified,chrX,225055,226737,+
orf139040,chr10_226272,NA,noncanonical,other,None,chrX,226272,226667,-
orf141868,chr10_226706,NA,noncanonical,denovo,None,chrX,226706,226843,-
orf139036,chr10_226986,NA,noncanonical,denovo,None,chrX,226986,227054,-
orf132712,chr10_227327,YJL104W,canonical,conserved,Verified,chrX,227327,227776,+
orf139031,chr10_227583,NA,noncanonical,denovo,None,chrX,227583,227795,-
orf135383,chr10_228066,NA,noncanonical,other,None,chrX,228066,228182,+
orf141862,chr10_228845,NA,noncanonical,denovo,None,chrX,228845,228985,-
orf141861,chr10_229025,YJL103C,canonical,conserved,Verified,chrX,229025,230881,-
orf135387,chr10_229434,NA,noncanonical,denovo,None,chrX,229434,229727,+
orf129644,chr10_231301,YJL102W,canonical,conserved,Verified,chrX,231301,233760,+
orf134622,chr10_23133,YJL217W,canonical,conserved,Verified,chrX,23133,23729,+
orf139015,chr10_234261,NA,noncanonical,other,None,chrX,234261,234326,-
orf141851,chr10_234320,YJL101C,canonical,conserved,Verified,chrX,234320,236356,-
orf132769,chr10_236912,NA,noncanonical,denovo,None,chrX,236912,237010,+
orf132770,chr10_237263,YJL100W,canonical,conserved,Verified,chrX,237263,239086,+
orf131825,chr10_23816,NA,noncanonical,other,None,chrX,23816,23929,+
orf132771,chr10_239414,YJL099W,canonical,conserved,Verified,chrX,239414,241654,+
orf135443,chr10_241815,NA,noncanonical,denovo,None,chrX,241815,241904,+
orf135445,chr10_242082,YJL098W,canonical,conserved,Verified,chrX,242082,245258,+
orf142580,chr10_24341,YJL216C,canonical,conserved,Verified,chrX,24341,26086,-
orf132777,chr10_245591,YJL097W,canonical,conserved,Verified,chrX,245591,246244,+
orf129702,chr10_246301,YJL096W,canonical,conserved,Verified,chrX,246301,246975,+
orf129704,chr10_247255,YJL095W,canonical,conserved,Verified,chrX,247255,251691,+
orf144534,chr10_251821,YJL094C,canonical,conserved,Verified,chrX,251821,254442,-
orf141767,chr10_254621,NA,noncanonical,denovo,None,chrX,254621,254686,-
orf144532,chr10_254737,YJL093C,canonical,conserved,Verified,chrX,254737,256812,-
orf132840,chr10_257423,YJL092W,canonical,conserved,Verified,chrX,257423,260947,+
orf135520,chr10_261057,NA,noncanonical,other,None,chrX,261057,261290,+
orf141741,chr10_261080,YJL091C,canonical,conserved,Verified,chrX,261080,262576,-
orf141738,chr10_262757,YJL090C,canonical,conserved,Verified,chrX,262757,265051,-
orf135546,chr10_265926,YJL089W,canonical,conserved,Verified,chrX,265926,268415,+
orf132862,chr10_268493,YJL088W,canonical,conserved,Verified,chrX,268493,269815,+
orf128901,chr10_26887,YJL214W,canonical,conserved,Verified,chrX,26887,28596,+
orf141722,chr10_270002,YJL087C,canonical,conserved,Verified,chrX,270002,272485,-
orf129788,chr10_272827,YJL085W,canonical,conserved,Verified,chrX,272827,274698,+
orf141709,chr10_274862,YJL084C,canonical,conserved,Verified,chrX,274862,278002,-
orf135590,chr10_278841,YJL083W,canonical,conserved,Verified,chrX,278841,280655,+
orf129821,chr10_280879,NA,noncanonical,denovo,None,chrX,280879,281088,+
orf129822,chr10_281185,YJL082W,canonical,conserved,Verified,chrX,281185,283380,+
orf135599,chr10_283566,NA,noncanonical,denovo,None,chrX,283566,283730,+
orf141683,chr10_283802,YJL081C,canonical,conserved,Verified,chrX,283802,285271,-
orf131845,chr10_28466,NA,noncanonical,other,None,chrX,28466,28663,+
orf138845,chr10_285558,YJL080C,canonical,conserved,Verified,chrX,285558,289226,-
orf138844,chr10_289401,NA,noncanonical,denovo,None,chrX,289401,289619,-
orf138843,chr10_289686,NA,noncanonical,denovo,None,chrX,289686,289826,-
orf138842,chr10_289875,YJL079C,canonical,conserved,Verified,chrX,289875,290774,-
orf132960,chr10_290138,NA,noncanonical,other,None,chrX,290138,290329,+
orf138841,chr10_291336,YJL078C,canonical,conserved,Verified,chrX,291336,293981,-
orf129868,chr10_293338,NA,noncanonical,other,None,chrX,293338,293535,+
orf132982,chr10_294047,YJL077W-B,canonical,other,Uncharacterized,chrX,294047,294145,+
orf129870,chr10_294142,NA,noncanonical,other,None,chrX,294142,294294,+
orf132983,chr10_294314,NA,noncanonical,denovo,None,chrX,294314,294367,+
orf132984,chr10_294467,NA,noncanonical,denovo,None,chrX,294467,294511,+
orf138838,chr10_294666,YJL077C,canonical,denovo,Verified,chrX,294666,295061,-
orf129871,chr10_294799,YJL077W-A,canonical,denovo,Uncharacterized,chrX,294799,294885,+
orf135632,chr10_295245,YJL076W,canonical,conserved,Verified,chrX,295245,298814,+
orf138830,chr10_299157,YJL074C,canonical,conserved,Verified,chrX,299157,302849,-
orf129911,chr10_303040,YJL073W,canonical,conserved,Verified,chrX,303040,305118,+
orf144354,chr10_305143,NA,noncanonical,other,None,chrX,305143,305181,-
orf144353,chr10_305221,YJL072C,canonical,conserved,Verified,chrX,305221,305862,-
orf142562,chr10_30527,NA,noncanonical,other,None,chrX,30527,30652,-
orf133013,chr10_305666,NA,noncanonical,denovo,None,chrX,305666,305872,+
orf135647,chr10_306132,YJL071W,canonical,conserved,Verified,chrX,306132,307856,+
orf138804,chr10_307971,YJL070C,canonical,conserved,Uncharacterized,chrX,307971,310637,-
orf141548,chr10_310922,YJL069C,canonical,conserved,Verified,chrX,310922,312706,-
orf141545,chr10_313016,YJL068C,canonical,conserved,Verified,chrX,313016,313915,-
orf133044,chr10_314084,YJL067W,noncanonical,other,Dubious,chrX,314084,314434,+
orf141543,chr10_314114,YJL066C,canonical,conserved,Verified,chrX,314114,314872,-
orf139792,chr10_31485,NA,noncanonical,denovo,None,chrX,31485,31607,-
orf138792,chr10_315054,YJL065C,canonical,conserved,Verified,chrX,315054,315557,-
orf138789,chr10_315759,YJL063C,canonical,conserved,Verified,chrX,315759,316475,-
orf129969,chr10_316723,YJL062W-A,canonical,conserved,Verified,chrX,316723,316980,+
orf133049,chr10_317078,NA,noncanonical,denovo,None,chrX,317078,317179,+
orf129970,chr10_317284,YJL062W,canonical,conserved,Verified,chrX,317284,319776,+
orf134656,chr10_31833,NA,noncanonical,other,None,chrX,31833,31901,+
orf135693,chr10_320016,YJL061W,canonical,conserved,Verified,chrX,320016,322157,+
orf134657,chr10_32163,YJL213W,canonical,conserved,Verified,chrX,32163,33158,+
orf135696,chr10_322521,NA,noncanonical,denovo,None,chrX,322521,322757,+
orf141506,chr10_322805,NA,noncanonical,denovo,None,chrX,322805,322930,-
orf130000,chr10_323386,YJL060W,canonical,conserved,Verified,chrX,323386,324720,+
orf130004,chr10_324964,YJL059W,canonical,conserved,Verified,chrX,324964,326190,+
orf144282,chr10_326242,YJL058C,canonical,conserved,Verified,chrX,326242,327873,-
orf133103,chr10_327875,NA,noncanonical,denovo,None,chrX,327875,327979,+
orf141483,chr10_328118,YJL057C,canonical,conserved,Verified,chrX,328118,330121,-
orf141480,chr10_330431,YJL056C,canonical,conserved,Verified,chrX,330431,333073,-
orf135730,chr10_333357,YJL055W,canonical,conserved,Verified,chrX,333357,334094,+
orf138714,chr10_333579,NA,noncanonical,other,None,chrX,333579,333863,-
orf133135,chr10_334265,YJL054W,canonical,conserved,Verified,chrX,334265,335701,+
orf135741,chr10_335715,NA,noncanonical,denovo,None,chrX,335715,335795,+
orf135743,chr10_335898,YJL053W,canonical,conserved,Verified,chrX,335898,337037,+
orf135744,chr10_337065,NA,noncanonical,denovo,None,chrX,337065,337121,+
orf130054,chr10_337621,NA,noncanonical,denovo,None,chrX,337621,337887,+
orf130055,chr10_338002,NA,noncanonical,denovo,None,chrX,338002,338127,+
orf135748,chr10_338271,YJL052W,canonical,conserved,Verified,chrX,338271,339269,+
orf145311,chr10_33850,YJL212C,canonical,conserved,Verified,chrX,33850,36249,-
orf144220,chr10_339187,NA,noncanonical,denovo,None,chrX,339187,339315,-
orf130064,chr10_339787,YJL051W,canonical,conserved,Verified,chrX,339787,342255,+
orf138691,chr10_341448,NA,noncanonical,other,None,chrX,341448,341567,-
orf144209,chr10_341764,NA,noncanonical,denovo,None,chrX,341764,341895,-
orf135755,chr10_342522,YJL050W,canonical,conserved,Verified,chrX,342522,345743,+
orf130093,chr10_345973,YJL049W,canonical,conserved,Uncharacterized,chrX,345973,347325,+
orf141423,chr10_347300,NA,noncanonical,denovo,None,chrX,347300,347446,-
orf141422,chr10_347447,YJL048C,canonical,conserved,Verified,chrX,347447,348637,-
orf138671,chr10_348600,NA,noncanonical,other,None,chrX,348600,348731,-
orf141421,chr10_348716,NA,noncanonical,other,None,chrX,348716,348781,-
orf141420,chr10_348800,NA,noncanonical,other,None,chrX,348800,348871,-
orf135764,chr10_348951,NA,noncanonical,denovo,None,chrX,348951,349139,+
orf138670,chr10_349044,YJL047C-A,canonical,other,Uncharacterized,chrX,349044,349340,-
orf135765,chr10_349188,NA,noncanonical,other,None,chrX,349188,349295,+
orf133189,chr10_349442,NA,noncanonical,other,None,chrX,349442,349555,+
orf141417,chr10_349580,YJL047C,canonical,conserved,Verified,chrX,349580,352108,-
orf144160,chr10_352105,NA,noncanonical,other,None,chrX,352105,352227,-
orf135775,chr10_352260,YJL046W,canonical,conserved,Verified,chrX,352260,353615,+
orf130125,chr10_354649,NA,noncanonical,other,None,chrX,354649,354756,+
orf133208,chr10_356024,YJL045W,canonical,conserved,Verified,chrX,356024,357928,+
orf141393,chr10_357944,NA,noncanonical,denovo,None,chrX,357944,358030,-
orf138638,chr10_358095,NA,noncanonical,denovo,None,chrX,358095,358181,-
orf144130,chr10_358300,YJL044C,canonical,conserved,Verified,chrX,358300,359676,-
orf130144,chr10_360130,YJL043W,canonical,conserved,Uncharacterized,chrX,360130,360903,+
orf135802,chr10_360897,NA,noncanonical,other,None,chrX,360897,361139,+
orf130147,chr10_361165,NA,noncanonical,denovo,None,chrX,361165,361233,+
orf130148,chr10_361249,YJL042W,canonical,conserved,Verified,chrX,361249,365445,+
orf145310,chr10_36280,NA,noncanonical,denovo,None,chrX,36280,36411,-
NA,chr10_365784,YJL041W,canonical,conserved,Verified,chrX,365784,368373,+
orf139771,chr10_36717,NA,noncanonical,other,None,chrX,36717,36863,-
orf145308,chr10_36757,YJL211C,noncanonical,other,Dubious,chrX,36757,37200,-
orf130153,chr10_368455,NA,noncanonical,denovo,None,chrX,368455,368490,+
orf138595,chr10_368748,YJL039C,canonical,conserved,Verified,chrX,368748,373799,-
orf128934,chr10_36919,YJL210W,canonical,conserved,Verified,chrX,36919,37734,+
orf144087,chr10_375115,YJL038C,canonical,conserved,Verified,chrX,375115,375774,-
orf135836,chr10_375429,NA,noncanonical,other,None,chrX,375429,375560,+
orf130176,chr10_375565,NA,noncanonical,other,None,chrX,375565,375672,+
orf141314,chr10_375980,NA,noncanonical,denovo,None,chrX,375980,376129,-
orf135840,chr10_376662,YJL037W,canonical,conserved,Verified,chrX,376662,377336,+
orf141312,chr10_376799,NA,noncanonical,other,None,chrX,376799,377314,-
orf133285,chr10_377261,NA,noncanonical,other,None,chrX,377261,377416,+
orf135846,chr10_378825,YJL036W,canonical,conserved,Verified,chrX,378825,380096,+
orf128936,chr10_38005,YJL209W,canonical,conserved,Verified,chrX,38005,39969,+
orf141300,chr10_380249,YJL035C,canonical,conserved,Verified,chrX,380249,381001,-
orf133297,chr10_380909,NA,noncanonical,other,None,chrX,380909,381058,+
orf130202,chr10_381094,NA,noncanonical,other,None,chrX,381094,381198,+
orf135851,chr10_381327,YJL034W,canonical,conserved,Verified,chrX,381327,383375,+
orf133300,chr10_383837,YJL033W,canonical,conserved,Verified,chrX,383837,386149,+
orf141278,chr10_386246,NA,noncanonical,other,None,chrX,386246,386368,-
NA,chr10_386368,YJL031C,canonical,conserved,Verified,chrX,386368,387438,-
orf135880,chr10_387657,YJL030W,canonical,conserved,Verified,chrX,387657,388247,+
orf133312,chr10_388328,NA,noncanonical,other,None,chrX,388328,388366,+
orf141269,chr10_388385,YJL029C,canonical,conserved,Verified,chrX,388385,390853,-
orf135897,chr10_391311,YJL028W,canonical,other,Verified,chrX,391311,391646,+
orf138520,chr10_391833,YJL027C,canonical,denovo,Uncharacterized,chrX,391833,392249,-
orf138519,chr10_392352,NA,noncanonical,other,None,chrX,392352,392531,-
orf130250,chr10_392404,YJL026W,canonical,conserved,Verified,chrX,392404,393603,+
orf144019,chr10_392524,NA,noncanonical,other,None,chrX,392524,392763,-
orf130253,chr10_393967,YJL025W,canonical,conserved,Verified,chrX,393967,395511,+
orf141253,chr10_395696,NA,noncanonical,other,None,chrX,395696,395737,-
NA,chr10_395931,YJL024C,canonical,conserved,Verified,chrX,395931,396592,-
orf130256,chr10_396091,NA,noncanonical,other,None,chrX,396091,396243,+
orf141243,chr10_397355,YJL023C,canonical,conserved,Verified,chrX,397355,398398,-
orf135914,chr10_398616,NA,noncanonical,other,None,chrX,398616,398696,+
orf138498,chr10_398937,YJL020C,canonical,conserved,Verified,chrX,398937,402410,-
orf139755,chr10_40194,YJL208C,canonical,conserved,Verified,chrX,40194,41183,-
orf135936,chr10_402897,YJL019W,canonical,conserved,Verified,chrX,402897,404945,+
orf130290,chr10_405109,NA,noncanonical,denovo,None,chrX,405109,405177,+
orf133365,chr10_405254,NA,noncanonical,denovo,None,chrX,405254,405289,+
orf135939,chr10_405588,YJL016W,canonical,conserved,Uncharacterized,chrX,405588,407273,+
orf133367,chr10_407558,YJL014W,canonical,conserved,Verified,chrX,407558,409162,+
orf130306,chr10_409243,NA,noncanonical,denovo,None,chrX,409243,409398,+
orf141183,chr10_409493,YJL013C,canonical,conserved,Verified,chrX,409493,411040,-
orf138471,chr10_411234,YJL012C,canonical,conserved,Verified,chrX,411234,413399,-
orf145292,chr10_41224,NA,noncanonical,denovo,None,chrX,41224,41307,-
orf145291,chr10_41389,YJL207C,canonical,conserved,Verified,chrX,41389,47433,-
orf138468,chr10_414285,YJL011C,canonical,conserved,Verified,chrX,414285,414770,-
orf138455,chr10_417129,NA,noncanonical,other,None,chrX,417129,417236,-
orf143918,chr10_417562,YJL010C,canonical,conserved,Verified,chrX,417562,419562,-
orf143916,chr10_419782,NA,noncanonical,other,None,chrX,419782,419856,-
orf133413,chr10_419855,YJL009W,noncanonical,other,Dubious,chrX,419855,420181,+
orf141137,chr10_419957,YJL008C,canonical,conserved,Verified,chrX,419957,421663,-
orf130351,chr10_422023,NA,noncanonical,other,None,chrX,422023,422292,+
orf136006,chr10_422289,NA,noncanonical,other,None,chrX,422289,422330,+
orf138425,chr10_423138,YJL006C,canonical,conserved,Verified,chrX,423138,424109,-
orf136017,chr10_425157,YJL005W,canonical,conserved,Verified,chrX,425157,431237,+
orf130412,chr10_431254,NA,noncanonical,denovo,None,chrX,431254,431349,+
orf143867,chr10_431407,NA,noncanonical,other,None,chrX,431407,431592,-
orf138395,chr10_431589,YJL004C,canonical,conserved,Verified,chrX,431589,432200,-
orf143863,chr10_432298,NA,noncanonical,denovo,None,chrX,432298,432351,-
orf133448,chr10_432644,YJL003W,canonical,conserved,Verified,chrX,432644,433000,+
orf136027,chr10_432978,NA,noncanonical,other,None,chrX,432978,433049,+
orf136028,chr10_433062,NA,noncanonical,denovo,None,chrX,433062,433151,+
orf130418,chr10_433108,NA,noncanonical,denovo,None,chrX,433108,433218,+
orf138392,chr10_433221,YJL002C,canonical,conserved,Verified,chrX,433221,434651,-
orf141075,chr10_434717,NA,noncanonical,denovo,None,chrX,434717,434881,-
orf136032,chr10_434967,NA,noncanonical,denovo,None,chrX,434967,435095,+
NA,chr10_435163,YJL001W,canonical,conserved,Verified,chrX,435163,435926,+
orf133458,chr10_436802,YJR001W,canonical,conserved,Verified,chrX,436802,438610,+
orf136050,chr10_438672,NA,noncanonical,denovo,None,chrX,438672,438794,+
orf130433,chr10_438865,YJR002W,canonical,conserved,Verified,chrX,438865,440646,+
orf138366,chr10_440994,YJR003C,canonical,conserved,Uncharacterized,chrX,440994,442613,-
orf141043,chr10_442694,NA,noncanonical,denovo,None,chrX,442694,442813,-
orf143831,chr10_442909,YJR004C,canonical,conserved,Verified,chrX,442909,444861,-
orf136068,chr10_443253,NA,noncanonical,denovo,None,chrX,443253,443405,+
orf143827,chr10_445390,NA,noncanonical,denovo,None,chrX,445390,445437,-
orf136081,chr10_445923,YJR005W,canonical,conserved,Verified,chrX,445923,448025,+
orf136082,chr10_448032,NA,noncanonical,denovo,None,chrX,448032,448070,+
orf141020,chr10_448241,NA,noncanonical,denovo,None,chrX,448241,448312,-
orf138341,chr10_448341,NA,noncanonical,denovo,None,chrX,448341,448475,-
orf143810,chr10_448477,YJR005C-A,canonical,conserved,Verified,chrX,448477,448758,-
orf136088,chr10_449202,YJR006W,canonical,conserved,Verified,chrX,449202,450665,+
orf136090,chr10_451020,YJR007W,canonical,conserved,Verified,chrX,451020,451934,+
orf130489,chr10_452317,NA,noncanonical,denovo,None,chrX,452317,452367,+
orf136092,chr10_452430,YJR008W,canonical,conserved,Verified,chrX,452430,453446,+
orf140997,chr10_453152,NA,noncanonical,other,None,chrX,453152,453349,-
orf133512,chr10_453446,NA,noncanonical,other,None,chrX,453446,453565,+
orf140995,chr10_453593,NA,noncanonical,other,None,chrX,453593,453631,-
orf140994,chr10_453683,YJR009C,canonical,conserved,Verified,chrX,453683,454681,-
orf133524,chr10_456239,YJR010W,canonical,conserved,Verified,chrX,456239,457774,+
orf143761,chr10_458077,YJR010C-A,canonical,conserved,Verified,chrX,458077,458361,-
orf143759,chr10_458641,YJR011C,canonical,conserved,Uncharacterized,chrX,458641,459426,-
orf133532,chr10_459641,NA,noncanonical,other,None,chrX,459641,459703,+
orf138295,chr10_459795,YJR012C,canonical,conserved,Uncharacterized,chrX,459795,460418,-
orf133536,chr10_460382,YJR013W,canonical,conserved,Verified,chrX,460382,461593,+
orf143756,chr10_460621,NA,noncanonical,other,None,chrX,460621,460896,-
orf138293,chr10_460974,NA,noncanonical,other,None,chrX,460974,461345,-
orf136129,chr10_461829,YJR014W,canonical,conserved,Verified,chrX,461829,462425,+
orf130537,chr10_462721,YJR015W,canonical,conserved,Uncharacterized,chrX,462721,464253,+
orf138277,chr10_464451,YJR016C,canonical,conserved,Verified,chrX,464451,466208,-
NA,chr10_466,YJL225C,canonical,conserved,Uncharacterized,chrX,466,6130,-
orf138274,chr10_466521,YJR017C,canonical,conserved,Verified,chrX,466521,467093,-
orf130549,chr10_466786,YJR018W,noncanonical,other,Dubious,chrX,466786,467148,+
orf138273,chr10_467232,YJR019C,canonical,conserved,Verified,chrX,467232,468281,-
NA,chr10_468555,YJR021C,canonical,conserved,Verified,chrX,468555,469579,-
orf133567,chr10_469727,YJR022W,canonical,conserved,Verified,chrX,469727,470113,+
orf143733,chr10_469804,YJR023C,noncanonical,denovo,Dubious,chrX,469804,470205,-
orf143732,chr10_470230,YJR024C,canonical,conserved,Verified,chrX,470230,470964,-
orf138259,chr10_471138,YJR025C,canonical,conserved,Verified,chrX,471138,471671,-
orf133574,chr10_471185,NA,noncanonical,other,None,chrX,471185,471424,+
orf136159,chr10_472266,NA,noncanonical,denovo,None,chrX,472266,472454,+
orf145290,chr10_47659,YJL206C,canonical,conserved,Uncharacterized,chrX,47659,49935,-
orf136175,chr10_478344,YJR028W,canonical,conserved,transposable_element_gene,chrX,478344,479666,+
orf140860,chr10_483959,YJR030C,canonical,conserved,Uncharacterized,chrX,483959,486196,-
orf143650,chr10_486586,YJR031C,canonical,conserved,Verified,chrX,486586,490812,-
orf133657,chr10_491081,YJR032W,canonical,conserved,Verified,chrX,491081,492262,+
orf138158,chr10_492378,YJR033C,canonical,conserved,Verified,chrX,492378,496451,-
orf136252,chr10_496683,YJR034W,canonical,conserved,Verified,chrX,496683,497009,+
orf136255,chr10_497355,YJR035W,canonical,conserved,Verified,chrX,497355,500612,+
orf145289,chr10_49936,NA,noncanonical,denovo,None,chrX,49936,50007,-
orf143607,chr10_500713,YJR036C,canonical,conserved,Verified,chrX,500713,503391,-
NA,chr10_50139,YJL205C,canonical,conserved,Verified,chrX,50139,50443,-
orf140791,chr10_503405,NA,noncanonical,denovo,None,chrX,503405,503500,-
orf136272,chr10_503874,NA,noncanonical,other,None,chrX,503874,503960,+
orf133699,chr10_503936,YJR039W,canonical,conserved,Uncharacterized,chrX,503936,507301,+
orf145284,chr10_50629,YJL204C,canonical,conserved,Verified,chrX,50629,53151,-
orf133701,chr10_507746,YJR040W,canonical,conserved,Verified,chrX,507746,510085,+
orf140767,chr10_510239,YJR041C,canonical,conserved,Verified,chrX,510239,513763,-
orf133724,chr10_514055,YJR042W,canonical,conserved,Verified,chrX,514055,516289,+
orf140762,chr10_516461,YJR043C,canonical,conserved,Verified,chrX,516461,517513,-
orf143529,chr10_518626,NA,noncanonical,denovo,None,chrX,518626,518688,-
orf136364,chr10_518745,NA,noncanonical,other,None,chrX,518745,518975,+
orf138054,chr10_518763,YJR044C,canonical,conserved,Verified,chrX,518763,519185,-
orf138051,chr10_519534,NA,noncanonical,denovo,None,chrX,519534,519587,-
orf140753,chr10_519638,YJR045C,canonical,conserved,Verified,chrX,519638,521602,-
orf136377,chr10_522048,YJR046W,canonical,conserved,Verified,chrX,522048,523862,+
orf143506,chr10_524908,YJR047C,canonical,conserved,Verified,chrX,524908,525381,-
orf136385,chr10_526194,NA,noncanonical,denovo,None,chrX,526194,526244,+
orf136386,chr10_526335,YJR048W,canonical,conserved,Verified,chrX,526335,526664,+
orf136387,chr10_526704,NA,noncanonical,denovo,None,chrX,526704,526781,+
orf138031,chr10_526884,YJR049C,canonical,conserved,Verified,chrX,526884,528476,-
orf133766,chr10_528257,NA,noncanonical,denovo,None,chrX,528257,528550,+
orf130806,chr10_528697,YJR050W,canonical,conserved,Verified,chrX,528697,529404,+
orf133776,chr10_529388,NA,noncanonical,other,None,chrX,529388,529504,+
orf136402,chr10_529644,NA,noncanonical,other,None,chrX,529644,529736,+
orf130810,chr10_529861,YJR051W,canonical,conserved,Verified,chrX,529861,531366,+
orf136407,chr10_532062,YJR052W,canonical,conserved,Verified,chrX,532062,533759,+
orf128976,chr10_53341,YJL203W,canonical,conserved,Verified,chrX,53341,54183,+
orf136409,chr10_534027,YJR053W,canonical,conserved,Verified,chrX,534027,535751,+
orf133799,chr10_535928,NA,noncanonical,denovo,None,chrX,535928,536032,+
orf130851,chr10_536056,YJR054W,canonical,conserved,Verified,chrX,536056,537549,+
orf137989,chr10_538377,NA,noncanonical,other,None,chrX,538377,538448,-
orf133818,chr10_538772,YJR055W,canonical,conserved,Verified,chrX,538772,539266,+
orf140674,chr10_540176,NA,noncanonical,denovo,None,chrX,540176,540289,-
orf137983,chr10_540291,NA,noncanonical,other,None,chrX,540291,540374,-
orf143437,chr10_541792,YJR056C,canonical,conserved,Verified,chrX,541792,542502,-
orf136446,chr10_543267,NA,noncanonical,other,None,chrX,543267,543437,+
orf140664,chr10_543722,NA,noncanonical,other,None,chrX,543722,543832,-
orf128979,chr10_54379,YJL201W,canonical,conserved,Verified,chrX,54379,56178,+
orf136450,chr10_544062,YJR057W,canonical,conserved,Verified,chrX,544062,544712,+
orf143430,chr10_544732,YJR058C,canonical,conserved,Verified,chrX,544732,545175,-
orf130888,chr10_545029,NA,noncanonical,denovo,None,chrX,545029,545274,+
orf136455,chr10_545787,YJR059W,canonical,conserved,Verified,chrX,545787,548243,+
orf133848,chr10_548759,YJR060W,canonical,conserved,Verified,chrX,548759,549814,+
orf133850,chr10_550511,YJR061W,canonical,conserved,Uncharacterized,chrX,550511,553318,+
orf143401,chr10_552544,NA,noncanonical,other,None,chrX,552544,552858,-
orf137930,chr10_553386,NA,noncanonical,other,None,chrX,553386,553421,-
orf137929,chr10_553476,YJR062C,canonical,conserved,Verified,chrX,553476,554849,-
orf136502,chr10_555195,YJR063W,canonical,conserved,Verified,chrX,555195,555572,+
orf133862,chr10_555914,YJR064W,canonical,conserved,Verified,chrX,555914,557602,+
orf137916,chr10_557667,NA,noncanonical,denovo,None,chrX,557667,557798,-
orf143377,chr10_557809,YJR065C,canonical,conserved,Verified,chrX,557809,559158,-
orf136525,chr10_559416,YJR066W,canonical,conserved,Verified,chrX,559416,566828,+
orf142484,chr10_56444,YJL200C,canonical,conserved,Verified,chrX,56444,58813,-
orf143330,chr10_567019,YJR067C,canonical,conserved,Verified,chrX,567019,567444,-
orf130998,chr10_567643,YJR068W,canonical,conserved,Verified,chrX,567643,568704,+
orf140566,chr10_568718,NA,noncanonical,denovo,None,chrX,568718,568777,-
orf137863,chr10_568806,YJR069C,canonical,conserved,Verified,chrX,568806,569399,-
orf140559,chr10_569621,YJR070C,canonical,conserved,Verified,chrX,569621,570598,-
orf143312,chr10_570847,NA,noncanonical,other,None,chrX,570847,570906,-
orf143311,chr10_570967,YJR072C,canonical,conserved,Verified,chrX,570967,572124,-
orf137855,chr10_572121,NA,noncanonical,other,None,chrX,572121,572276,-
orf140552,chr10_572315,YJR073C,canonical,conserved,Verified,chrX,572315,572935,-
orf143308,chr10_572932,NA,noncanonical,other,None,chrX,572932,573009,-
orf140551,chr10_573044,NA,noncanonical,other,None,chrX,573044,573118,-
orf133923,chr10_573095,YJR074W,canonical,conserved,Verified,chrX,573095,573751,+
orf143306,chr10_573175,NA,noncanonical,other,None,chrX,573175,573354,-
orf136548,chr10_573681,NA,noncanonical,other,None,chrX,573681,573956,+
orf136549,chr10_573981,YJR075W,canonical,conserved,Verified,chrX,573981,575171,+
orf140537,chr10_575354,YJR076C,canonical,conserved,Verified,chrX,575354,576601,-
orf140536,chr10_576701,NA,noncanonical,denovo,None,chrX,576701,576817,-
orf131023,chr10_576904,NA,noncanonical,other,None,chrX,576904,577008,+
orf140532,chr10_577178,NA,noncanonical,denovo,None,chrX,577178,577252,-
orf143290,chr10_577255,YJR077C,canonical,conserved,Verified,chrX,577255,578190,-
orf143289,chr10_578392,NA,noncanonical,denovo,None,chrX,578392,578595,-
orf131026,chr10_578860,YJR078W,canonical,conserved,Verified,chrX,578860,580221,+
NA,chr10_580205,YJR079W,canonical,conserved,Uncharacterized,chrX,580205,581239,+
orf143281,chr10_580432,YJR080C,canonical,conserved,Verified,chrX,580432,581616,-
orf143280,chr10_581914,YJR082C,canonical,conserved,Verified,chrX,581914,582255,-
orf140517,chr10_582608,YJR083C,canonical,conserved,Verified,chrX,582608,583537,-
orf133959,chr10_582623,NA,noncanonical,other,None,chrX,582623,582814,+
orf133962,chr10_583733,YJR084W,canonical,conserved,Verified,chrX,583733,585004,+
orf143267,chr10_584629,NA,noncanonical,other,None,chrX,584629,584814,-
orf134753,chr10_58491,NA,noncanonical,other,None,chrX,58491,58712,+
orf137810,chr10_585120,YJR085C,canonical,conserved,Verified,chrX,585120,585437,-
orf136601,chr10_586068,YJR086W,canonical,conserved,Verified,chrX,586068,586400,+
orf137805,chr10_586371,NA,noncanonical,denovo,None,chrX,586371,586448,-
orf133969,chr10_586400,YJR087W,noncanonical,other,Dubious,chrX,586400,586750,+
orf143259,chr10_586495,YJR088C,canonical,conserved,Verified,chrX,586495,587373,-
orf136609,chr10_587718,YJR089W,canonical,conserved,Verified,chrX,587718,590582,+
orf143241,chr10_590872,YJR090C,canonical,conserved,Verified,chrX,590872,594327,-
orf128997,chr10_59371,NA,noncanonical,other,None,chrX,59371,59451,+
orf143240,chr10_594544,NA,noncanonical,denovo,None,chrX,594544,594651,-
orf143237,chr10_594931,NA,noncanonical,other,None,chrX,594931,595053,-
orf140485,chr10_595061,YJR091C,canonical,conserved,Verified,chrX,595061,598336,-
orf139649,chr10_59856,YJL199C,canonical,conserved,Uncharacterized,chrX,59856,60182,-
orf137739,chr10_598704,NA,noncanonical,denovo,None,chrX,598704,598964,-
orf131128,chr10_598735,YJR092W,canonical,conserved,Verified,chrX,598735,603078,+
orf137737,chr10_599328,NA,noncanonical,other,None,chrX,599328,599633,-
orf131129,chr10_603094,NA,noncanonical,denovo,None,chrX,603094,603138,+
orf143199,chr10_603220,YJR093C,canonical,conserved,Verified,chrX,603220,604203,-
orf145248,chr10_60433,NA,noncanonical,other,None,chrX,60433,60531,-
orf137716,chr10_604569,YJR094C,canonical,conserved,Verified,chrX,604569,605651,-
orf137713,chr10_606393,NA,noncanonical,denovo,None,chrX,606393,606533,-
orf140451,chr10_606488,NA,noncanonical,denovo,None,chrX,606488,606712,-
orf131143,chr10_606859,NA,noncanonical,denovo,None,chrX,606859,606984,+
orf131144,chr10_607000,NA,noncanonical,denovo,None,chrX,607000,607107,+
orf143190,chr10_607054,NA,noncanonical,denovo,None,chrX,607054,607140,-
NA,chr10_608305,YJR094W-A,canonical,conserved,Verified,chrX,608305,608858,+
orf129006,chr10_60844,YJL198W,canonical,conserved,Verified,chrX,60844,63489,+
orf134079,chr10_609773,YJR095W,canonical,conserved,Verified,chrX,609773,610741,+
orf131159,chr10_610873,NA,noncanonical,denovo,None,chrX,610873,610935,+
orf140431,chr10_610928,NA,noncanonical,denovo,None,chrX,610928,611044,-
orf136697,chr10_611061,NA,noncanonical,denovo,None,chrX,611061,611129,+
orf134081,chr10_611195,YJR096W,canonical,conserved,Verified,chrX,611195,612043,+
orf140428,chr10_611219,NA,noncanonical,denovo,None,chrX,611219,611407,-
orf134083,chr10_612413,YJR097W,canonical,conserved,Verified,chrX,612413,612931,+
orf143162,chr10_613186,YJR098C,canonical,conserved,Uncharacterized,chrX,613186,615156,-
orf136720,chr10_615576,YJR099W,canonical,conserved,Verified,chrX,615576,616286,+
orf143156,chr10_616351,YJR100C,canonical,conserved,Verified,chrX,616351,617334,-
orf134099,chr10_617519,NA,noncanonical,denovo,None,chrX,617519,617659,+
orf136730,chr10_618234,YJR101W,canonical,conserved,Verified,chrX,618234,619034,+
orf140402,chr10_619157,YJR102C,canonical,conserved,Verified,chrX,619157,619765,-
orf140400,chr10_620735,NA,noncanonical,denovo,None,chrX,620735,620863,-
orf136739,chr10_620754,YJR103W,canonical,conserved,Verified,chrX,620754,622490,+
orf140391,chr10_622550,YJR104C,canonical,conserved,Verified,chrX,622550,623014,-
orf136740,chr10_622566,NA,noncanonical,other,None,chrX,622566,622826,+
orf137627,chr10_623160,NA,noncanonical,other,None,chrX,623160,623258,-
orf131218,chr10_623581,YJR105W,canonical,conserved,Verified,chrX,623581,624603,+
orf143130,chr10_623950,NA,noncanonical,denovo,None,chrX,623950,624177,-
orf137623,chr10_624306,NA,noncanonical,denovo,None,chrX,624306,624524,-
orf131219,chr10_624838,YJR106W,canonical,conserved,Verified,chrX,624838,627015,+
orf136751,chr10_627174,NA,noncanonical,denovo,None,chrX,627174,627233,+
orf131220,chr10_627295,YJR107W,canonical,conserved,Uncharacterized,chrX,627295,628326,+
orf140370,chr10_627869,NA,noncanonical,other,None,chrX,627869,627955,-
orf140368,chr10_628457,NA,noncanonical,other,None,chrX,628457,628693,-
orf134139,chr10_628712,YJR108W,canonical,conserved,Verified,chrX,628712,629083,+
orf131223,chr10_629131,NA,noncanonical,denovo,None,chrX,629131,629238,+
orf136759,chr10_629376,NA,noncanonical,denovo,None,chrX,629376,629426,+
orf140363,chr10_629585,YJR109C,canonical,conserved,Verified,chrX,629585,632941,-
orf136780,chr10_633615,YJR110W,canonical,conserved,Verified,chrX,633615,635681,+
orf134766,chr10_63534,NA,noncanonical,denovo,None,chrX,63534,63632,+
orf140346,chr10_635855,YJR111C,canonical,conserved,Verified,chrX,635855,636706,-
orf131264,chr10_637030,YJR112W,canonical,conserved,Verified,chrX,637030,637635,+
NA,chr10_637790,YJR112W-A,canonical,conserved,Uncharacterized,chrX,637790,638168,+
orf129008,chr10_63805,YJL197W,canonical,conserved,Verified,chrX,63805,67569,+
orf137579,chr10_638232,YJR113C,canonical,conserved,Verified,chrX,638232,638975,-
orf140338,chr10_639002,NA,noncanonical,denovo,None,chrX,639002,639112,-
orf143052,chr10_639160,NA,noncanonical,other,None,chrX,639160,639228,-
orf136794,chr10_639942,YJR115W,canonical,conserved,Uncharacterized,chrX,639942,640451,+
orf136796,chr10_640647,NA,noncanonical,denovo,None,chrX,640647,640736,+
orf131274,chr10_640825,YJR116W,canonical,conserved,Uncharacterized,chrX,640825,641664,+
orf143043,chr10_640906,NA,noncanonical,denovo,None,chrX,640906,641127,-
orf137569,chr10_641331,NA,noncanonical,other,None,chrX,641331,641576,-
orf131275,chr10_642007,YJR117W,canonical,conserved,Verified,chrX,642007,643368,+
orf136800,chr10_643416,NA,noncanonical,denovo,None,chrX,643416,643454,+
orf140318,chr10_643490,YJR118C,canonical,conserved,Verified,chrX,643490,644101,-
orf136801,chr10_643587,NA,noncanonical,denovo,None,chrX,643587,643745,+
orf137556,chr10_644304,YJR119C,canonical,conserved,Verified,chrX,644304,646490,-
orf134208,chr10_647126,YJR120W,canonical,conserved,Verified,chrX,647126,647476,+
orf136822,chr10_647607,YJR121W,canonical,conserved,Verified,chrX,647607,649142,+
orf140290,chr10_649685,NA,noncanonical,other,None,chrX,649685,649783,-
orf136824,chr10_649776,YJR122W,canonical,conserved,Verified,chrX,649776,651269,+
orf131309,chr10_651901,YJR123W,canonical,conserved,Verified,chrX,651901,652578,+
orf131310,chr10_652615,NA,noncanonical,other,None,chrX,652615,652677,+
orf140281,chr10_652892,YJR124C,canonical,conserved,Uncharacterized,chrX,652892,654238,-
orf137523,chr10_654651,NA,noncanonical,denovo,None,chrX,654651,654707,-
orf140280,chr10_654737,YJR125C,canonical,conserved,Verified,chrX,654737,655963,-
orf142977,chr10_656254,YJR126C,canonical,conserved,Verified,chrX,656254,658689,-
orf137501,chr10_658917,YJR127C,canonical,conserved,Verified,chrX,658917,663059,-
orf134263,chr10_662921,YJR128W,canonical,denovo,Uncharacterized,chrX,662921,663280,+
orf140239,chr10_663341,NA,noncanonical,denovo,None,chrX,663341,663454,-
orf136882,chr10_663399,NA,noncanonical,denovo,None,chrX,663399,663542,+
orf136883,chr10_663678,NA,noncanonical,denovo,None,chrX,663678,663761,+
orf131355,chr10_663910,NA,noncanonical,other,None,chrX,663910,663978,+
orf142961,chr10_664000,YJR129C,canonical,conserved,Verified,chrX,664000,665019,-
orf142956,chr10_665218,YJR130C,canonical,conserved,Verified,chrX,665218,667137,-
orf136898,chr10_667557,NA,noncanonical,denovo,None,chrX,667557,667625,+
orf136899,chr10_667644,YJR131W,canonical,conserved,Verified,chrX,667644,669293,+
orf136902,chr10_669522,YJR132W,canonical,conserved,Verified,chrX,669522,672668,+
orf131404,chr10_672991,YJR133W,canonical,conserved,Verified,chrX,672991,673620,+
orf142926,chr10_673729,YJR134C,canonical,conserved,Verified,chrX,673729,675852,-
orf137426,chr10_676059,YJR135C,canonical,conserved,Verified,chrX,676059,676778,-
orf136921,chr10_676971,YJR135W-A,canonical,conserved,Verified,chrX,676971,677234,+
orf134302,chr10_677300,NA,noncanonical,other,None,chrX,677300,677353,+
orf137424,chr10_677331,NA,noncanonical,denovo,None,chrX,677331,677417,-
orf140195,chr10_677441,YJR136C,canonical,conserved,Verified,chrX,677441,678706,-
orf142453,chr10_67850,YJL196C,canonical,conserved,Verified,chrX,67850,68782,-
orf137417,chr10_678957,YJR137C,canonical,conserved,Verified,chrX,678957,683285,-
orf136951,chr10_684567,YJR138W,canonical,conserved,Verified,chrX,684567,689321,+
orf142868,chr10_689296,NA,noncanonical,denovo,None,chrX,689296,689388,-
orf137395,chr10_689445,YJR139C,canonical,conserved,Verified,chrX,689445,690524,-
orf137392,chr10_690750,YJR140C,canonical,conserved,Verified,chrX,690750,695696,-
orf132067,chr10_69338,YJL194W,canonical,conserved,Verified,chrX,69338,70879,+
orf134377,chr10_695906,YJR141W,canonical,conserved,Verified,chrX,695906,696949,+
orf131525,chr10_697141,YJR142W,canonical,conserved,Verified,chrX,697141,698169,+
orf142841,chr10_698326,YJR143C,canonical,conserved,Verified,chrX,698326,700614,-
orf131544,chr10_700882,YJR144W,canonical,conserved,Verified,chrX,700882,701691,+
NA,chr10_702027,YJR145C,canonical,conserved,Verified,chrX,702027,703068,-
orf134409,chr10_703679,NA,noncanonical,denovo,None,chrX,703679,703849,+
orf131555,chr10_703885,YJR146W,canonical,other,Uncharacterized,chrX,703885,704238,+
orf137016,chr10_704196,YJR147W,canonical,conserved,Verified,chrX,704196,705272,+
orf142828,chr10_704800,NA,noncanonical,other,None,chrX,704800,704898,-
orf137352,chr10_704907,NA,noncanonical,other,None,chrX,704907,705053,-
orf137351,chr10_705081,NA,noncanonical,other,None,chrX,705081,705182,-
orf137017,chr10_705744,YJR148W,canonical,conserved,Verified,chrX,705744,706874,+
orf134420,chr10_706955,NA,noncanonical,denovo,None,chrX,706955,707014,+
orf131565,chr10_707026,NA,noncanonical,other,None,chrX,707026,707076,+
orf137018,chr10_707160,YJR149W,canonical,conserved,Uncharacterized,chrX,707160,708374,+
orf137019,chr10_708423,NA,noncanonical,denovo,None,chrX,708423,708488,+
orf134423,chr10_708506,NA,noncanonical,other,None,chrX,708506,708562,+
orf142819,chr10_708811,YJR150C,canonical,conserved,Verified,chrX,708811,709707,-
orf142810,chr10_712255,YJR151C,canonical,conserved,Verified,chrX,712255,715740,-
orf132070,chr10_71366,YJL193W,canonical,conserved,Uncharacterized,chrX,71366,72574,+
orf140027,chr10_716546,NA,noncanonical,other,None,chrX,716546,716635,-
orf140026,chr10_716657,NA,noncanonical,other,None,chrX,716657,716803,-
orf137303,chr10_717063,NA,noncanonical,other,None,chrX,717063,717152,-
orf142804,chr10_717310,NA,noncanonical,other,None,chrX,717310,717405,-
orf140021,chr10_717467,NA,noncanonical,other,None,chrX,717467,717526,-
orf137073,chr10_718215,NA,noncanonical,other,None,chrX,718215,718322,+
orf131606,chr10_718369,NA,noncanonical,other,None,chrX,718369,718485,+
orf131607,chr10_718537,NA,noncanonical,other,None,chrX,718537,718665,+
orf137296,chr10_718764,NA,noncanonical,denovo,None,chrX,718764,718898,-
orf140015,chr10_718892,NA,noncanonical,denovo,None,chrX,718892,719053,-
orf137081,chr10_719385,NA,noncanonical,other,None,chrX,719385,719462,+
orf131609,chr10_719584,NA,noncanonical,denovo,None,chrX,719584,719637,+
orf134458,chr10_719666,YJR152W,canonical,conserved,Verified,chrX,719666,721297,+
orf131618,chr10_722815,YJR153W,canonical,conserved,Verified,chrX,722815,723900,+
orf142775,chr10_723439,NA,noncanonical,denovo,None,chrX,723439,723552,-
orf137275,chr10_723468,NA,noncanonical,other,None,chrX,723468,723650,-
orf137266,chr10_724821,NA,noncanonical,other,None,chrX,724821,724898,-
orf139993,chr10_724982,NA,noncanonical,denovo,None,chrX,724982,725032,-
orf145210,chr10_72520,NA,noncanonical,denovo,None,chrX,72520,72657,-
orf131626,chr10_725569,NA,noncanonical,other,None,chrX,725569,725673,+
orf137114,chr10_725784,YJR154W,canonical,conserved,Uncharacterized,chrX,725784,726824,+
orf129024,chr10_72595,NA,noncanonical,denovo,None,chrX,72595,72663,+
orf142441,chr10_72710,YJL192C,canonical,conserved,Verified,chrX,72710,73414,-
orf134489,chr10_727127,NA,noncanonical,other,None,chrX,727127,727186,+
orf131637,chr10_727405,YJR155W,canonical,conserved,Verified,chrX,727405,728271,+
orf134496,chr10_728171,NA,noncanonical,other,None,chrX,728171,728305,+
orf137250,chr10_728574,YJR156C,canonical,conserved,Verified,chrX,728574,729596,-
orf137151,chr10_736044,YJR159W,canonical,conserved,Verified,chrX,736044,737117,+
NA,chr10_73787,YJL191W,canonical,conserved,Verified,chrX,73787,74611,+
orf139933,chr10_738008,YJR160C,canonical,conserved,Verified,chrX,738008,739816,-
orf137204,chr10_742848,YJR161C,canonical,conserved,Verified,chrX,742848,743999,-
orf129037,chr10_74608,NA,noncanonical,other,None,chrX,74608,74796,+
orf139595,chr10_74910,YJL190C,canonical,conserved,Verified,chrX,74910,75302,-
NA,chr10_75933,YJL189W,canonical,conserved,Verified,chrX,75933,76474,+
orf139590,chr10_76803,YJL187C,canonical,conserved,Verified,chrX,76803,79262,-
orf134819,chr10_77022,NA,noncanonical,other,None,chrX,77022,77180,+
orf129058,chr10_79372,NA,noncanonical,denovo,None,chrX,79372,79536,+
orf134835,chr10_80064,NA,noncanonical,other,None,chrX,80064,80165,+
orf129062,chr10_80155,YJL186W,canonical,conserved,Verified,chrX,80155,81915,+
orf134841,chr10_82050,NA,noncanonical,other,None,chrX,82050,82127,+
orf139576,chr10_82095,YJL185C,canonical,conserved,Verified,chrX,82095,82976,-
orf132112,chr10_82319,NA,noncanonical,other,None,chrX,82319,82453,+
orf129065,chr10_82621,NA,noncanonical,denovo,None,chrX,82621,82899,+
orf132116,chr10_83336,NA,noncanonical,denovo,None,chrX,83336,83392,+
orf134848,chr10_83448,YJL184W,canonical,conserved,Verified,chrX,83448,83819,+
orf132118,chr10_84068,YJL183W,canonical,conserved,Verified,chrX,84068,85336,+
orf132119,chr10_85337,NA,noncanonical,denovo,None,chrX,85337,85468,+
orf129077,chr10_85660,YJL181W,canonical,conserved,Uncharacterized,chrX,85660,87495,+
orf139558,chr10_87483,NA,noncanonical,other,None,chrX,87483,87650,-
orf145148,chr10_87583,YJL180C,canonical,conserved,Verified,chrX,87583,88560,-
orf132136,chr10_87920,NA,noncanonical,other,None,chrX,87920,88102,+
orf132142,chr10_88787,YJL179W,canonical,conserved,Verified,chrX,88787,89116,+
orf142369,chr10_89282,YJL178C,canonical,conserved,Verified,chrX,89282,90097,-
NA,chr10_90786,YJL177W,canonical,conserved,Verified,chrX,90786,91657,+
orf142357,chr10_91934,NA,noncanonical,other,None,chrX,91934,92050,-
orf145136,chr10_92053,YJL176C,canonical,conserved,Verified,chrX,92053,94530,-
orf129106,chr10_95092,YJL174W,canonical,conserved,Verified,chrX,95092,95922,+
orf139515,chr10_96051,NA,noncanonical,denovo,None,chrX,96051,96134,-
orf134905,chr10_96102,NA,noncanonical,denovo,None,chrX,96102,96164,+
orf142340,chr10_96161,YJL173C,canonical,conserved,Verified,chrX,96161,96529,-
orf129110,chr10_96685,NA,noncanonical,other,None,chrX,96685,96840,+
orf139511,chr10_96720,NA,noncanonical,denovo,None,chrX,96720,96983,-
orf139508,chr10_97218,NA,noncanonical,denovo,None,chrX,97218,97289,-
orf142336,chr10_97301,NA,noncanonical,denovo,None,chrX,97301,97399,-
orf134911,chr10_97737,YJL172W,canonical,conserved,Verified,chrX,97737,99467,+
orf142322,chr10_99704,YJL171C,canonical,conserved,Verified,chrX,99704,100894,-
orf150738,chr11_100671,YKL182W,canonical,conserved,Verified,chrXI,100671,106826,+
orf150741,chr11_107316,YKL181W,canonical,conserved,Verified,chrXI,107316,108599,+
orf148363,chr11_109088,NA,noncanonical,other,None,chrXI,109088,109267,+
NA,chr11_109269,YKL180W,canonical,conserved,Verified,chrXI,109269,110129,+
orf154813,chr11_110464,YKL179C,canonical,conserved,Verified,chrXI,110464,112503,-
orf154811,chr11_112657,NA,noncanonical,other,None,chrXI,112657,112791,-
orf154810,chr11_112987,NA,noncanonical,denovo,None,chrXI,112987,113109,-
orf154809,chr11_113215,YKL178C,canonical,conserved,Verified,chrXI,113215,114627,-
orf148383,chr11_114356,YKL177W,noncanonical,other,Dubious,chrXI,114356,114694,+
orf157607,chr11_11469,NA,noncanonical,other,None,chrXI,11469,11525,-
orf145865,chr11_115273,NA,noncanonical,denovo,None,chrXI,115273,115332,+
orf157245,chr11_115500,YKL176C,canonical,conserved,Verified,chrXI,115500,117986,-
orf157243,chr11_118299,NA,noncanonical,denovo,None,chrXI,118299,118355,-
orf159738,chr11_118412,NA,noncanonical,denovo,None,chrXI,118412,118516,-
orf148402,chr11_118793,YKL175W,canonical,conserved,Verified,chrXI,118793,120304,+
orf159726,chr11_120281,NA,noncanonical,other,None,chrXI,120281,120376,-
orf159725,chr11_120380,YKL174C,canonical,conserved,Verified,chrXI,120380,122236,-
orf150795,chr11_122517,YKL173W,canonical,conserved,Verified,chrXI,122517,125543,+
orf148414,chr11_125759,YKL172W,canonical,conserved,Verified,chrXI,125759,127042,+
orf157600,chr11_12606,NA,noncanonical,other,None,chrXI,12606,12683,-
orf148415,chr11_127049,NA,noncanonical,denovo,None,chrXI,127049,127084,+
orf148419,chr11_127475,YKL171W,canonical,conserved,Verified,chrXI,127475,130261,+
orf150824,chr11_130272,NA,noncanonical,denovo,None,chrXI,130272,130379,+
orf159690,chr11_130484,NA,noncanonical,denovo,None,chrXI,130484,130627,-
orf148423,chr11_130634,YKL170W,canonical,conserved,Verified,chrXI,130634,131050,+
orf159687,chr11_131288,YKL168C,canonical,conserved,Verified,chrXI,131288,133492,-
orf160187,chr11_13274,NA,noncanonical,other,None,chrXI,13274,13372,-
orf159685,chr11_133721,YKL167C,canonical,conserved,Verified,chrXI,133721,134134,-
orf154735,chr11_134308,NA,noncanonical,denovo,None,chrXI,134308,134364,-
orf154734,chr11_134509,YKL166C,canonical,conserved,Verified,chrXI,134509,135705,-
orf154733,chr11_135790,YKL165C-A,noncanonical,denovo,Dubious,chrXI,135790,136023,-
orf154732,chr11_136054,NA,noncanonical,denovo,None,chrXI,136054,136245,-
orf154731,chr11_136273,NA,noncanonical,denovo,None,chrXI,136273,136455,-
orf157595,chr11_13629,NA,noncanonical,other,None,chrXI,13629,13721,-
orf157170,chr11_136389,NA,noncanonical,denovo,None,chrXI,136389,136493,-
orf154730,chr11_136525,NA,noncanonical,denovo,None,chrXI,136525,136605,-
orf154729,chr11_136747,NA,noncanonical,denovo,None,chrXI,136747,136824,-
orf159678,chr11_136805,NA,noncanonical,denovo,None,chrXI,136805,136918,-
orf154728,chr11_137002,NA,noncanonical,other,None,chrXI,137002,137103,-
orf157167,chr11_137487,NA,noncanonical,other,None,chrXI,137487,137561,-
orf154726,chr11_137527,NA,noncanonical,other,None,chrXI,137527,137781,-
orf154725,chr11_137854,NA,noncanonical,denovo,None,chrXI,137854,137913,-
orf154724,chr11_137932,YKL165C,canonical,conserved,Verified,chrXI,137932,140691,-
orf155164,chr11_13828,NA,noncanonical,other,None,chrXI,13828,14007,-
orf147984,chr11_14012,NA,noncanonical,other,None,chrXI,14012,14137,+
orf154722,chr11_141274,NA,noncanonical,other,None,chrXI,141274,141447,-
orf150874,chr11_141375,NA,noncanonical,denovo,None,chrXI,141375,141524,+
orf148479,chr11_141662,NA,noncanonical,other,None,chrXI,141662,141754,+
orf159662,chr11_141794,YKL164C,canonical,conserved,Verified,chrXI,141794,142819,-
orf159661,chr11_142823,NA,noncanonical,denovo,None,chrXI,142823,142990,-
orf157140,chr11_143016,NA,noncanonical,denovo,None,chrXI,143016,143087,-
orf145983,chr11_143266,NA,noncanonical,other,None,chrXI,143266,143388,+
orf148482,chr11_143468,NA,noncanonical,denovo,None,chrXI,143468,143644,+
orf148484,chr11_143684,NA,noncanonical,other,None,chrXI,143684,143725,+
orf157135,chr11_143736,NA,noncanonical,denovo,None,chrXI,143736,143822,-
orf145984,chr11_143764,NA,noncanonical,denovo,None,chrXI,143764,143838,+
orf148485,chr11_143798,NA,noncanonical,denovo,None,chrXI,143798,143926,+
orf148486,chr11_144197,NA,noncanonical,other,None,chrXI,144197,144259,+
orf148487,chr11_144401,YKL163W,canonical,conserved,Verified,chrXI,144401,145378,+
orf145501,chr11_14485,YKL219W,canonical,conserved,Verified,chrXI,14485,15708,+
orf148490,chr11_145613,NA,noncanonical,denovo,None,chrXI,145613,145696,+
orf157123,chr11_145749,NA,noncanonical,denovo,None,chrXI,145749,145925,-
orf159652,chr11_145922,YKL162C-A,noncanonical,other,Dubious,chrXI,145922,146074,-
orf157118,chr11_147630,YKL162C,canonical,conserved,Uncharacterized,chrXI,147630,148838,-
orf154697,chr11_149173,NA,noncanonical,other,None,chrXI,149173,149304,-
orf154696,chr11_149386,YKL161C,canonical,conserved,Verified,chrXI,149386,150687,-
orf157106,chr11_150831,NA,noncanonical,other,None,chrXI,150831,150905,-
orf148509,chr11_151373,NA,noncanonical,other,None,chrXI,151373,151435,+
orf146015,chr11_151711,NA,noncanonical,denovo,None,chrXI,151711,151758,+
orf154691,chr11_152083,NA,noncanonical,denovo,None,chrXI,152083,152193,-
orf159626,chr11_152393,NA,noncanonical,denovo,None,chrXI,152393,152473,-
orf154688,chr11_152650,NA,noncanonical,denovo,None,chrXI,152650,152844,-
orf148516,chr11_153269,YKL160W,canonical,conserved,Verified,chrXI,153269,153706,+
orf150929,chr11_153699,NA,noncanonical,other,None,chrXI,153699,153761,+
orf157092,chr11_153816,YKL159C,canonical,conserved,Verified,chrXI,153816,154451,-
orf146021,chr11_153922,NA,noncanonical,other,None,chrXI,153922,154041,+
orf146022,chr11_154399,NA,noncanonical,other,None,chrXI,154399,154557,+
orf146023,chr11_154705,NA,noncanonical,denovo,None,chrXI,154705,154836,+
NA,chr11_154991,YKL157W,canonical,conserved,Verified,chrXI,154991,158232,+
NA,chr11_158613,YKL156W,canonical,conserved,Verified,chrXI,158613,159212,+
orf146028,chr11_159229,NA,noncanonical,other,None,chrXI,159229,159312,+
orf157071,chr11_159456,YKL155C,canonical,conserved,Verified,chrXI,159456,161342,-
orf150961,chr11_161601,YKL154W,canonical,conserved,Verified,chrXI,161601,162335,+
orf159563,chr11_162374,NA,noncanonical,other,None,chrXI,162374,162544,-
orf150964,chr11_162783,NA,noncanonical,other,None,chrXI,162783,162923,+
orf157063,chr11_163224,NA,noncanonical,other,None,chrXI,163224,163316,-
orf154645,chr11_163588,NA,noncanonical,other,None,chrXI,163588,163632,-
orf146050,chr11_163600,YKL153W,noncanonical,other,Dubious,chrXI,163600,164109,+
orf154644,chr11_163642,YKL152C,canonical,conserved,Verified,chrXI,163642,164385,-
orf160174,chr11_16466,NA,noncanonical,other,None,chrXI,16466,16588,-
orf154638,chr11_164917,YKL151C,canonical,conserved,Verified,chrXI,164917,165930,-
orf148562,chr11_165155,NA,noncanonical,other,None,chrXI,165155,165274,+
orf154637,chr11_166087,NA,noncanonical,other,None,chrXI,166087,166146,-
orf159546,chr11_166133,NA,noncanonical,other,None,chrXI,166133,166192,-
orf150976,chr11_166245,NA,noncanonical,denovo,None,chrXI,166245,166352,+
orf148571,chr11_166544,YKL150W,canonical,conserved,Verified,chrXI,166544,167452,+
orf146062,chr11_167533,NA,noncanonical,denovo,None,chrXI,167533,167574,+
orf159539,chr11_167612,YKL149C,canonical,conserved,Verified,chrXI,167612,168829,-
orf155150,chr11_16801,NA,noncanonical,other,None,chrXI,16801,17055,-
orf154619,chr11_169207,YKL148C,canonical,conserved,Verified,chrXI,169207,171129,-
orf148579,chr11_169535,NA,noncanonical,other,None,chrXI,169535,169936,+
orf148587,chr11_170987,NA,noncanonical,other,None,chrXI,170987,171205,+
orf151003,chr11_171783,YKL146W,canonical,conserved,Verified,chrXI,171783,173861,+
orf155147,chr11_17359,YKL218C,canonical,conserved,Verified,chrXI,17359,18339,-
orf151005,chr11_174213,YKL145W,canonical,conserved,Verified,chrXI,174213,175616,+
orf151006,chr11_175644,NA,noncanonical,denovo,None,chrXI,175644,175859,+
orf154595,chr11_175843,YKL144C,canonical,conserved,Verified,chrXI,175843,176481,-
orf148602,chr11_176159,NA,noncanonical,other,None,chrXI,176159,176284,+
orf151014,chr11_176781,YKL143W,canonical,conserved,Verified,chrXI,176781,178172,+
orf151017,chr11_178515,YKL142W,canonical,conserved,Verified,chrXI,178515,179174,+
orf156990,chr11_179382,NA,noncanonical,denovo,None,chrXI,179382,179474,-
orf146126,chr11_179575,NA,noncanonical,other,None,chrXI,179575,179679,+
orf151019,chr11_179667,YKL141W,canonical,conserved,Verified,chrXI,179667,180263,+
orf151020,chr11_180336,NA,noncanonical,other,None,chrXI,180336,180395,+
orf148611,chr11_180779,YKL140W,canonical,conserved,Verified,chrXI,180779,182425,+
orf151035,chr11_182958,YKL139W,canonical,conserved,Verified,chrXI,182958,184544,+
orf156971,chr11_184803,YKL138C-A,canonical,conserved,Verified,chrXI,184803,185012,-
orf156967,chr11_185286,YKL138C,canonical,conserved,Verified,chrXI,185286,185681,-
orf159472,chr11_185879,NA,noncanonical,denovo,None,chrXI,185879,185995,-
orf148620,chr11_185957,YKL137W,canonical,conserved,Verified,chrXI,185957,186292,+
orf148621,chr11_186416,YKL136W,noncanonical,denovo,Dubious,chrXI,186416,186814,+
orf154561,chr11_186460,YKL135C,canonical,conserved,Verified,chrXI,186460,188640,-
orf148008,chr11_18677,NA,noncanonical,denovo,None,chrXI,18677,18772,+
orf148009,chr11_18848,NA,noncanonical,other,None,chrXI,18848,18991,+
orf156943,chr11_188802,NA,noncanonical,denovo,None,chrXI,188802,188957,-
orf154559,chr11_189124,YKL134C,canonical,conserved,Verified,chrXI,189124,191442,-
orf145514,chr11_19060,NA,noncanonical,other,None,chrXI,19060,19119,+
orf145515,chr11_19120,NA,noncanonical,other,None,chrXI,19120,19164,+
orf156921,chr11_191679,YKL133C,canonical,conserved,Uncharacterized,chrXI,191679,193070,-
orf148010,chr11_19184,NA,noncanonical,denovo,None,chrXI,19184,19243,+
orf155141,chr11_19279,NA,noncanonical,denovo,None,chrXI,19279,19344,-
orf159446,chr11_193574,YKL132C,canonical,conserved,Verified,chrXI,193574,194866,-
orf151078,chr11_194478,YKL131W,noncanonical,other,Dubious,chrXI,194478,194999,+
orf156914,chr11_195030,NA,noncanonical,denovo,None,chrXI,195030,195173,-
orf156912,chr11_195288,YKL130C,canonical,conserved,Verified,chrXI,195288,196028,-
orf148013,chr11_19574,NA,noncanonical,other,None,chrXI,19574,19825,+
orf159440,chr11_196349,YKL129C,canonical,conserved,Verified,chrXI,196349,200167,-
orf146200,chr11_196744,NA,noncanonical,other,None,chrXI,196744,197076,+
orf150436,chr11_19812,NA,noncanonical,other,None,chrXI,19812,19919,+
orf148014,chr11_19844,NA,noncanonical,denovo,None,chrXI,19844,20023,+
orf150437,chr11_20001,NA,noncanonical,other,None,chrXI,20001,20069,+
orf151101,chr11_200502,NA,noncanonical,denovo,None,chrXI,200502,200585,+
orf154504,chr11_200716,NA,noncanonical,other,None,chrXI,200716,200757,-
orf154502,chr11_200884,YKL128C,canonical,conserved,Verified,chrXI,200884,201771,-
orf146215,chr11_201112,NA,noncanonical,denovo,None,chrXI,201112,201222,+
orf148667,chr11_201281,NA,noncanonical,denovo,None,chrXI,201281,201397,+
orf146217,chr11_201502,NA,noncanonical,denovo,None,chrXI,201502,201600,+
orf146222,chr11_203245,NA,noncanonical,other,None,chrXI,203245,203337,+
orf151117,chr11_203541,YKL127W,canonical,conserved,Verified,chrXI,203541,205253,+
orf156883,chr11_204744,NA,noncanonical,other,None,chrXI,204744,204866,-
orf151120,chr11_205707,YKL126W,canonical,conserved,Verified,chrXI,205707,207749,+
orf148687,chr11_208247,YKL125W,canonical,conserved,Verified,chrXI,208247,210130,+
orf148689,chr11_210593,YKL124W,canonical,conserved,Verified,chrXI,210593,212332,+
orf154464,chr11_210652,NA,noncanonical,other,None,chrXI,210652,210903,-
orf157562,chr11_21192,NA,noncanonical,other,None,chrXI,21192,21290,-
orf159392,chr11_212495,YKL122C,canonical,conserved,Verified,chrXI,212495,212998,-
orf148697,chr11_214142,YKL121W,canonical,conserved,Uncharacterized,chrXI,214142,216700,+
orf151183,chr11_217344,YKL120W,canonical,conserved,Verified,chrXI,217344,218318,+
orf148024,chr11_21752,NA,noncanonical,other,None,chrXI,21752,21829,+
orf151184,chr11_218382,NA,noncanonical,other,None,chrXI,218382,218465,+
orf156827,chr11_218442,NA,noncanonical,denovo,None,chrXI,218442,218498,-
orf159363,chr11_218570,YKL119C,canonical,conserved,Verified,chrXI,218570,219217,-
orf151188,chr11_219507,NA,noncanonical,other,None,chrXI,219507,219665,+
orf146291,chr11_220324,YKL117W,canonical,conserved,Verified,chrXI,220324,220974,+
orf146293,chr11_221095,NA,noncanonical,denovo,None,chrXI,221095,221166,+
orf154418,chr11_221344,YKL116C,canonical,conserved,Verified,chrXI,221344,222900,-
orf145529,chr11_22234,YKL217W,canonical,conserved,Verified,chrXI,22234,24084,+
orf159350,chr11_222893,YKL115C,noncanonical,other,Dubious,chrXI,222893,223285,-
orf156801,chr11_223290,NA,noncanonical,other,None,chrXI,223290,223352,-
orf159349,chr11_223352,YKL114C,canonical,conserved,Verified,chrXI,223352,224455,-
orf151206,chr11_224325,NA,noncanonical,other,None,chrXI,224325,224540,+
orf154403,chr11_224668,NA,noncanonical,other,None,chrXI,224668,224730,-
orf156799,chr11_224727,YKL113C,canonical,conserved,Verified,chrXI,224727,225875,-
orf146312,chr11_225778,NA,noncanonical,other,None,chrXI,225778,225948,+
orf151214,chr11_226383,NA,noncanonical,denovo,None,chrXI,226383,226475,+
orf146316,chr11_226570,YKL112W,canonical,conserved,Verified,chrXI,226570,228765,+
orf157555,chr11_22668,NA,noncanonical,other,None,chrXI,22668,22883,-
orf156787,chr11_228861,NA,noncanonical,denovo,None,chrXI,228861,228908,-
orf156786,chr11_228939,YKL110C,canonical,conserved,Verified,chrXI,228939,229880,-
orf154381,chr11_229888,NA,noncanonical,denovo,None,chrXI,229888,229941,-
orf156785,chr11_229965,NA,noncanonical,other,None,chrXI,229965,230126,-
orf159321,chr11_230336,NA,noncanonical,denovo,None,chrXI,230336,230491,-
orf148760,chr11_231197,NA,noncanonical,denovo,None,chrXI,231197,231349,+
orf151229,chr11_231417,NA,noncanonical,denovo,None,chrXI,231417,231506,+
orf151233,chr11_232227,YKL109W,canonical,conserved,Verified,chrXI,232227,233891,+
orf154371,chr11_232786,NA,noncanonical,denovo,None,chrXI,232786,233028,-
orf148764,chr11_233942,NA,noncanonical,denovo,None,chrXI,233942,234193,+
orf151235,chr11_234426,YKL108W,canonical,conserved,Verified,chrXI,234426,235787,+
orf154361,chr11_236110,NA,noncanonical,other,None,chrXI,236110,236223,-
orf148770,chr11_236141,YKL107W,canonical,conserved,Verified,chrXI,236141,237070,+
orf160147,chr11_23621,NA,noncanonical,other,None,chrXI,23621,23791,-
orf148772,chr11_237536,YKL106W,canonical,conserved,Verified,chrXI,237536,238891,+
orf157550,chr11_23829,NA,noncanonical,other,None,chrXI,23829,23996,-
orf154349,chr11_239185,YKL105C,canonical,conserved,Verified,chrXI,239185,242583,-
orf148042,chr11_24059,NA,noncanonical,other,None,chrXI,24059,24175,+
orf157546,chr11_24204,NA,noncanonical,other,None,chrXI,24204,24278,-
orf154346,chr11_243220,YKL104C,canonical,conserved,Verified,chrXI,243220,245373,-
orf155125,chr11_24385,NA,noncanonical,other,None,chrXI,24385,24525,-
orf156712,chr11_245988,NA,noncanonical,denovo,None,chrXI,245988,246047,-
orf156711,chr11_246138,YKL103C,canonical,conserved,Verified,chrXI,246138,247682,-
orf146397,chr11_246541,NA,noncanonical,other,None,chrXI,246541,246732,+
orf154343,chr11_248062,YKL102C,canonical,denovo,Uncharacterized,chrXI,248062,248367,-
orf151297,chr11_248316,NA,noncanonical,denovo,None,chrXI,248316,248447,+
orf146407,chr11_248920,YKL101W,canonical,conserved,Verified,chrXI,248920,253476,+
orf150457,chr11_25215,YKL216W,canonical,conserved,Verified,chrXI,25215,26159,+
orf156692,chr11_253491,NA,noncanonical,denovo,None,chrXI,253491,253562,-
orf156691,chr11_253566,NA,noncanonical,denovo,None,chrXI,253566,253631,-
orf159225,chr11_253697,YKL100C,canonical,conserved,Verified,chrXI,253697,255460,-
orf156688,chr11_255720,YKL099C,canonical,conserved,Verified,chrXI,255720,256472,-
orf151315,chr11_256770,YKL098W,canonical,conserved,Verified,chrXI,256770,257843,+
orf159210,chr11_258503,YKL097C,canonical,other,Uncharacterized,chrXI,258503,258913,-
orf159208,chr11_259073,YKL096C-B,canonical,denovo,Uncharacterized,chrXI,259073,259222,-
orf148851,chr11_259253,YKL096W-A,canonical,conserved,Verified,chrXI,259253,259531,+
orf159207,chr11_259556,NA,noncanonical,denovo,None,chrXI,259556,259636,-
orf154294,chr11_259762,NA,noncanonical,denovo,None,chrXI,259762,259845,-
orf151324,chr11_260121,NA,noncanonical,other,None,chrXI,260121,260231,+
orf151327,chr11_261132,YKL096W,canonical,conserved,Verified,chrXI,261132,261851,+
orf148861,chr11_262277,YKL095W,canonical,conserved,Verified,chrXI,262277,263113,+
orf151337,chr11_263349,YKL094W,canonical,conserved,Verified,chrXI,263349,264290,+
orf148864,chr11_264356,NA,noncanonical,other,None,chrXI,264356,264400,+
orf159192,chr11_264506,NA,noncanonical,denovo,None,chrXI,264506,264691,-
orf151339,chr11_264789,YKL093W,canonical,conserved,Verified,chrXI,264789,265808,+
orf154271,chr11_265402,NA,noncanonical,denovo,None,chrXI,265402,265659,-
orf157536,chr11_26577,NA,noncanonical,other,None,chrXI,26577,26699,-
orf159187,chr11_265805,NA,noncanonical,denovo,None,chrXI,265805,265981,-
orf148869,chr11_265835,NA,noncanonical,denovo,None,chrXI,265835,266026,+
orf156644,chr11_266145,YKL092C,canonical,conserved,Verified,chrXI,266145,269459,-
orf155111,chr11_26716,NA,noncanonical,denovo,None,chrXI,26716,26766,-
orf155110,chr11_26827,YKL215C,canonical,conserved,Verified,chrXI,26827,30687,-
orf156642,chr11_269718,YKL091C,canonical,conserved,Verified,chrXI,269718,270650,-
orf159147,chr11_270812,NA,noncanonical,other,None,chrXI,270812,270925,-
orf151352,chr11_271026,NA,noncanonical,other,None,chrXI,271026,271097,+
orf156640,chr11_271338,NA,noncanonical,denovo,None,chrXI,271338,271448,-
orf159142,chr11_271601,NA,noncanonical,other,None,chrXI,271601,271693,-
orf151355,chr11_271878,YKL090W,canonical,conserved,Verified,chrXI,271878,273209,+
orf159138,chr11_272258,NA,noncanonical,denovo,None,chrXI,272258,272362,-
orf159135,chr11_272903,NA,noncanonical,denovo,None,chrXI,272903,273097,-
orf146513,chr11_273394,YKL089W,canonical,conserved,Verified,chrXI,273394,275043,+
orf151359,chr11_275283,YKL088W,canonical,conserved,Verified,chrXI,275283,276998,+
orf148913,chr11_277133,NA,noncanonical,other,None,chrXI,277133,277264,+
orf154242,chr11_277189,YKL087C,canonical,conserved,Verified,chrXI,277189,277863,-
orf146529,chr11_278281,YKL086W,canonical,conserved,Verified,chrXI,278281,278664,+
orf151367,chr11_279123,YKL085W,canonical,conserved,Verified,chrXI,279123,280127,+
orf151368,chr11_280212,NA,noncanonical,other,None,chrXI,280212,280256,+
orf148919,chr11_280304,NA,noncanonical,other,None,chrXI,280304,280342,+
orf148920,chr11_280385,NA,noncanonical,other,None,chrXI,280385,280465,+
orf151370,chr11_280509,YKL084W,canonical,conserved,Verified,chrXI,280509,280859,+
orf159102,chr11_280910,NA,noncanonical,denovo,None,chrXI,280910,280984,-
orf146538,chr11_280921,YKL083W,noncanonical,other,Dubious,chrXI,280921,281535,+
orf156603,chr11_281025,YKL082C,canonical,conserved,Verified,chrXI,281025,282329,-
NA,chr11_282891,YKL081W,canonical,conserved,Verified,chrXI,282891,284455,+
orf151389,chr11_285030,YKL080W,canonical,conserved,Verified,chrXI,285030,286208,+
orf146561,chr11_286603,YKL079W,canonical,conserved,Verified,chrXI,286603,288573,+
orf148951,chr11_288845,YKL078W,canonical,conserved,Verified,chrXI,288845,291052,+
orf151418,chr11_291453,YKL077W,canonical,conserved,Verified,chrXI,291453,292631,+
orf148957,chr11_292646,NA,noncanonical,denovo,None,chrXI,292646,292732,+
orf156567,chr11_292956,YKL075C,canonical,conserved,Uncharacterized,chrXI,292956,294308,-
orf154180,chr11_294610,YKL074C,canonical,conserved,Verified,chrXI,294610,296193,-
orf151434,chr11_296430,YKL073W,canonical,conserved,Verified,chrXI,296430,299075,+
orf148970,chr11_299582,YKL072W,canonical,conserved,Verified,chrXI,299582,301882,+
orf146625,chr11_301879,NA,noncanonical,other,None,chrXI,301879,301938,+
orf146626,chr11_302173,NA,noncanonical,other,None,chrXI,302173,302295,+
orf151461,chr11_303411,NA,noncanonical,other,None,chrXI,303411,303560,+
orf154149,chr11_303946,NA,noncanonical,other,None,chrXI,303946,304044,-
orf151466,chr11_304242,NA,noncanonical,other,None,chrXI,304242,304343,+
orf156518,chr11_304401,NA,noncanonical,other,None,chrXI,304401,304457,-
orf158995,chr11_304646,NA,noncanonical,other,None,chrXI,304646,304738,-
orf158994,chr11_304751,NA,noncanonical,denovo,None,chrXI,304751,304828,-
orf148982,chr11_304886,NA,noncanonical,denovo,None,chrXI,304886,304951,+
orf148984,chr11_305114,YKL071W,canonical,conserved,Verified,chrXI,305114,305884,+
orf146641,chr11_306211,YKL070W,canonical,conserved,Uncharacterized,chrXI,306211,306720,+
orf158985,chr11_306635,NA,noncanonical,other,None,chrXI,306635,306787,-
orf148989,chr11_306692,NA,noncanonical,other,None,chrXI,306692,306850,+
orf156508,chr11_306855,NA,noncanonical,other,None,chrXI,306855,306950,-
orf146643,chr11_307285,YKL069W,canonical,conserved,Verified,chrXI,307285,307827,+
orf149005,chr11_309206,YKL068W-A,canonical,conserved,Uncharacterized,chrXI,309206,309442,+
orf149006,chr11_309500,NA,noncanonical,denovo,None,chrXI,309500,309742,+
orf154125,chr11_309775,NA,noncanonical,denovo,None,chrXI,309775,309888,-
orf149008,chr11_310073,NA,noncanonical,other,None,chrXI,310073,310171,+
orf149009,chr11_310199,YKL068W,canonical,conserved,Verified,chrXI,310199,313078,+
orf160118,chr11_31082,YKL214C,canonical,conserved,Verified,chrXI,31082,31693,-
orf146661,chr11_313738,NA,noncanonical,other,None,chrXI,313738,313824,+
orf146663,chr11_313978,NA,noncanonical,other,None,chrXI,313978,314049,+
orf158952,chr11_314297,NA,noncanonical,other,None,chrXI,314297,314359,-
orf151515,chr11_314484,NA,noncanonical,other,None,chrXI,314484,314633,+
orf146666,chr11_314812,YKL067W,canonical,conserved,Verified,chrXI,314812,315273,+
orf156478,chr11_314967,NA,noncanonical,other,None,chrXI,314967,315125,-
orf149025,chr11_315281,YKL066W,noncanonical,denovo,Dubious,chrXI,315281,315724,+
orf151521,chr11_315810,NA,noncanonical,denovo,None,chrXI,315810,315950,+
orf151522,chr11_315951,YKL065W-A,canonical,conserved,Uncharacterized,chrXI,315951,316175,+
orf154108,chr11_316282,NA,noncanonical,denovo,None,chrXI,316282,316416,-
orf156473,chr11_316437,YKL065C,canonical,conserved,Verified,chrXI,316437,317057,-
orf158944,chr11_317069,NA,noncanonical,denovo,None,chrXI,317069,317179,-
orf146678,chr11_317764,YKL064W,canonical,conserved,Verified,chrXI,317764,320673,+
orf155099,chr11_31960,YKL213C,canonical,conserved,Verified,chrXI,31960,34107,-
orf146679,chr11_320821,NA,noncanonical,denovo,None,chrXI,320821,321009,+
orf158926,chr11_320960,NA,noncanonical,other,None,chrXI,320960,321034,-
orf156465,chr11_321015,YKL063C,canonical,conserved,Uncharacterized,chrXI,321015,321518,-
orf149060,chr11_323228,YKL062W,canonical,conserved,Verified,chrXI,323228,325120,+
orf146686,chr11_325165,NA,noncanonical,denovo,None,chrXI,325165,325281,+
orf146688,chr11_325771,YKL061W,canonical,conserved,Verified,chrXI,325771,326112,+
orf156456,chr11_325794,NA,noncanonical,denovo,None,chrXI,325794,325982,-
orf158907,chr11_326180,NA,noncanonical,denovo,None,chrXI,326180,326275,-
orf158906,chr11_326285,NA,noncanonical,denovo,None,chrXI,326285,326350,-
orf158905,chr11_326408,YKL060C,canonical,conserved,Verified,chrXI,326408,327487,-
orf158902,chr11_328118,YKL059C,canonical,conserved,Verified,chrXI,328118,329443,-
orf146705,chr11_330166,YKL058W,canonical,conserved,Verified,chrXI,330166,330534,+
orf154052,chr11_330856,YKL057C,canonical,conserved,Verified,chrXI,330856,333969,-
orf158883,chr11_334412,YKL056C,canonical,conserved,Verified,chrXI,334412,334915,-
orf154045,chr11_334939,NA,noncanonical,denovo,None,chrXI,334939,335010,-
orf158880,chr11_335321,YKL055C,canonical,conserved,Verified,chrXI,335321,336157,-
orf151603,chr11_335403,NA,noncanonical,other,None,chrXI,335403,335567,+
orf156408,chr11_336537,YKL054C,canonical,conserved,Verified,chrXI,336537,338753,-
orf158867,chr11_339182,YKL053C-A,canonical,conserved,Verified,chrXI,339182,339442,-
orf149107,chr11_339572,YKL053W,noncanonical,denovo,Dubious,chrXI,339572,339946,+
orf158865,chr11_339668,YKL052C,canonical,conserved,Verified,chrXI,339668,340546,-
orf156397,chr11_340842,NA,noncanonical,denovo,None,chrXI,340842,341129,-
orf146742,chr11_340885,NA,noncanonical,denovo,None,chrXI,340885,340998,+
orf146743,chr11_341095,NA,noncanonical,other,None,chrXI,341095,341157,+
orf149113,chr11_341312,YKL051W,canonical,conserved,Verified,chrXI,341312,342373,+
orf154022,chr11_341947,NA,noncanonical,other,None,chrXI,341947,342138,-
orf146748,chr11_342370,NA,noncanonical,other,None,chrXI,342370,342456,+
orf146749,chr11_342538,NA,noncanonical,other,None,chrXI,342538,342648,+
orf156388,chr11_342852,YKL050C,canonical,conserved,Verified,chrXI,342852,345620,-
orf145580,chr11_34543,YKL212W,canonical,conserved,Verified,chrXI,34543,36414,+
orf154016,chr11_346075,YKL049C,canonical,conserved,Verified,chrXI,346075,346764,-
orf156377,chr11_347214,YKL048C,canonical,conserved,Verified,chrXI,347214,349136,-
orf149140,chr11_349463,YKL047W,canonical,conserved,Verified,chrXI,349463,351013,+
orf160219,chr11_3503,YKL222C,canonical,conserved,Verified,chrXI,3503,5620,-
orf154000,chr11_351151,NA,noncanonical,denovo,None,chrXI,351151,351234,-
orf158801,chr11_351275,YKL046C,canonical,conserved,Verified,chrXI,351275,352624,-
orf153984,chr11_352729,NA,noncanonical,denovo,None,chrXI,352729,352914,-
orf156361,chr11_352944,NA,noncanonical,other,None,chrXI,352944,353060,-
orf156360,chr11_353121,NA,noncanonical,other,None,chrXI,353121,353198,-
orf151667,chr11_353493,YKL045W,canonical,conserved,Verified,chrXI,353493,355079,+
orf153973,chr11_355162,NA,noncanonical,denovo,None,chrXI,355162,355281,-
orf156350,chr11_355278,NA,noncanonical,other,None,chrXI,355278,355400,-
orf153972,chr11_355774,NA,noncanonical,denovo,None,chrXI,355774,355977,-
orf151675,chr11_356322,YKL044W,canonical,denovo,Verified,chrXI,356322,356642,+
orf151676,chr11_356748,YKL043W,canonical,conserved,Verified,chrXI,356748,357848,+
orf149158,chr11_358475,YKL042W,canonical,conserved,Verified,chrXI,358475,359566,+
orf158781,chr11_359864,NA,noncanonical,other,None,chrXI,359864,360085,-
orf149162,chr11_360143,YKL041W,canonical,conserved,Verified,chrXI,360143,360817,+
orf153951,chr11_360814,NA,noncanonical,other,None,chrXI,360814,361068,-
orf158779,chr11_361058,YKL040C,canonical,conserved,Verified,chrXI,361058,361828,-
orf156330,chr11_361989,NA,noncanonical,denovo,None,chrXI,361989,362114,-
orf146824,chr11_362092,NA,noncanonical,denovo,None,chrXI,362092,362304,+
orf158778,chr11_362156,NA,noncanonical,denovo,None,chrXI,362156,362284,-
orf151707,chr11_362622,YKL039W,canonical,conserved,Verified,chrXI,362622,364193,+
orf150490,chr11_36414,NA,noncanonical,other,None,chrXI,36414,36503,+
orf151708,chr11_364257,NA,noncanonical,denovo,None,chrXI,364257,364352,+
orf156323,chr11_364596,NA,noncanonical,denovo,None,chrXI,364596,364757,-
orf153933,chr11_364747,NA,noncanonical,other,None,chrXI,364747,364956,-
orf156321,chr11_364971,NA,noncanonical,denovo,None,chrXI,364971,365090,-
orf146844,chr11_365011,NA,noncanonical,other,None,chrXI,365011,365109,+
orf146846,chr11_365605,YKL038W,canonical,conserved,Verified,chrXI,365605,369117,+
orf157461,chr11_36699,YKL211C,canonical,conserved,Verified,chrXI,36699,38153,-
orf156306,chr11_369288,NA,noncanonical,denovo,None,chrXI,369288,369437,-
orf149196,chr11_369365,YKL037W,canonical,denovo,Verified,chrXI,369365,369721,+
orf156305,chr11_369528,YKL036C,noncanonical,denovo,Dubious,chrXI,369528,369920,-
orf151717,chr11_369891,YKL035W,canonical,conserved,Verified,chrXI,369891,371390,+
orf151719,chr11_371829,YKL034W,canonical,conserved,Verified,chrXI,371829,374105,+
orf151721,chr11_374505,YKL033W-A,canonical,conserved,Uncharacterized,chrXI,374505,375215,+
orf151724,chr11_375456,YKL033W,canonical,conserved,Verified,chrXI,375456,378572,+
orf153868,chr11_380065,YKL032C,canonical,conserved,Verified,chrXI,380065,381858,-
orf149228,chr11_381800,NA,noncanonical,other,None,chrXI,381800,381907,+
orf146921,chr11_382072,YKL031W,noncanonical,denovo,Dubious,chrXI,382072,382485,+
orf156244,chr11_382716,YKL029C,canonical,conserved,Verified,chrXI,382716,384725,-
orf151748,chr11_385758,YKL028W,canonical,conserved,Verified,chrXI,385758,387206,+
orf158677,chr11_386837,NA,noncanonical,other,None,chrXI,386837,387187,-
orf146948,chr11_387562,YKL027W,canonical,conserved,Verified,chrXI,387562,388905,+
orf156234,chr11_387819,NA,noncanonical,other,None,chrXI,387819,388121,-
orf156233,chr11_388167,NA,noncanonical,other,None,chrXI,388167,388487,-
orf153847,chr11_389380,YKL026C,canonical,conserved,Verified,chrXI,389380,389883,-
orf146950,chr11_389971,NA,noncanonical,other,None,chrXI,389971,390066,+
orf156223,chr11_390240,YKL025C,canonical,conserved,Verified,chrXI,390240,392279,-
orf145592,chr11_39163,YKL210W,canonical,conserved,Verified,chrXI,39163,42237,+
orf156221,chr11_392526,YKL024C,canonical,conserved,Verified,chrXI,392526,393140,-
orf158643,chr11_393146,YKL023C-A,canonical,conserved,Uncharacterized,chrXI,393146,393373,-
orf146971,chr11_393721,YKL023W,canonical,conserved,Verified,chrXI,393721,394554,+
orf153831,chr11_394726,YKL022C,canonical,conserved,Verified,chrXI,394726,397248,-
orf156192,chr11_397344,YKL021C,canonical,conserved,Verified,chrXI,397344,398750,-
orf156191,chr11_398832,YKL020C,canonical,conserved,Verified,chrXI,398832,402080,-
orf151806,chr11_402522,NA,noncanonical,other,None,chrXI,402522,402596,+
orf147005,chr11_402568,YKL019W,canonical,conserved,Verified,chrXI,402568,403518,+
orf158593,chr11_403580,YKL018C-A,canonical,conserved,Uncharacterized,chrXI,403580,403879,-
orf149320,chr11_404102,YKL018W,canonical,conserved,Verified,chrXI,404102,405091,+
orf151822,chr11_405084,NA,noncanonical,other,None,chrXI,405084,405158,+
orf153807,chr11_405190,YKL017C,canonical,conserved,Verified,chrXI,405190,407241,-
orf158581,chr11_407465,YKL016C,canonical,conserved,Verified,chrXI,407465,407989,-
orf147021,chr11_408544,YKL015W,canonical,conserved,Verified,chrXI,408544,411483,+
orf158570,chr11_411461,NA,noncanonical,denovo,None,chrXI,411461,411556,-
orf153788,chr11_411619,YKL014C,canonical,conserved,Verified,chrXI,411619,416913,-
orf153782,chr11_417508,YKL013C,canonical,conserved,Verified,chrXI,417508,418023,-
orf149378,chr11_418310,YKL012W,canonical,conserved,Verified,chrXI,418310,420061,+
orf158552,chr11_420155,YKL011C,canonical,conserved,Verified,chrXI,420155,421216,-
orf151894,chr11_420444,NA,noncanonical,other,None,chrXI,420444,420893,+
orf158551,chr11_421424,YKL010C,canonical,conserved,Verified,chrXI,421424,425875,-
orf157444,chr11_42423,YKL209C,canonical,conserved,Verified,chrXI,42423,46295,-
orf149401,chr11_425654,NA,noncanonical,other,None,chrXI,425654,425941,+
orf149403,chr11_426242,YKL009W,canonical,conserved,Verified,chrXI,426242,426952,+
orf158547,chr11_427295,YKL008C,canonical,conserved,Verified,chrXI,427295,428551,-
orf149411,chr11_429302,YKL007W,canonical,conserved,Verified,chrXI,429302,430108,+
orf158543,chr11_430124,NA,noncanonical,other,None,chrXI,430124,430171,-
NA,chr11_430198,YKL006C-A,canonical,conserved,Verified,chrXI,430198,430632,-
orf149413,chr11_430226,NA,noncanonical,other,None,chrXI,430226,430486,+
orf153709,chr11_430711,NA,noncanonical,denovo,None,chrXI,430711,430809,-
orf153707,chr11_430915,NA,noncanonical,denovo,None,chrXI,430915,430977,-
orf149417,chr11_431195,NA,noncanonical,denovo,None,chrXI,431195,431395,+
NA,chr11_431906,YKL006W,canonical,conserved,Verified,chrXI,431906,432720,+
orf147082,chr11_432724,NA,noncanonical,other,None,chrXI,432724,432762,+
orf153699,chr11_432970,NA,noncanonical,denovo,None,chrXI,432970,433053,-
orf153698,chr11_433093,YKL005C,canonical,conserved,Verified,chrXI,433093,434877,-
orf147090,chr11_435580,YKL004W,canonical,conserved,Verified,chrXI,435580,436785,+
orf151955,chr11_436785,NA,noncanonical,other,None,chrXI,436785,436829,+
orf158515,chr11_436997,NA,noncanonical,other,None,chrXI,436997,437119,-
orf156032,chr11_437097,YKL003C,canonical,conserved,Verified,chrXI,437097,437492,-
orf151957,chr11_437310,NA,noncanonical,denovo,None,chrXI,437310,437555,+
orf158512,chr11_437552,NA,noncanonical,denovo,None,chrXI,437552,437650,-
orf151958,chr11_437697,NA,noncanonical,other,None,chrXI,437697,437774,+
NA,chr11_437778,YKL002W,canonical,conserved,Verified,chrXI,437778,438544,+
orf158510,chr11_438659,NA,noncanonical,other,None,chrXI,438659,438739,-
orf156030,chr11_438777,YKL001C,canonical,conserved,Verified,chrXI,438777,439385,-
orf147099,chr11_438826,NA,noncanonical,other,None,chrXI,438826,439350,+
orf153680,chr11_439375,NA,noncanonical,other,None,chrXI,439375,439530,-
orf156027,chr11_440403,NA,noncanonical,denovo,None,chrXI,440403,440495,-
orf153673,chr11_440608,YKR001C,canonical,conserved,Verified,chrXI,440608,442722,-
orf151981,chr11_443232,YKR002W,canonical,conserved,Verified,chrXI,443232,444938,+
orf149481,chr11_445319,NA,noncanonical,denovo,None,chrXI,445319,445369,+
orf147132,chr11_445381,YKR003W,canonical,conserved,Verified,chrXI,445381,446727,+
orf153658,chr11_446311,NA,noncanonical,other,None,chrXI,446311,446412,-
orf151985,chr11_446733,NA,noncanonical,other,None,chrXI,446733,446810,+
NA,chr11_446799,YKR004C,canonical,conserved,Verified,chrXI,446799,448036,-
orf153652,chr11_448294,NA,noncanonical,denovo,None,chrXI,448294,448518,-
NA,chr11_448521,YKR005C,canonical,conserved,Uncharacterized,chrXI,448521,450167,-
orf155995,chr11_450291,NA,noncanonical,denovo,None,chrXI,450291,450419,-
orf155994,chr11_450423,YKR006C,canonical,conserved,Verified,chrXI,450423,451250,-
orf152002,chr11_451434,YKR007W,canonical,conserved,Verified,chrXI,451434,451988,+
orf149515,chr11_452201,YKR008W,canonical,conserved,Verified,chrXI,452201,454078,+
orf147152,chr11_454075,NA,noncanonical,other,None,chrXI,454075,454149,+
orf158443,chr11_454352,YKR009C,canonical,conserved,Verified,chrXI,454352,457054,-
orf152030,chr11_455895,NA,noncanonical,other,None,chrXI,455895,456044,+
orf158434,chr11_458924,YKR010C,canonical,conserved,Verified,chrXI,458924,461239,-
orf158432,chr11_461483,NA,noncanonical,denovo,None,chrXI,461483,461557,-
orf155971,chr11_461589,NA,noncanonical,other,None,chrXI,461589,461654,-
orf153585,chr11_461635,YKR011C,canonical,conserved,Verified,chrXI,461635,462696,-
orf147185,chr11_461659,NA,noncanonical,other,None,chrXI,461659,461805,+
orf155959,chr11_463401,NA,noncanonical,denovo,None,chrXI,463401,463475,-
orf152061,chr11_463665,NA,noncanonical,other,None,chrXI,463665,463925,+
orf158424,chr11_463739,YKR012C,noncanonical,denovo,Dubious,chrXI,463739,464116,-
orf152062,chr11_463959,YKR013W,canonical,conserved,Verified,chrXI,463959,464948,+
orf153572,chr11_464563,NA,noncanonical,denovo,None,chrXI,464563,464685,-
orf149561,chr11_464969,NA,noncanonical,other,None,chrXI,464969,465028,+
orf152063,chr11_464991,NA,noncanonical,denovo,None,chrXI,464991,465068,+
orf153570,chr11_465079,NA,noncanonical,denovo,None,chrXI,465079,465213,-
orf149562,chr11_465083,NA,noncanonical,other,None,chrXI,465083,465193,+
orf153569,chr11_465319,NA,noncanonical,denovo,None,chrXI,465319,465360,-
orf153568,chr11_465367,YKR014C,canonical,conserved,Verified,chrXI,465367,466071,-
orf149569,chr11_466442,NA,noncanonical,other,None,chrXI,466442,466510,+
orf147205,chr11_466633,NA,noncanonical,other,None,chrXI,466633,466686,+
orf152074,chr11_466722,NA,noncanonical,other,None,chrXI,466722,466766,+
orf158416,chr11_466961,YKR015C,canonical,conserved,Uncharacterized,chrXI,466961,468667,-
orf155936,chr11_468990,NA,noncanonical,denovo,None,chrXI,468990,469085,-
orf147217,chr11_469108,NA,noncanonical,denovo,None,chrXI,469108,469221,+
orf158414,chr11_469121,NA,noncanonical,denovo,None,chrXI,469121,469261,-
orf147219,chr11_469717,YKR016W,canonical,conserved,Verified,chrXI,469717,471339,+
orf147220,chr11_471364,NA,noncanonical,denovo,None,chrXI,471364,471432,+
orf158406,chr11_471455,NA,noncanonical,other,None,chrXI,471455,471649,-
orf150519,chr11_47157,YKL208W,canonical,conserved,Verified,chrXI,47157,47972,+
orf153541,chr11_471694,YKR017C,canonical,conserved,Verified,chrXI,471694,473349,-
orf155911,chr11_473535,NA,noncanonical,other,None,chrXI,473535,473579,-
orf158394,chr11_473723,YKR018C,canonical,conserved,Verified,chrXI,473723,475900,-
orf158392,chr11_476216,YKR019C,canonical,conserved,Verified,chrXI,476216,478063,-
orf152116,chr11_478338,YKR020W,canonical,conserved,Verified,chrXI,478338,478832,+
orf152117,chr11_478992,NA,noncanonical,other,None,chrXI,478992,479078,+
orf149620,chr11_479234,YKR021W,canonical,conserved,Verified,chrXI,479234,481981,+
orf148156,chr11_48107,YKL207W,canonical,conserved,Verified,chrXI,48107,48955,+
orf158372,chr11_482171,YKR022C,canonical,conserved,Verified,chrXI,482171,483139,-
orf149625,chr11_483419,YKR023W,canonical,conserved,Verified,chrXI,483419,485011,+
orf158366,chr11_485144,YKR024C,canonical,conserved,Verified,chrXI,485144,487372,-
orf152172,chr11_487770,YKR025W,canonical,conserved,Verified,chrXI,487770,488618,+
orf153456,chr11_488632,NA,noncanonical,other,None,chrXI,488632,488745,-
orf158360,chr11_488738,YKR026C,canonical,conserved,Verified,chrXI,488738,489655,-
orf145622,chr11_48970,NA,noncanonical,denovo,None,chrXI,48970,49017,+
orf155053,chr11_49006,YKL206C,canonical,conserved,Verified,chrXI,49006,49809,-
orf147296,chr11_490948,NA,noncanonical,other,None,chrXI,490948,491232,+
orf152186,chr11_491364,YKR027W,canonical,conserved,Verified,chrXI,491364,493661,+
orf147320,chr11_494257,YKR028W,canonical,conserved,Verified,chrXI,494257,497358,+
orf153421,chr11_497578,YKR029C,canonical,conserved,Verified,chrXI,497578,499833,-
orf149709,chr11_500282,YKR030W,canonical,conserved,Verified,chrXI,500282,501103,+
orf148160,chr11_50051,YKL205W,canonical,conserved,Verified,chrXI,50051,53353,+
orf158305,chr11_501344,YKR031C,canonical,conserved,Verified,chrXI,501344,506395,-
orf158301,chr11_506879,YKR033C,noncanonical,other,Dubious,chrXI,506879,507304,-
orf152225,chr11_506898,YKR034W,canonical,conserved,Verified,chrXI,506898,507707,+
orf158299,chr11_507920,YKR035C,noncanonical,other,Dubious,chrXI,507920,508561,-
orf152227,chr11_507939,YKR035W-A,canonical,conserved,Verified,chrXI,507939,508553,+
orf153359,chr11_508702,YKR036C,canonical,conserved,Verified,chrXI,508702,510681,-
orf153357,chr11_510910,YKR037C,canonical,conserved,Verified,chrXI,510910,511797,-
orf158288,chr11_511883,NA,noncanonical,denovo,None,chrXI,511883,511975,-
orf153356,chr11_511999,YKR038C,canonical,conserved,Verified,chrXI,511999,513264,-
orf147381,chr11_513646,NA,noncanonical,other,None,chrXI,513646,513753,+
orf158286,chr11_513788,NA,noncanonical,other,None,chrXI,513788,513904,-
orf155760,chr11_514017,NA,noncanonical,other,None,chrXI,514017,514085,-
orf158285,chr11_514088,NA,noncanonical,other,None,chrXI,514088,514150,-
orf158283,chr11_514277,NA,noncanonical,denovo,None,chrXI,514277,514405,-
orf158280,chr11_514766,NA,noncanonical,denovo,None,chrXI,514766,514879,-
orf149772,chr11_515063,YKR039W,canonical,conserved,Verified,chrXI,515063,516871,+
orf149773,chr11_516965,NA,noncanonical,denovo,None,chrXI,516965,517126,+
orf155744,chr11_517254,NA,noncanonical,denovo,None,chrXI,517254,517358,-
orf155743,chr11_517359,NA,noncanonical,other,None,chrXI,517359,517493,-
orf158273,chr11_517706,NA,noncanonical,other,None,chrXI,517706,517807,-
orf149779,chr11_518198,YKR041W,canonical,conserved,Verified,chrXI,518198,518950,+
orf149781,chr11_519272,YKR042W,canonical,conserved,Verified,chrXI,519272,520624,+
orf149782,chr11_520688,NA,noncanonical,denovo,None,chrXI,520688,520792,+
orf153322,chr11_520897,YKR043C,canonical,conserved,Verified,chrXI,520897,521712,-
orf152283,chr11_522015,YKR044W,canonical,conserved,Verified,chrXI,522015,523346,+
orf158255,chr11_522503,NA,noncanonical,other,None,chrXI,522503,522721,-
orf155719,chr11_523332,NA,noncanonical,denovo,None,chrXI,523332,523403,-
orf158249,chr11_523418,YKR045C,canonical,conserved,Uncharacterized,chrXI,523418,523993,-
orf155717,chr11_524223,YKR046C,canonical,conserved,Verified,chrXI,524223,525074,-
orf147420,chr11_524290,NA,noncanonical,other,None,chrXI,524290,524370,+
orf149798,chr11_525257,YKR047W,noncanonical,denovo,Dubious,chrXI,525257,525562,+
orf155715,chr11_525387,YKR048C,canonical,conserved,Verified,chrXI,525387,526640,-
orf155713,chr11_526830,YKR049C,canonical,conserved,Verified,chrXI,526830,527231,-
orf147430,chr11_526843,NA,noncanonical,other,None,chrXI,526843,527115,+
orf149804,chr11_527408,NA,noncanonical,other,None,chrXI,527408,527542,+
orf153309,chr11_527458,NA,noncanonical,denovo,None,chrXI,527458,527571,-
orf147434,chr11_527815,YKR050W,canonical,conserved,Verified,chrXI,527815,530484,+
orf152299,chr11_530946,YKR051W,canonical,conserved,Verified,chrXI,530946,532202,+
orf158211,chr11_532313,NA,noncanonical,denovo,None,chrXI,532313,532402,-
orf158210,chr11_532550,YKR052C,canonical,conserved,Verified,chrXI,532550,533464,-
orf153282,chr11_533605,NA,noncanonical,other,None,chrXI,533605,533679,-
orf149830,chr11_533618,NA,noncanonical,denovo,None,chrXI,533618,533881,+
orf153280,chr11_533911,NA,noncanonical,denovo,None,chrXI,533911,534054,-
orf158208,chr11_534014,NA,noncanonical,other,None,chrXI,534014,534103,-
orf153279,chr11_534067,YKR053C,canonical,conserved,Verified,chrXI,534067,535281,-
orf149832,chr11_534137,NA,noncanonical,other,None,chrXI,534137,534223,+
orf149833,chr11_534293,NA,noncanonical,other,None,chrXI,534293,534664,+
orf149838,chr11_535355,NA,noncanonical,other,None,chrXI,535355,535444,+
orf158201,chr11_535370,NA,noncanonical,denovo,None,chrXI,535370,535447,-
orf155677,chr11_535647,YKR054C,canonical,conserved,Verified,chrXI,535647,547925,-
orf145638,chr11_53704,YKL204W,canonical,conserved,Verified,chrXI,53704,55602,+
orf149870,chr11_548216,YKR055W,canonical,conserved,Verified,chrXI,548216,549091,+
orf147509,chr11_549097,NA,noncanonical,denovo,None,chrXI,549097,549216,+
orf147510,chr11_549448,YKR056W,canonical,conserved,Verified,chrXI,549448,551367,+
NA,chr11_551657,YKR057W,canonical,conserved,Verified,chrXI,551657,552242,+
orf152373,chr11_552360,NA,noncanonical,other,None,chrXI,552360,552392,+
orf149897,chr11_552764,YKR058W,canonical,conserved,Verified,chrXI,552764,554620,+
orf149899,chr11_554987,YKR059W,canonical,conserved,Verified,chrXI,554987,556174,+
orf150557,chr11_55599,NA,noncanonical,other,None,chrXI,55599,55706,+
orf158078,chr11_556109,NA,noncanonical,denovo,None,chrXI,556109,556231,-
orf152395,chr11_556518,YKR060W,canonical,conserved,Verified,chrXI,556518,557342,+
orf147530,chr11_557677,YKR061W,canonical,conserved,Verified,chrXI,557677,558954,+
orf152401,chr11_559092,NA,noncanonical,other,None,chrXI,559092,559190,+
orf155633,chr11_559200,NA,noncanonical,denovo,None,chrXI,559200,559259,-
orf157402,chr11_55935,YKL203C,canonical,conserved,Verified,chrXI,55935,63359,-
orf147536,chr11_559666,YKR062W,canonical,conserved,Verified,chrXI,559666,560652,+
orf147537,chr11_560716,NA,noncanonical,denovo,None,chrXI,560716,560853,+
orf158056,chr11_560789,YKR063C,canonical,conserved,Verified,chrXI,560789,562297,-
orf152406,chr11_561063,NA,noncanonical,other,None,chrXI,561063,561374,+
orf149923,chr11_562547,YKR064W,canonical,conserved,Verified,chrXI,562547,565138,+
orf155606,chr11_565299,YKR065C,canonical,conserved,Verified,chrXI,565299,565892,-
orf153169,chr11_566113,YKR066C,canonical,conserved,Verified,chrXI,566113,567198,-
orf152444,chr11_567918,YKR067W,canonical,conserved,Verified,chrXI,567918,570149,+
orf155586,chr11_570150,NA,noncanonical,denovo,None,chrXI,570150,570245,-
orf153156,chr11_570328,YKR068C,canonical,conserved,Verified,chrXI,570328,570909,-
orf149938,chr11_570515,NA,noncanonical,other,None,chrXI,570515,570748,+
orf147583,chr11_571612,YKR069W,canonical,conserved,Verified,chrXI,571612,573393,+
orf158010,chr11_573461,NA,noncanonical,other,None,chrXI,573461,573625,-
orf147585,chr11_573574,YKR070W,canonical,conserved,Uncharacterized,chrXI,573574,574632,+
orf158004,chr11_574934,YKR071C,canonical,conserved,Verified,chrXI,574934,575980,-
orf155564,chr11_576435,YKR072C,canonical,conserved,Verified,chrXI,576435,578123,-
orf152467,chr11_576441,NA,noncanonical,denovo,None,chrXI,576441,576797,+
orf155563,chr11_578187,YKR073C,canonical,other,Uncharacterized,chrXI,578187,578507,-
orf149971,chr11_579209,YKR074W,canonical,conserved,Verified,chrXI,579209,579676,+
orf149973,chr11_579803,NA,noncanonical,denovo,None,chrXI,579803,580039,+
orf157979,chr11_579827,YKR075C,canonical,conserved,Uncharacterized,chrXI,579827,580750,-
orf152489,chr11_580212,YKR075W-A,noncanonical,other,Dubious,chrXI,580212,580481,+
orf153111,chr11_580747,NA,noncanonical,other,None,chrXI,580747,580884,-
orf150374,chr11_5814,NA,noncanonical,denovo,None,chrXI,5814,5876,+
orf147618,chr11_582283,YKR076W,canonical,conserved,Verified,chrXI,582283,583395,+
orf152501,chr11_583653,YKR077W,canonical,conserved,Verified,chrXI,583653,584744,+
orf152502,chr11_584952,YKR078W,canonical,conserved,Verified,chrXI,584952,586709,+
orf153083,chr11_586606,NA,noncanonical,denovo,None,chrXI,586606,586719,-
orf153082,chr11_586789,YKR079C,canonical,conserved,Verified,chrXI,586789,589305,-
orf147662,chr11_590395,YKR080W,canonical,conserved,Verified,chrXI,590395,591357,+
orf157947,chr11_591506,YKR081C,canonical,conserved,Verified,chrXI,591506,592540,-
orf147671,chr11_592825,YKR082W,canonical,conserved,Verified,chrXI,592825,596298,+
orf155477,chr11_596421,YKR083C,canonical,conserved,Verified,chrXI,596421,596822,-
orf153052,chr11_597055,YKR084C,canonical,conserved,Verified,chrXI,597055,598890,-
orf155460,chr11_599094,YKR085C,canonical,conserved,Verified,chrXI,599094,599681,-
orf147683,chr11_599857,YKR086W,canonical,conserved,Verified,chrXI,599857,603072,+
orf155445,chr11_603195,YKR087C,canonical,conserved,Verified,chrXI,603195,604232,-
orf153033,chr11_604405,YKR088C,canonical,conserved,Verified,chrXI,604405,605418,-
orf157895,chr11_605633,YKR089C,canonical,conserved,Verified,chrXI,605633,608365,-
orf152581,chr11_608946,YKR090W,canonical,conserved,Verified,chrXI,608946,611066,+
orf155425,chr11_610518,NA,noncanonical,denovo,None,chrXI,610518,610736,-
orf147953,chr11_6107,YKL221W,canonical,conserved,Verified,chrXI,6107,7528,+
orf147726,chr11_610996,NA,noncanonical,other,None,chrXI,610996,611232,+
orf150134,chr11_611525,YKR091W,canonical,conserved,Verified,chrXI,611525,612265,+
orf152590,chr11_612270,NA,noncanonical,denovo,None,chrXI,612270,612350,+
orf157874,chr11_612665,YKR092C,canonical,conserved,Verified,chrXI,612665,613885,-
orf152996,chr11_613888,NA,noncanonical,denovo,None,chrXI,613888,613959,-
orf150143,chr11_615092,NA,noncanonical,denovo,None,chrXI,615092,615223,+
orf150144,chr11_615533,NA,noncanonical,denovo,None,chrXI,615533,615625,+
orf147741,chr11_615730,YKR093W,canonical,conserved,Verified,chrXI,615730,617535,+
orf152603,chr11_617679,NA,noncanonical,denovo,None,chrXI,617679,617723,+
NA,chr11_617996,YKR094C,canonical,conserved,Verified,chrXI,617996,618750,-
orf155394,chr11_618699,NA,noncanonical,other,None,chrXI,618699,618911,-
orf150162,chr11_619805,YKR095W,canonical,conserved,Verified,chrXI,619805,625432,+
orf152667,chr11_625413,NA,noncanonical,other,None,chrXI,625413,625574,+
NA,chr11_625864,YKR095W-A,canonical,conserved,Verified,chrXI,625864,626205,+
orf157836,chr11_626282,NA,noncanonical,denovo,None,chrXI,626282,626491,-
orf152673,chr11_626793,YKR096W,canonical,conserved,Verified,chrXI,626793,630380,+
orf147786,chr11_630742,NA,noncanonical,other,None,chrXI,630742,630861,+
orf147787,chr11_630967,NA,noncanonical,denovo,None,chrXI,630967,631068,+
orf152675,chr11_631152,YKR097W,canonical,conserved,Verified,chrXI,631152,632801,+
orf150187,chr11_632873,NA,noncanonical,other,None,chrXI,632873,632971,+
orf157806,chr11_633026,YKR098C,canonical,conserved,Verified,chrXI,633026,635179,-
orf152687,chr11_635529,NA,noncanonical,denovo,None,chrXI,635529,635696,+
orf147812,chr11_635851,YKR099W,canonical,conserved,Verified,chrXI,635851,638286,+
orf159961,chr11_63614,NA,noncanonical,denovo,None,chrXI,63614,63871,-
orf155327,chr11_638901,YKR100C,canonical,conserved,Verified,chrXI,638901,639968,-
orf157399,chr11_63930,YKL201C,canonical,conserved,Verified,chrXI,63930,67466,-
orf147822,chr11_640468,YKR101W,canonical,conserved,Verified,chrXI,640468,642504,+
orf147826,chr11_643138,NA,noncanonical,denovo,None,chrXI,643138,643236,+
orf152708,chr11_643266,NA,noncanonical,denovo,None,chrXI,643266,643307,+
orf147827,chr11_643648,NA,noncanonical,denovo,None,chrXI,643648,643824,+
orf147835,chr11_645541,NA,noncanonical,other,None,chrXI,645541,645624,+
orf152716,chr11_645825,NA,noncanonical,denovo,None,chrXI,645825,645917,+
orf152720,chr11_646356,YKR102W,canonical,conserved,Verified,chrXI,646356,649865,+
orf152725,chr11_650469,NA,noncanonical,denovo,None,chrXI,650469,650588,+
orf150261,chr11_650630,NA,noncanonical,other,None,chrXI,650630,650701,+
orf147861,chr11_650710,NA,noncanonical,other,None,chrXI,650710,650754,+
orf150262,chr11_650792,NA,noncanonical,other,None,chrXI,650792,650845,+
orf147874,chr11_652861,NA,noncanonical,other,None,chrXI,652861,652911,+
orf147875,chr11_653080,YKR103W,canonical,conserved,Verified,chrXI,653080,656736,+
orf147876,chr11_656836,YKR104W,canonical,conserved,Verified,chrXI,656836,657756,+
orf152746,chr11_658119,NA,noncanonical,other,None,chrXI,658119,658280,+
orf155248,chr11_658716,YKR105C,canonical,conserved,Verified,chrXI,658716,660464,-
orf152754,chr11_660918,NA,noncanonical,other,None,chrXI,660918,661007,+
orf150322,chr11_661442,YKR106W,canonical,conserved,Verified,chrXI,661442,663289,+
orf155243,chr11_661884,NA,noncanonical,other,None,chrXI,661884,662018,-
orf152803,chr11_662149,NA,noncanonical,other,None,chrXI,662149,662523,-
orf145681,chr11_66850,NA,noncanonical,other,None,chrXI,66850,66990,+
orf150609,chr11_67011,NA,noncanonical,denovo,None,chrXI,67011,67175,+
orf159934,chr11_67799,NA,noncanonical,denovo,None,chrXI,67799,68029,-
orf154990,chr11_68137,NA,noncanonical,denovo,None,chrXI,68137,68226,-
orf157397,chr11_68232,YKL198C,canonical,conserved,Verified,chrXI,68232,70220,-
orf150613,chr11_68616,NA,noncanonical,denovo,None,chrXI,68616,69011,+
orf145695,chr11_69781,NA,noncanonical,other,None,chrXI,69781,69990,+
orf157396,chr11_70452,NA,noncanonical,denovo,None,chrXI,70452,70553,-
orf157394,chr11_70734,YKL197C,canonical,conserved,Verified,chrXI,70734,73865,-
orf148250,chr11_74156,NA,noncanonical,other,None,chrXI,74156,74230,+
orf145710,chr11_74746,NA,noncanonical,other,None,chrXI,74746,74826,+
orf154973,chr11_74932,YKL196C,canonical,conserved,Verified,chrXI,74932,75534,-
orf159890,chr11_75599,NA,noncanonical,other,None,chrXI,75599,75745,-
orf148259,chr11_75749,YKL195W,canonical,conserved,Verified,chrXI,75749,77032,+
orf159887,chr11_77114,NA,noncanonical,denovo,None,chrXI,77114,77209,-
orf159886,chr11_77258,YKL194C,canonical,conserved,Verified,chrXI,77258,78646,-
orf159885,chr11_78866,YKL193C,canonical,conserved,Verified,chrXI,78866,79882,-
orf154948,chr11_80053,NA,noncanonical,other,None,chrXI,80053,80118,-
orf148274,chr11_80117,NA,noncanonical,denovo,None,chrXI,80117,80266,+
orf157379,chr11_80160,YKL192C,canonical,conserved,Verified,chrXI,80160,80537,-
orf145720,chr11_80449,NA,noncanonical,other,None,chrXI,80449,80559,+
orf148278,chr11_81035,YKL191W,canonical,conserved,Verified,chrXI,81035,82639,+
NA,chr11_82947,YKL190W,canonical,conserved,Verified,chrXI,82947,83550,+
orf148293,chr11_84704,YKL189W,canonical,conserved,Verified,chrXI,84704,85903,+
orf150689,chr11_85932,NA,noncanonical,denovo,None,chrXI,85932,85979,+
orf159858,chr11_86225,YKL188C,canonical,conserved,Verified,chrXI,86225,88786,-
orf150697,chr11_88875,NA,noncanonical,denovo,None,chrXI,88875,89114,+
orf154902,chr11_89284,YKL187C,canonical,conserved,Verified,chrXI,89284,91536,-
orf148305,chr11_89723,NA,noncanonical,other,None,chrXI,89723,89962,+
orf155181,chr11_9091,YKL220C,canonical,conserved,Verified,chrXI,9091,11226,-
orf148309,chr11_91178,NA,noncanonical,other,None,chrXI,91178,91408,+
orf148310,chr11_91460,NA,noncanonical,other,None,chrXI,91460,91564,+
orf159852,chr11_92021,NA,noncanonical,denovo,None,chrXI,92021,92131,-
orf154897,chr11_92227,NA,noncanonical,denovo,None,chrXI,92227,92349,-
orf159850,chr11_92744,YKL186C,canonical,conserved,Verified,chrXI,92744,93298,-
orf159849,chr11_93473,NA,noncanonical,other,None,chrXI,93473,93535,-
orf154887,chr11_93532,NA,noncanonical,denovo,None,chrXI,93532,93648,-
orf148320,chr11_93599,NA,noncanonical,other,None,chrXI,93599,93775,+
orf148322,chr11_94106,NA,noncanonical,denovo,None,chrXI,94106,94231,+
orf148323,chr11_94499,YKL185W,canonical,conserved,Verified,chrXI,94499,96265,+
orf157318,chr11_95739,NA,noncanonical,denovo,None,chrXI,95739,96035,-
orf145775,chr11_96757,YKL184W,canonical,conserved,Verified,chrXI,96757,98157,+
orf145777,chr11_98248,NA,noncanonical,denovo,None,chrXI,98248,98412,+
orf148336,chr11_98564,NA,noncanonical,other,None,chrXI,98564,98653,+
orf150735,chr11_98721,YKL183W,canonical,conserved,Verified,chrXI,98721,99641,+
orf176326,chr12_1000342,YLR431C,canonical,conserved,Verified,chrXII,1000342,1001703,-
orf176324,chr12_1001926,NA,noncanonical,denovo,None,chrXII,1001926,1002039,-
orf167824,chr12_1002557,YLR432W,canonical,conserved,Verified,chrXII,1002557,1004128,+
orf176317,chr12_1004347,YLR433C,canonical,conserved,Verified,chrXII,1004347,1006008,-
orf172326,chr12_1006025,YLR434C,noncanonical,denovo,Dubious,chrXII,1006025,1006408,-
orf164050,chr12_1006246,YLR435W,canonical,conserved,Verified,chrXII,1006246,1006995,+
orf180030,chr12_1007421,YLR436C,canonical,conserved,Verified,chrXII,1007421,1011245,-
orf168478,chr12_100947,YLL021W,canonical,conserved,Verified,chrXII,100947,105347,+
orf180029,chr12_1011492,NA,noncanonical,other,None,chrXII,1011492,1011644,-
orf176306,chr12_1011622,YLR437C,canonical,conserved,Verified,chrXII,1011622,1012023,-
orf164072,chr12_1012501,YLR438W,canonical,conserved,Verified,chrXII,1012501,1013775,+
orf172300,chr12_1013114,NA,noncanonical,denovo,None,chrXII,1013114,1013347,-
orf171845,chr12_1013796,NA,noncanonical,other,None,chrXII,1013796,1013855,+
orf172297,chr12_1013909,YLR438C-A,canonical,conserved,Verified,chrXII,1013909,1014178,-
orf171846,chr12_1013976,NA,noncanonical,other,None,chrXII,1013976,1014254,+
orf167862,chr12_1014491,YLR439W,canonical,conserved,Verified,chrXII,1014491,1015450,+
orf172295,chr12_1014662,NA,noncanonical,denovo,None,chrXII,1014662,1014952,-
orf172292,chr12_1015568,YLR440C,canonical,conserved,Verified,chrXII,1015568,1017697,-
orf172291,chr12_1017983,NA,noncanonical,other,None,chrXII,1017983,1018093,-
orf176276,chr12_1018141,YLR441C,canonical,conserved,Verified,chrXII,1018141,1018908,-
orf172286,chr12_1019315,YLR442C,canonical,conserved,Verified,chrXII,1019315,1022251,-
orf171876,chr12_1022448,NA,noncanonical,denovo,None,chrXII,1022448,1022624,+
orf171877,chr12_1022625,YLR443W,canonical,conserved,Verified,chrXII,1022625,1023971,+
NA,chr12_1024189,YLR445W,canonical,conserved,Verified,chrXII,1024189,1024837,+
orf171883,chr12_1025214,YLR446W,canonical,conserved,Uncharacterized,chrXII,1025214,1026515,+
orf176225,chr12_1026430,NA,noncanonical,denovo,None,chrXII,1026430,1026528,-
orf176224,chr12_1026532,NA,noncanonical,denovo,None,chrXII,1026532,1026681,-
orf179977,chr12_1026750,NA,noncanonical,denovo,None,chrXII,1026750,1026830,-
orf176222,chr12_1026856,YLR447C,canonical,conserved,Verified,chrXII,1026856,1027893,-
NA,chr12_1028854,YLR448W,canonical,conserved,Verified,chrXII,1028854,1029768,+
orf176210,chr12_1030288,NA,noncanonical,denovo,None,chrXII,1030288,1030356,-
orf167918,chr12_1030322,NA,noncanonical,denovo,None,chrXII,1030322,1030528,+
orf172247,chr12_1030376,NA,noncanonical,denovo,None,chrXII,1030376,1030483,-
orf164130,chr12_1030834,YLR449W,canonical,conserved,Verified,chrXII,1030834,1032012,+
orf171904,chr12_1032627,YLR450W,canonical,conserved,Verified,chrXII,1032627,1035764,+
orf176191,chr12_1035592,NA,noncanonical,denovo,None,chrXII,1035592,1035756,-
orf167943,chr12_1035779,NA,noncanonical,denovo,None,chrXII,1035779,1035946,+
orf164154,chr12_1036093,YLR451W,canonical,conserved,Verified,chrXII,1036093,1038753,+
orf176181,chr12_1039270,YLR452C,canonical,conserved,Verified,chrXII,1039270,1041366,-
orf179906,chr12_1041690,NA,noncanonical,other,None,chrXII,1041690,1041809,-
orf176178,chr12_1041799,YLR453C,canonical,conserved,Verified,chrXII,1041799,1042986,-
orf164176,chr12_1042783,NA,noncanonical,denovo,None,chrXII,1042783,1043046,+
orf176177,chr12_1042999,NA,noncanonical,denovo,None,chrXII,1042999,1043193,-
orf164181,chr12_1043998,YLR454W,canonical,conserved,Uncharacterized,chrXII,1043998,1051884,+
orf172152,chr12_1052684,NA,noncanonical,other,None,chrXII,1052684,1052764,-
orf176134,chr12_1052812,NA,noncanonical,other,None,chrXII,1052812,1052916,-
orf172150,chr12_1053110,NA,noncanonical,other,None,chrXII,1053110,1053205,-
orf168047,chr12_1053629,YLR455W,canonical,conserved,Verified,chrXII,1053629,1054543,+
orf171972,chr12_1055070,YLR456W,canonical,conserved,Uncharacterized,chrXII,1055070,1055684,+
orf176118,chr12_1055812,YLR457C,canonical,conserved,Verified,chrXII,1055812,1056771,-
orf175668,chr12_105686,YLL019C,canonical,conserved,Verified,chrXII,105686,107899,-
orf172142,chr12_1056935,NA,noncanonical,denovo,None,chrXII,1056935,1057015,-
orf168481,chr12_105729,NA,noncanonical,other,None,chrXII,105729,105977,+
orf168057,chr12_1057334,YLR459W,canonical,conserved,Verified,chrXII,1057334,1058518,+
orf168058,chr12_1058570,NA,noncanonical,other,None,chrXII,1058570,1058671,+
orf164205,chr12_1058719,NA,noncanonical,other,None,chrXII,1058719,1058856,+
orf172136,chr12_1058726,NA,noncanonical,other,None,chrXII,1058726,1058905,-
orf176106,chr12_1059046,NA,noncanonical,other,None,chrXII,1059046,1059138,-
orf176105,chr12_1059166,NA,noncanonical,other,None,chrXII,1059166,1059333,-
orf176101,chr12_1059757,YLR460C,canonical,conserved,Uncharacterized,chrXII,1059757,1060887,-
orf164221,chr12_1062919,YLR461W,canonical,conserved,Verified,chrXII,1062919,1063281,+
orf172115,chr12_1064495,NA,noncanonical,other,None,chrXII,1064495,1064749,-
orf168096,chr12_1065956,YLR462W,canonical,conserved,Uncharacterized,chrXII,1065956,1066564,+
orf168101,chr12_1067087,YLR466W,canonical,conserved,Verified,chrXII,1067087,1071235,+
orf179795,chr12_1071594,YLR466C-B,noncanonical,other,Dubious,chrXII,1071594,1071710,-
orf179461,chr12_108676,YLL018C-A,canonical,conserved,Verified,chrXII,108676,108972,-
orf179460,chr12_109288,NA,noncanonical,denovo,None,chrXII,109288,109530,-
orf179457,chr12_109867,NA,noncanonical,other,None,chrXII,109867,109905,-
orf183518,chr12_109902,YLL018C,canonical,conserved,Verified,chrXII,109902,111575,-
orf164666,chr12_111941,NA,noncanonical,denovo,None,chrXII,111941,112054,+
orf160666,chr12_112234,YLL017W,noncanonical,other,pseudogene,chrXII,112234,112545,+
orf164670,chr12_112847,YLL016W,noncanonical,other,pseudogene,chrXII,112847,115993,+
orf179447,chr12_114076,NA,noncanonical,denovo,None,chrXII,114076,114216,-
orf168533,chr12_115893,NA,noncanonical,other,None,chrXII,115893,116171,+
orf164673,chr12_116432,YLL015W,canonical,conserved,Verified,chrXII,116432,121111,+
orf179423,chr12_120688,NA,noncanonical,other,None,chrXII,120688,120951,-
orf160683,chr12_121111,NA,noncanonical,other,None,chrXII,121111,121227,+
orf164675,chr12_121322,YLL014W,canonical,conserved,Verified,chrXII,121322,121648,+
orf183471,chr12_121785,NA,noncanonical,denovo,None,chrXII,121785,121937,-
orf175616,chr12_122075,YLL013C,canonical,conserved,Verified,chrXII,122075,124714,-
orf164693,chr12_125534,YLL012W,canonical,conserved,Verified,chrXII,125534,127255,+
orf164696,chr12_127523,YLL011W,canonical,conserved,Verified,chrXII,127523,128992,+
orf179391,chr12_129121,NA,noncanonical,other,None,chrXII,129121,129330,-
orf183454,chr12_129330,YLL010C,canonical,conserved,Verified,chrXII,129330,130613,-
orf183452,chr12_131205,YLL009C,canonical,conserved,Verified,chrXII,131205,131414,-
orf164704,chr12_131729,YLL008W,canonical,conserved,Verified,chrXII,131729,133987,+
orf179380,chr12_134302,YLL007C,canonical,conserved,Verified,chrXII,134302,136299,-
orf164717,chr12_136586,YLL006W,canonical,conserved,Verified,chrXII,136586,137866,+
orf164718,chr12_137873,NA,noncanonical,denovo,None,chrXII,137873,138001,+
orf183429,chr12_137940,YLL005C,canonical,conserved,Verified,chrXII,137940,140546,-
orf168663,chr12_138822,NA,noncanonical,denovo,None,chrXII,138822,138947,+
orf160746,chr12_141073,YLL004W,canonical,conserved,Verified,chrXII,141073,142923,+
orf164744,chr12_143201,YLL003W,canonical,conserved,Verified,chrXII,143201,146041,+
orf164747,chr12_146291,YLL002W,canonical,conserved,Verified,chrXII,146291,147601,+
orf175972,chr12_14648,YLL063C,canonical,conserved,Verified,chrXII,14648,16072,-
orf164749,chr12_147890,YLL001W,canonical,conserved,Verified,chrXII,147890,150163,+
orf168722,chr12_151242,NA,noncanonical,other,None,chrXII,151242,151298,+
orf183384,chr12_151389,YLR001C,canonical,conserved,Uncharacterized,chrXII,151389,153977,-
orf168724,chr12_151512,NA,noncanonical,denovo,None,chrXII,151512,151649,+
orf160768,chr12_151636,NA,noncanonical,other,None,chrXII,151636,151866,+
orf175494,chr12_154343,YLR002C,canonical,conserved,Verified,chrXII,154343,156334,-
orf183378,chr12_156855,YLR003C,canonical,conserved,Verified,chrXII,156855,157730,-
orf175481,chr12_157934,YLR004C,canonical,conserved,Verified,chrXII,157934,159505,-
orf164789,chr12_160049,YLR005W,canonical,conserved,Verified,chrXII,160049,161434,+
orf179300,chr12_160126,NA,noncanonical,other,None,chrXII,160126,160509,-
orf164790,chr12_161558,NA,noncanonical,denovo,None,chrXII,161558,161653,+
orf179291,chr12_161755,YLR006C,canonical,conserved,Verified,chrXII,161755,163893,-
orf179717,chr12_16270,NA,noncanonical,other,None,chrXII,16270,16344,-
orf160813,chr12_164392,YLR007W,canonical,conserved,Verified,chrXII,164392,165402,+
orf175460,chr12_165473,NA,noncanonical,other,None,chrXII,165473,165535,-
orf179285,chr12_165577,YLR008C,canonical,conserved,Verified,chrXII,165577,166083,-
orf179715,chr12_16639,YLL062C,canonical,conserved,Verified,chrXII,16639,17613,-
orf160820,chr12_166537,YLR009W,canonical,conserved,Verified,chrXII,166537,167136,+
orf183338,chr12_167184,NA,noncanonical,denovo,None,chrXII,167184,167240,-
orf179280,chr12_167320,YLR010C,canonical,conserved,Verified,chrXII,167320,167802,-
orf164820,chr12_169103,YLR011W,canonical,conserved,Verified,chrXII,169103,169678,+
orf175447,chr12_169982,YLR012C,canonical,conserved,Uncharacterized,chrXII,169982,170350,-
orf175436,chr12_172268,YLR014C,canonical,conserved,Verified,chrXII,172268,174982,-
orf168831,chr12_175227,YLR015W,canonical,conserved,Verified,chrXII,175227,176744,+
orf175432,chr12_176624,NA,noncanonical,other,None,chrXII,176624,176752,-
orf183298,chr12_176802,YLR016C,canonical,conserved,Verified,chrXII,176802,177416,-
orf164846,chr12_177608,YLR017W,canonical,conserved,Verified,chrXII,177608,178621,+
orf183291,chr12_178707,YLR018C,canonical,conserved,Verified,chrXII,178707,179606,-
orf160294,chr12_17956,YLL061W,canonical,conserved,Verified,chrXII,17956,19707,+
orf168844,chr12_180288,YLR019W,canonical,conserved,Verified,chrXII,180288,181481,+
orf179213,chr12_181789,YLR020C,canonical,conserved,Verified,chrXII,181789,183405,-
orf164863,chr12_183623,YLR021W,canonical,conserved,Verified,chrXII,183623,184162,+
orf179211,chr12_184174,YLR022C,canonical,conserved,Verified,chrXII,184174,184926,-
orf175396,chr12_185498,YLR023C,canonical,conserved,Verified,chrXII,185498,187129,-
orf179200,chr12_187663,YLR024C,canonical,conserved,Verified,chrXII,187663,193281,-
orf168879,chr12_188139,NA,noncanonical,denovo,None,chrXII,188139,188285,+
orf164886,chr12_188384,NA,noncanonical,other,None,chrXII,188384,188611,+
orf164903,chr12_193658,NA,noncanonical,other,None,chrXII,193658,193783,+
orf160952,chr12_194452,YLR025W,canonical,conserved,Verified,chrXII,194452,195174,+
orf183192,chr12_195450,YLR026C,canonical,conserved,Verified,chrXII,195450,196472,-
orf175359,chr12_196829,YLR027C,canonical,conserved,Verified,chrXII,196829,198127,-
orf175354,chr12_199400,NA,noncanonical,denovo,None,chrXII,199400,199525,-
orf179171,chr12_199540,YLR028C,canonical,conserved,Verified,chrXII,199540,201315,-
orf175350,chr12_201641,NA,noncanonical,denovo,None,chrXII,201641,201709,-
orf179170,chr12_201976,YLR029C,canonical,conserved,Verified,chrXII,201976,202590,-
orf179166,chr12_203272,NA,noncanonical,denovo,None,chrXII,203272,203463,-
orf160983,chr12_203290,YLR030W,canonical,conserved,Uncharacterized,chrXII,203290,204081,+
orf175955,chr12_20336,NA,noncanonical,other,None,chrXII,20336,20467,-
orf179164,chr12_203638,NA,noncanonical,denovo,None,chrXII,203638,203745,-
orf168949,chr12_204225,YLR031W,canonical,conserved,Uncharacterized,chrXII,204225,204785,+
orf160990,chr12_204991,YLR032W,canonical,conserved,Verified,chrXII,204991,208500,+
orf179706,chr12_20779,NA,noncanonical,denovo,None,chrXII,20779,20895,-
orf168957,chr12_208761,YLR033W,canonical,conserved,Verified,chrXII,208761,210269,+
orf175313,chr12_210512,YLR034C,canonical,conserved,Verified,chrXII,210512,211933,-
orf183885,chr12_21138,YLL060C,canonical,conserved,Verified,chrXII,21138,21839,-
orf179133,chr12_212119,NA,noncanonical,other,None,chrXII,212119,212184,-
orf175311,chr12_212369,YLR035C,canonical,conserved,Verified,chrXII,212369,214456,-
orf168981,chr12_214083,NA,noncanonical,other,None,chrXII,214083,214397,+
orf179116,chr12_215440,YLR035C-A,canonical,conserved,transposable_element_gene,chrXII,215440,218907,-
orf165027,chr12_221147,NA,noncanonical,other,None,chrXII,221147,221230,+
orf179702,chr12_22135,NA,noncanonical,other,None,chrXII,22135,22296,-
orf169019,chr12_221412,NA,noncanonical,other,None,chrXII,221412,221501,+
orf175292,chr12_221444,NA,noncanonical,other,None,chrXII,221444,221506,-
orf179103,chr12_221521,YLR036C,canonical,conserved,Uncharacterized,chrXII,221521,222132,-
orf161061,chr12_222484,NA,noncanonical,other,None,chrXII,222484,222645,+
orf179100,chr12_222685,YLR037C,canonical,conserved,Verified,chrXII,222685,223059,-
orf183075,chr12_223614,NA,noncanonical,denovo,None,chrXII,223614,223820,-
orf179097,chr12_223861,NA,noncanonical,denovo,None,chrXII,223861,223938,-
orf183074,chr12_224055,NA,noncanonical,denovo,None,chrXII,224055,224156,-
orf175943,chr12_22415,NA,noncanonical,other,None,chrXII,22415,22522,-
orf165040,chr12_224300,NA,noncanonical,other,None,chrXII,224300,224362,+
orf161070,chr12_224338,NA,noncanonical,other,None,chrXII,224338,224457,+
orf161072,chr12_224542,NA,noncanonical,denovo,None,chrXII,224542,224625,+
orf175284,chr12_224642,NA,noncanonical,denovo,None,chrXII,224642,224704,-
orf179093,chr12_224743,NA,noncanonical,other,None,chrXII,224743,224970,-
orf175282,chr12_224921,YLR038C,canonical,conserved,Verified,chrXII,224921,225172,-
orf179090,chr12_225346,NA,noncanonical,denovo,None,chrXII,225346,225411,-
orf183067,chr12_225426,YLR039C,canonical,conserved,Verified,chrXII,225426,228596,-
orf165052,chr12_228746,NA,noncanonical,denovo,None,chrXII,228746,228955,+
orf175248,chr12_228908,YLR040C,canonical,conserved,Verified,chrXII,228908,229582,-
orf169054,chr12_229146,NA,noncanonical,other,None,chrXII,229146,229262,+
orf169055,chr12_229377,YLR041W,noncanonical,other,Dubious,chrXII,229377,229697,+
orf169056,chr12_229812,NA,noncanonical,denovo,None,chrXII,229812,230024,+
orf179076,chr12_229966,YLR042C,canonical,conserved,Verified,chrXII,229966,230451,-
orf165058,chr12_230168,NA,noncanonical,other,None,chrXII,230168,230278,+
orf183062,chr12_230604,NA,noncanonical,denovo,None,chrXII,230604,230852,-
orf161103,chr12_230911,NA,noncanonical,other,None,chrXII,230911,230955,+
orf169062,chr12_230973,NA,noncanonical,other,None,chrXII,230973,231107,+
orf183060,chr12_231495,NA,noncanonical,other,None,chrXII,231495,231692,-
orf183059,chr12_231702,YLR043C,canonical,conserved,Verified,chrXII,231702,232013,-
orf179069,chr12_232390,YLR044C,canonical,conserved,Verified,chrXII,232390,234081,-
orf165068,chr12_232466,NA,noncanonical,other,None,chrXII,232466,232564,+
orf168187,chr12_23361,NA,noncanonical,other,None,chrXII,23361,23480,+
orf175229,chr12_235037,YLR045C,canonical,conserved,Verified,chrXII,235037,237703,-
orf160313,chr12_23569,YLL058W,canonical,conserved,Uncharacterized,chrXII,23569,25296,+
orf175227,chr12_238001,YLR046C,canonical,conserved,Uncharacterized,chrXII,238001,238813,-
orf179039,chr12_238840,NA,noncanonical,other,None,chrXII,238840,238911,-
orf179038,chr12_239008,NA,noncanonical,other,None,chrXII,239008,239046,-
orf175226,chr12_239048,NA,noncanonical,other,None,chrXII,239048,239110,-
orf179036,chr12_239347,YLR047C,canonical,conserved,Verified,chrXII,239347,241407,-
NA,chr12_242232,YLR048W,canonical,conserved,Verified,chrXII,242232,243349,+
orf179024,chr12_243886,YLR049C,canonical,conserved,Uncharacterized,chrXII,243886,245172,-
orf179022,chr12_245587,YLR050C,canonical,conserved,Uncharacterized,chrXII,245587,246072,-
orf183003,chr12_246324,YLR051C,canonical,conserved,Verified,chrXII,246324,246977,-
orf161163,chr12_247201,YLR052W,canonical,conserved,Verified,chrXII,247201,247953,+
orf169125,chr12_248004,NA,noncanonical,other,None,chrXII,248004,248066,+
orf182998,chr12_248100,YLR053C,canonical,conserved,Uncharacterized,chrXII,248100,248426,-
NA,chr12_248717,YLR054C,canonical,conserved,Verified,chrXII,248717,250978,-
orf169132,chr12_249483,NA,noncanonical,other,None,chrXII,249483,249635,+
orf169134,chr12_250161,NA,noncanonical,other,None,chrXII,250161,250385,+
orf179001,chr12_251272,YLR055C,canonical,conserved,Verified,chrXII,251272,253080,-
orf161181,chr12_253861,YLR056W,canonical,conserved,Verified,chrXII,253861,254958,+
orf178987,chr12_254833,NA,noncanonical,other,None,chrXII,254833,254982,-
orf169149,chr12_255306,YLR057W,canonical,conserved,Verified,chrXII,255306,257855,+
orf179691,chr12_25615,NA,noncanonical,denovo,None,chrXII,25615,25746,-
orf179690,chr12_25756,YLL057C,canonical,conserved,Verified,chrXII,25756,26994,-
orf165170,chr12_257852,NA,noncanonical,other,None,chrXII,257852,257935,+
orf178971,chr12_257992,YLR058C,canonical,conserved,Verified,chrXII,257992,259401,-
orf178969,chr12_259738,YLR059C,canonical,conserved,Verified,chrXII,259738,260547,-
orf161212,chr12_260005,NA,noncanonical,other,None,chrXII,260005,260355,+
orf169158,chr12_260979,YLR060W,canonical,conserved,Verified,chrXII,260979,262766,+
NA,chr12_263194,YLR061W,canonical,conserved,Verified,chrXII,263194,263948,+
orf161232,chr12_264157,YLR063W,canonical,conserved,Verified,chrXII,264157,265254,+
orf160321,chr12_26416,NA,noncanonical,other,None,chrXII,26416,26604,+
orf165201,chr12_265241,NA,noncanonical,other,None,chrXII,265241,265444,+
orf161233,chr12_265456,YLR064W,canonical,conserved,Verified,chrXII,265456,266277,+
orf165206,chr12_266279,NA,noncanonical,denovo,None,chrXII,266279,266335,+
orf182934,chr12_266373,YLR065C,canonical,conserved,Verified,chrXII,266373,266918,-
orf161235,chr12_266548,NA,noncanonical,denovo,None,chrXII,266548,266868,+
orf161236,chr12_267169,YLR066W,canonical,conserved,Verified,chrXII,267169,267723,+
orf160322,chr12_26722,NA,noncanonical,denovo,None,chrXII,26722,26829,+
orf178945,chr12_267754,NA,noncanonical,other,None,chrXII,267754,267810,-
orf182931,chr12_267813,YLR067C,canonical,conserved,Verified,chrXII,267813,270710,-
orf169189,chr12_271008,YLR068W,canonical,conserved,Verified,chrXII,271008,271463,+
orf169190,chr12_271467,NA,noncanonical,denovo,None,chrXII,271467,271535,+
orf178937,chr12_271630,YLR069C,canonical,conserved,Verified,chrXII,271630,273915,-
orf161259,chr12_273460,NA,noncanonical,denovo,None,chrXII,273460,273834,+
orf179687,chr12_27409,YLL056C,canonical,conserved,Verified,chrXII,27409,28305,-
orf178936,chr12_274141,YLR070C,canonical,conserved,Verified,chrXII,274141,275211,-
orf165243,chr12_274427,NA,noncanonical,other,None,chrXII,274427,274795,+
orf169204,chr12_274743,NA,noncanonical,other,None,chrXII,274743,274958,+
orf169205,chr12_274998,NA,noncanonical,other,None,chrXII,274998,275099,+
orf175078,chr12_275378,YLR071C,canonical,conserved,Verified,chrXII,275378,278626,-
orf169219,chr12_278862,YLR072W,canonical,conserved,Verified,chrXII,278862,280943,+
orf175070,chr12_280238,NA,noncanonical,other,None,chrXII,280238,280894,-
orf182890,chr12_281019,YLR073C,canonical,conserved,Verified,chrXII,281019,281621,-
orf178901,chr12_281788,NA,noncanonical,other,None,chrXII,281788,281859,-
orf178900,chr12_281956,YLR074C,canonical,conserved,Verified,chrXII,281956,282456,-
orf165274,chr12_282827,NA,noncanonical,denovo,None,chrXII,282827,282916,+
orf169227,chr12_282927,YLR075W,canonical,conserved,Verified,chrXII,282927,283592,+
orf169228,chr12_283872,YLR077W,canonical,conserved,Verified,chrXII,283872,285623,+
NA,chr12_285736,YLR078C,canonical,conserved,Verified,chrXII,285736,286559,-
orf165288,chr12_286820,YLR079W,canonical,conserved,Verified,chrXII,286820,287674,+
orf169243,chr12_287613,NA,noncanonical,other,None,chrXII,287613,287810,+
orf169244,chr12_287916,YLR080W,canonical,conserved,Verified,chrXII,287916,289250,+
orf161351,chr12_290212,YLR081W,canonical,conserved,Verified,chrXII,290212,291936,+
orf182847,chr12_291012,NA,noncanonical,denovo,None,chrXII,291012,291119,-
orf182846,chr12_291264,NA,noncanonical,other,None,chrXII,291264,291437,-
orf183844,chr12_29163,NA,noncanonical,denovo,None,chrXII,29163,29231,-
orf175025,chr12_292295,NA,noncanonical,other,None,chrXII,292295,292342,-
orf175024,chr12_292394,YLR082C,canonical,conserved,Verified,chrXII,292394,293572,-
orf178854,chr12_294091,YLR083C,canonical,conserved,Verified,chrXII,294091,296094,-
orf175923,chr12_29417,NA,noncanonical,denovo,None,chrXII,29417,29500,-
orf182821,chr12_296589,YLR084C,canonical,conserved,Verified,chrXII,296589,300251,-
orf164377,chr12_29666,NA,noncanonical,denovo,None,chrXII,29666,29740,+
orf174983,chr12_300326,NA,noncanonical,denovo,None,chrXII,300326,300445,-
orf178843,chr12_300673,YLR085C,canonical,conserved,Verified,chrXII,300673,301989,-
orf160338,chr12_30109,YLL055W,canonical,conserved,Verified,chrXII,30109,31704,+
orf165349,chr12_302243,YLR086W,canonical,conserved,Verified,chrXII,302243,306499,+
orf161393,chr12_306544,NA,noncanonical,denovo,None,chrXII,306544,306615,+
orf165350,chr12_306638,NA,noncanonical,other,None,chrXII,306638,306715,+
orf182791,chr12_306855,YLR087C,canonical,conserved,Verified,chrXII,306855,315731,-
orf161398,chr12_307372,NA,noncanonical,other,None,chrXII,307372,307725,+
orf169358,chr12_316107,YLR088W,canonical,conserved,Verified,chrXII,316107,317951,+
orf182782,chr12_318237,YLR089C,canonical,conserved,Verified,chrXII,318237,320015,-
orf161454,chr12_320701,YLR090W,canonical,conserved,Verified,chrXII,320701,322080,+
orf161458,chr12_322297,YLR091W,canonical,conserved,Verified,chrXII,322297,323178,+
orf178779,chr12_323230,NA,noncanonical,other,None,chrXII,323230,323352,-
orf169380,chr12_323544,YLR092W,canonical,conserved,Verified,chrXII,323544,326225,+
orf174873,chr12_324080,NA,noncanonical,other,None,chrXII,324080,324247,-
orf174871,chr12_324599,NA,noncanonical,other,None,chrXII,324599,324790,-
orf182766,chr12_325380,NA,noncanonical,denovo,None,chrXII,325380,325544,-
orf182760,chr12_326346,NA,noncanonical,other,None,chrXII,326346,326396,-
NA,chr12_326513,YLR093C,canonical,conserved,Verified,chrXII,326513,327415,-
orf183828,chr12_32673,YLL054C,canonical,conserved,Uncharacterized,chrXII,32673,35204,-
orf178754,chr12_327730,YLR094C,canonical,conserved,Verified,chrXII,327730,329238,-
orf178751,chr12_329677,YLR095C,canonical,conserved,Verified,chrXII,329677,332115,-
orf161494,chr12_332590,YLR096W,canonical,conserved,Verified,chrXII,332590,336033,+
orf178728,chr12_336184,NA,noncanonical,other,None,chrXII,336184,336234,-
orf182713,chr12_336231,YLR097C,canonical,conserved,Verified,chrXII,336231,337265,-
orf182712,chr12_337527,YLR098C,canonical,conserved,Verified,chrXII,337527,339473,-
orf161506,chr12_339307,NA,noncanonical,other,None,chrXII,339307,339489,+
orf182710,chr12_339744,YLR099C,canonical,conserved,Verified,chrXII,339744,340928,-
orf161510,chr12_339916,NA,noncanonical,other,None,chrXII,339916,340068,+
orf169426,chr12_341325,YLR099W-A,canonical,conserved,Verified,chrXII,341325,341588,+
orf161516,chr12_341602,NA,noncanonical,denovo,None,chrXII,341602,341784,+
orf178706,chr12_341734,NA,noncanonical,other,None,chrXII,341734,341913,-
orf165516,chr12_341810,YLR100W,canonical,conserved,Verified,chrXII,341810,342853,+
orf178697,chr12_342970,YLR102C,canonical,conserved,Verified,chrXII,342970,343767,-
orf182691,chr12_343989,YLR103C,canonical,conserved,Verified,chrXII,343989,345941,-
orf165535,chr12_346256,NA,noncanonical,other,None,chrXII,346256,346372,+
orf161537,chr12_346585,YLR104W,canonical,conserved,Uncharacterized,chrXII,346585,346980,+
orf178686,chr12_347047,YLR105C,canonical,conserved,Verified,chrXII,347047,348180,-
orf178681,chr12_349006,YLR106C,canonical,conserved,Verified,chrXII,349006,363738,-
orf179663,chr12_35503,YLL053C,canonical,conserved,Uncharacterized,chrXII,35503,35961,-
orf175890,chr12_35912,YLL052C,canonical,conserved,Verified,chrXII,35912,36361,-
orf179660,chr12_36379,NA,noncanonical,denovo,None,chrXII,36379,36438,-
orf169518,chr12_364116,YLR107W,canonical,conserved,Verified,chrXII,364116,365330,+
orf175888,chr12_36506,NA,noncanonical,denovo,None,chrXII,36506,36565,-
orf165608,chr12_366536,NA,noncanonical,other,None,chrXII,366536,366661,+
orf178666,chr12_366667,YLR108C,canonical,conserved,Verified,chrXII,366667,368124,-
orf183823,chr12_36825,NA,noncanonical,denovo,None,chrXII,36825,36914,-
orf169533,chr12_368781,YLR109W,canonical,conserved,Verified,chrXII,368781,369311,+
orf178663,chr12_369415,NA,noncanonical,denovo,None,chrXII,369415,369534,-
orf178662,chr12_369697,YLR110C,canonical,conserved,Verified,chrXII,369697,370098,-
orf165621,chr12_370391,YLR111W,canonical,denovo,Uncharacterized,chrXII,370391,370723,+
orf169538,chr12_370791,YLR112W,canonical,denovo,Uncharacterized,chrXII,370791,371210,+
orf161622,chr12_371239,NA,noncanonical,denovo,None,chrXII,371239,371514,+
orf161623,chr12_371620,YLR113W,canonical,conserved,Verified,chrXII,371620,372927,+
orf169540,chr12_373194,NA,noncanonical,other,None,chrXII,373194,373334,+
orf179657,chr12_37333,YLL051C,canonical,conserved,Verified,chrXII,37333,39471,-
orf169541,chr12_373623,NA,noncanonical,other,None,chrXII,373623,373685,+
orf165636,chr12_373673,NA,noncanonical,other,None,chrXII,373673,373756,+
orf174705,chr12_374792,NA,noncanonical,other,None,chrXII,374792,374947,-
orf178641,chr12_374944,YLR114C,canonical,conserved,Verified,chrXII,374944,377238,-
orf169563,chr12_377985,YLR115W,canonical,conserved,Verified,chrXII,377985,380564,+
orf165655,chr12_380822,YLR116W,canonical,conserved,Verified,chrXII,380822,382252,+
orf178614,chr12_382471,YLR117C,canonical,conserved,Verified,chrXII,382471,384534,-
orf174667,chr12_384725,YLR118C,canonical,conserved,Verified,chrXII,384725,385408,-
orf161676,chr12_385534,YLR119W,canonical,conserved,Verified,chrXII,385534,386175,+
orf178604,chr12_386062,NA,noncanonical,denovo,None,chrXII,386062,386193,-
orf165677,chr12_386201,NA,noncanonical,denovo,None,chrXII,386201,386257,+
orf182447,chr12_386511,YLR120C,canonical,conserved,Verified,chrXII,386511,388220,-
orf165690,chr12_388172,NA,noncanonical,denovo,None,chrXII,388172,388384,+
orf178601,chr12_388261,NA,noncanonical,denovo,None,chrXII,388261,388473,-
orf174648,chr12_388445,NA,noncanonical,other,None,chrXII,388445,388495,-
orf178600,chr12_388525,NA,noncanonical,denovo,None,chrXII,388525,388608,-
orf178599,chr12_388744,YLR121C,canonical,conserved,Verified,chrXII,388744,390270,-
orf169594,chr12_389325,NA,noncanonical,denovo,None,chrXII,389325,389444,+
orf165695,chr12_389594,NA,noncanonical,other,None,chrXII,389594,389698,+
orf169596,chr12_389856,NA,noncanonical,denovo,None,chrXII,389856,389921,+
orf165698,chr12_390695,NA,noncanonical,denovo,None,chrXII,390695,390874,+
orf182434,chr12_390954,YLR122C,canonical,other,Uncharacterized,chrXII,390954,391331,-
orf174640,chr12_391442,NA,noncanonical,other,None,chrXII,391442,391510,-
orf169602,chr12_392043,NA,noncanonical,denovo,None,chrXII,392043,392096,+
orf182425,chr12_393075,NA,noncanonical,other,None,chrXII,393075,393179,-
orf161709,chr12_393484,YLR125W,canonical,conserved,Uncharacterized,chrXII,393484,393894,+
orf165712,chr12_394028,NA,noncanonical,other,None,chrXII,394028,394081,+
orf161711,chr12_394303,NA,noncanonical,other,None,chrXII,394303,394380,+
orf178579,chr12_394765,YLR126C,canonical,conserved,Verified,chrXII,394765,395520,-
orf174613,chr12_395669,NA,noncanonical,other,None,chrXII,395669,395761,-
orf178578,chr12_395758,YLR127C,canonical,conserved,Verified,chrXII,395758,398319,-
orf165722,chr12_396512,NA,noncanonical,other,None,chrXII,396512,396670,+
orf183810,chr12_39654,NA,noncanonical,denovo,None,chrXII,39654,39716,-
orf179655,chr12_39709,NA,noncanonical,other,None,chrXII,39709,39798,-
NA,chr12_39804,YLL050C,canonical,conserved,Verified,chrXII,39804,40414,-
NA,chr12_398530,YLR128W,canonical,conserved,Verified,chrXII,398530,399433,+
orf169633,chr12_399657,YLR129W,canonical,conserved,Verified,chrXII,399657,402488,+
orf182364,chr12_402594,NA,noncanonical,other,None,chrXII,402594,402803,-
orf174590,chr12_402794,YLR130C,canonical,conserved,Verified,chrXII,402794,404062,-
orf165750,chr12_403547,NA,noncanonical,other,None,chrXII,403547,403726,+
orf169643,chr12_404073,NA,noncanonical,denovo,None,chrXII,404073,404180,+
orf182362,chr12_404145,NA,noncanonical,denovo,None,chrXII,404145,404201,-
orf174588,chr12_404510,YLR131C,canonical,conserved,Verified,chrXII,404510,406822,-
orf160383,chr12_40666,YLL049W,canonical,conserved,Verified,chrXII,40666,41205,+
orf182358,chr12_407283,YLR132C,canonical,conserved,Verified,chrXII,407283,408155,-
orf161779,chr12_408145,NA,noncanonical,denovo,None,chrXII,408145,408294,+
orf161780,chr12_408445,YLR133W,canonical,conserved,Verified,chrXII,408445,410193,+
orf183805,chr12_41004,NA,noncanonical,other,None,chrXII,41004,41120,-
orf169664,chr12_410571,NA,noncanonical,other,None,chrXII,410571,410735,+
orf165794,chr12_410723,YLR134W,canonical,conserved,Verified,chrXII,410723,412414,+
orf183803,chr12_41280,YLL048C,canonical,conserved,Verified,chrXII,41280,46265,-
orf161794,chr12_413281,YLR135W,canonical,conserved,Verified,chrXII,413281,415527,+
orf182331,chr12_415338,NA,noncanonical,other,None,chrXII,415338,415475,-
orf161795,chr12_415534,NA,noncanonical,denovo,None,chrXII,415534,415590,+
orf174558,chr12_415577,NA,noncanonical,other,None,chrXII,415577,415729,-
orf178500,chr12_415801,YLR136C,canonical,conserved,Verified,chrXII,415801,416658,-
orf169685,chr12_416640,NA,noncanonical,denovo,None,chrXII,416640,416870,+
orf169686,chr12_417006,YLR137W,canonical,conserved,Verified,chrXII,417006,418109,+
orf169687,chr12_418437,YLR138W,canonical,conserved,Verified,chrXII,418437,421394,+
orf182305,chr12_421542,YLR139C,canonical,conserved,Verified,chrXII,421542,423473,-
orf165837,chr12_423683,YLR141W,canonical,conserved,Verified,chrXII,423683,424774,+
orf161843,chr12_424759,NA,noncanonical,other,None,chrXII,424759,424806,+
orf165841,chr12_425186,YLR142W,canonical,conserved,Verified,chrXII,425186,426616,+
orf178472,chr12_425263,NA,noncanonical,other,None,chrXII,425263,425463,-
orf178471,chr12_425476,NA,noncanonical,other,None,chrXII,425476,425745,-
orf169718,chr12_427329,YLR143W,canonical,conserved,Verified,chrXII,427329,429386,+
orf174506,chr12_429677,YLR144C,canonical,conserved,Verified,chrXII,429677,432016,-
orf169735,chr12_432168,YLR145W,canonical,conserved,Verified,chrXII,432168,432773,+
orf178440,chr12_432823,YLR146C,canonical,conserved,Verified,chrXII,432823,433725,-
orf161892,chr12_433870,YLR146W-A,canonical,conserved,Uncharacterized,chrXII,433870,434058,+
orf178438,chr12_434158,YLR147C,canonical,conserved,Verified,chrXII,434158,434463,-
orf161895,chr12_434641,YLR148W,canonical,conserved,Verified,chrXII,434641,437397,+
orf174492,chr12_437495,NA,noncanonical,other,None,chrXII,437495,437644,-
orf182251,chr12_437631,YLR149C,canonical,conserved,Verified,chrXII,437631,439823,-
orf161907,chr12_440467,YLR150W,canonical,conserved,Verified,chrXII,440467,441288,+
orf182245,chr12_441381,NA,noncanonical,other,None,chrXII,441381,441467,-
orf182244,chr12_441474,NA,noncanonical,denovo,None,chrXII,441474,441593,-
orf178418,chr12_441715,YLR151C,canonical,conserved,Verified,chrXII,441715,442737,-
orf174462,chr12_442958,YLR152C,canonical,conserved,Uncharacterized,chrXII,442958,444688,-
orf169767,chr12_443127,NA,noncanonical,other,None,chrXII,443127,443411,+
orf174461,chr12_444710,NA,noncanonical,denovo,None,chrXII,444710,444760,-
orf182226,chr12_444852,NA,noncanonical,denovo,None,chrXII,444852,445055,-
orf182223,chr12_445275,NA,noncanonical,other,None,chrXII,445275,445355,-
orf182222,chr12_445524,YLR153C,canonical,conserved,Verified,chrXII,445524,447575,-
orf178401,chr12_447982,YLR154C,canonical,conserved,Verified,chrXII,447982,448314,-
orf178400,chr12_448339,NA,noncanonical,other,None,chrXII,448339,448425,-
orf182213,chr12_449211,NA,noncanonical,other,None,chrXII,449211,449297,-
orf174438,chr12_449318,NA,noncanonical,other,None,chrXII,449318,449383,-
orf182211,chr12_449433,NA,noncanonical,other,None,chrXII,449433,449531,-
orf174431,chr12_451373,NA,noncanonical,other,None,chrXII,451373,451636,-
orf161960,chr12_454696,YLR154W-C,canonical,conserved,Verified,chrXII,454696,455070,+
orf178338,chr12_459781,NA,noncanonical,other,None,chrXII,459781,459864,-
orf174391,chr12_459899,NA,noncanonical,other,None,chrXII,459899,459949,-
orf169826,chr12_460161,NA,noncanonical,other,None,chrXII,460161,460253,+
orf161975,chr12_460405,NA,noncanonical,other,None,chrXII,460405,460509,+
orf178331,chr12_460510,NA,noncanonical,other,None,chrXII,460510,460773,-
orf161976,chr12_460519,NA,noncanonical,other,None,chrXII,460519,460644,+
orf182160,chr12_462522,YLR154C-G,canonical,conserved,Uncharacterized,chrXII,462522,462671,-
orf160413,chr12_46672,YLL047W,noncanonical,denovo,Dubious,chrXII,46672,47055,+
orf179640,chr12_46714,YLL046C,canonical,conserved,Verified,chrXII,46714,47463,-
orf169885,chr12_475764,YLR157W-D,canonical,other,Uncharacterized,chrXII,475764,475976,+
orf183793,chr12_47859,YLL045C,canonical,conserved,Verified,chrXII,47859,48629,-
orf162065,chr12_481873,YLR157W-E,canonical,other,Uncharacterized,chrXII,481873,482037,+
orf169945,chr12_489573,YLR162W,canonical,conserved,Verified,chrXII,489573,489929,+
orf166078,chr12_490406,YLR162W-A,canonical,conserved,Uncharacterized,chrXII,490406,490594,+
orf162094,chr12_490870,NA,noncanonical,other,None,chrXII,490870,490965,+
orf169950,chr12_491046,NA,noncanonical,other,None,chrXII,491046,491192,+
orf166083,chr12_491189,NA,noncanonical,other,None,chrXII,491189,491263,+
orf166085,chr12_491399,NA,noncanonical,other,None,chrXII,491399,491494,+
orf169954,chr12_491652,NA,noncanonical,other,None,chrXII,491652,491723,+
orf178195,chr12_491866,YLR163C,canonical,conserved,Verified,chrXII,491866,493254,-
orf169962,chr12_493614,NA,noncanonical,denovo,None,chrXII,493614,493691,+
orf169963,chr12_493704,NA,noncanonical,denovo,None,chrXII,493704,493880,+
orf183790,chr12_49380,NA,noncanonical,other,None,chrXII,49380,49499,-
orf166094,chr12_493883,YLR164W,canonical,conserved,Verified,chrXII,493883,494389,+
orf169966,chr12_494406,NA,noncanonical,other,None,chrXII,494406,494459,+
orf178192,chr12_494494,YLR165C,canonical,conserved,Verified,chrXII,494494,495258,-
orf182019,chr12_495429,YLR166C,canonical,conserved,Verified,chrXII,495429,498044,-
orf164468,chr12_49613,NA,noncanonical,denovo,None,chrXII,49613,49783,+
orf162132,chr12_498832,NA,noncanonical,denovo,None,chrXII,498832,498906,+
orf166112,chr12_498947,YLR167W,canonical,conserved,Verified,chrXII,498947,499405,+
orf168284,chr12_49938,YLL043W,canonical,conserved,Verified,chrXII,49938,51947,+
orf182014,chr12_499578,YLR168C,canonical,conserved,Verified,chrXII,499578,500270,-
orf182013,chr12_500316,NA,noncanonical,denovo,None,chrXII,500316,500360,-
orf174224,chr12_500579,YLR170C,canonical,conserved,Verified,chrXII,500579,501049,-
orf169992,chr12_500733,YLR171W,noncanonical,other,Dubious,chrXII,500733,501122,+
orf174222,chr12_501260,YLR172C,canonical,conserved,Verified,chrXII,501260,502162,-
orf169994,chr12_501462,NA,noncanonical,other,None,chrXII,501462,501587,+
orf166123,chr12_502421,YLR173W,canonical,conserved,Uncharacterized,chrXII,502421,504247,+
orf166124,chr12_504479,NA,noncanonical,other,None,chrXII,504479,504514,+
orf170021,chr12_504591,YLR174W,canonical,conserved,Verified,chrXII,504591,505829,+
orf162163,chr12_506134,YLR175W,canonical,conserved,Verified,chrXII,506134,507585,+
orf170029,chr12_507582,NA,noncanonical,other,None,chrXII,507582,507656,+
orf174197,chr12_507797,YLR176C,canonical,conserved,Verified,chrXII,507797,510232,-
orf178125,chr12_510226,NA,noncanonical,other,None,chrXII,510226,510411,-
orf170040,chr12_510600,NA,noncanonical,denovo,None,chrXII,510600,510749,+
orf170041,chr12_510795,NA,noncanonical,other,None,chrXII,510795,511076,+
orf162178,chr12_511054,YLR177W,canonical,conserved,Uncharacterized,chrXII,511054,512940,+
orf181968,chr12_513162,YLR178C,canonical,conserved,Verified,chrXII,513162,513821,-
orf174178,chr12_513953,NA,noncanonical,denovo,None,chrXII,513953,514027,-
orf178114,chr12_514108,YLR179C,canonical,conserved,Verified,chrXII,514108,514713,-
orf166171,chr12_514544,NA,noncanonical,other,None,chrXII,514544,514789,+
orf170047,chr12_515262,YLR180W,canonical,conserved,Verified,chrXII,515262,516410,+
orf170048,chr12_516480,NA,noncanonical,other,None,chrXII,516480,516536,+
orf181961,chr12_516678,YLR181C,canonical,conserved,Verified,chrXII,516678,517670,-
orf166180,chr12_517940,YLR182W,canonical,conserved,Verified,chrXII,517940,520351,+
orf164471,chr12_51944,NA,noncanonical,other,None,chrXII,51944,51976,+
orf162202,chr12_520348,NA,noncanonical,other,None,chrXII,520348,520413,+
orf178098,chr12_520543,YLR183C,canonical,conserved,Verified,chrXII,520543,522012,-
orf179617,chr12_52087,YLL042C,canonical,conserved,Verified,chrXII,52087,52590,-
NA,chr12_522663,YLR185W,canonical,conserved,Verified,chrXII,522663,523288,+
orf170089,chr12_523632,YLR186W,canonical,conserved,Verified,chrXII,523632,524390,+
orf170091,chr12_524865,YLR187W,canonical,conserved,Verified,chrXII,524865,527945,+
orf170093,chr12_528300,YLR188W,canonical,conserved,Verified,chrXII,528300,530387,+
orf174120,chr12_528350,NA,noncanonical,other,None,chrXII,528350,528826,-
orf178054,chr12_530797,YLR189C,canonical,conserved,Verified,chrXII,530797,534393,-
orf179613,chr12_53131,YLL041C,canonical,conserved,Verified,chrXII,53131,53931,-
orf166222,chr12_535214,YLR190W,canonical,conserved,Verified,chrXII,535214,536689,+
orf162279,chr12_536686,NA,noncanonical,other,None,chrXII,536686,536751,+
orf170121,chr12_536745,NA,noncanonical,other,None,chrXII,536745,536855,+
orf162280,chr12_536905,NA,noncanonical,denovo,None,chrXII,536905,536937,+
orf166224,chr12_537272,YLR191W,canonical,conserved,Verified,chrXII,537272,538432,+
orf178034,chr12_538792,YLR192C,canonical,conserved,Verified,chrXII,538792,539589,-
orf181859,chr12_540009,YLR193C,canonical,conserved,Verified,chrXII,540009,540536,-
orf174092,chr12_540809,YLR194C,canonical,conserved,Verified,chrXII,540809,541573,-
orf181856,chr12_541713,NA,noncanonical,denovo,None,chrXII,541713,541826,-
orf174091,chr12_541937,YLR195C,canonical,conserved,Verified,chrXII,541937,543304,-
orf179609,chr12_54211,YLL040C,canonical,conserved,Verified,chrXII,54211,63645,-
orf166242,chr12_543968,YLR196W,canonical,conserved,Verified,chrXII,543968,545698,+
orf162317,chr12_546097,YLR197W,canonical,conserved,Verified,chrXII,546097,547611,+
orf170176,chr12_547620,NA,noncanonical,denovo,None,chrXII,547620,547727,+
orf181837,chr12_547701,NA,noncanonical,other,None,chrXII,547701,547781,-
orf181836,chr12_547785,NA,noncanonical,other,None,chrXII,547785,547856,-
NA,chr12_547853,YLR199C,canonical,conserved,Verified,chrXII,547853,548769,-
orf170178,chr12_547980,NA,noncanonical,other,None,chrXII,547980,548312,+
orf170182,chr12_549012,YLR200W,canonical,conserved,Verified,chrXII,549012,549356,+
orf177992,chr12_549511,YLR201C,canonical,conserved,Verified,chrXII,549511,550293,-
orf181821,chr12_550650,YLR203C,canonical,conserved,Verified,chrXII,550650,551960,-
orf170196,chr12_552270,YLR204W,canonical,conserved,Verified,chrXII,552270,552605,+
orf177983,chr12_552724,YLR205C,canonical,conserved,Verified,chrXII,552724,553677,-
orf166280,chr12_554036,NA,noncanonical,denovo,None,chrXII,554036,554143,+
orf162348,chr12_554578,YLR206W,canonical,conserved,Verified,chrXII,554578,556419,+
orf170205,chr12_556788,YLR207W,canonical,conserved,Verified,chrXII,556788,559289,+
orf170206,chr12_559551,YLR208W,canonical,conserved,Verified,chrXII,559551,560444,+
orf177962,chr12_560383,NA,noncanonical,denovo,None,chrXII,560383,560532,-
orf160254,chr12_5605,YLL066W-B,canonical,other,Uncharacterized,chrXII,5605,5775,+
orf177959,chr12_560797,YLR209C,canonical,conserved,Verified,chrXII,560797,561732,-
orf170212,chr12_562008,YLR210W,canonical,conserved,Verified,chrXII,562008,563390,+
NA,chr12_563792,YLR211C,canonical,conserved,Verified,chrXII,563792,564531,-
orf174015,chr12_564860,YLR212C,canonical,conserved,Verified,chrXII,564860,566281,-
orf181760,chr12_566556,NA,noncanonical,denovo,None,chrXII,566556,566642,-
orf174012,chr12_566654,YLR213C,canonical,conserved,Verified,chrXII,566654,567922,-
orf170230,chr12_566940,NA,noncanonical,other,None,chrXII,566940,567143,+
orf166321,chr12_568127,NA,noncanonical,denovo,None,chrXII,568127,568321,+
orf170233,chr12_568413,NA,noncanonical,denovo,None,chrXII,568413,568523,+
orf162410,chr12_568567,YLR214W,canonical,conserved,Verified,chrXII,568567,570627,+
orf170247,chr12_570621,NA,noncanonical,other,None,chrXII,570621,570713,+
orf173999,chr12_570776,YLR215C,canonical,conserved,Verified,chrXII,570776,571858,-
orf173997,chr12_572096,YLR216C,canonical,conserved,Verified,chrXII,572096,573211,-
orf177893,chr12_573466,YLR218C,canonical,conserved,Verified,chrXII,573466,573918,-
orf170258,chr12_573621,NA,noncanonical,other,None,chrXII,573621,573758,+
orf170260,chr12_573921,NA,noncanonical,denovo,None,chrXII,573921,574148,+
orf166349,chr12_574151,YLR219W,canonical,conserved,Verified,chrXII,574151,576337,+
orf170274,chr12_576825,YLR220W,canonical,conserved,Verified,chrXII,576825,577793,+
orf177880,chr12_577906,NA,noncanonical,denovo,None,chrXII,577906,578037,-
orf177876,chr12_578362,YLR221C,canonical,conserved,Verified,chrXII,578362,579024,-
orf181712,chr12_579318,YLR222C,canonical,conserved,Verified,chrXII,579318,581771,-
orf181710,chr12_582006,YLR222C-A,noncanonical,other,Dubious,chrXII,582006,582236,-
orf173942,chr12_582233,YLR223C,canonical,conserved,Verified,chrXII,582233,585490,-
NA,chr12_585,YLL067C,canonical,conserved,Uncharacterized,chrXII,585,4301,-
orf162458,chr12_586423,NA,noncanonical,other,None,chrXII,586423,586467,+
orf170302,chr12_586464,YLR224W,canonical,conserved,Verified,chrXII,586464,587573,+
orf173935,chr12_587630,NA,noncanonical,other,None,chrXII,587630,587689,-
orf177827,chr12_587695,YLR225C,canonical,conserved,Uncharacterized,chrXII,587695,588918,-
orf162474,chr12_589354,YLR226W,canonical,conserved,Verified,chrXII,589354,590541,+
orf181685,chr12_590562,YLR227C,canonical,conserved,Verified,chrXII,590562,592043,-
orf177820,chr12_592036,NA,noncanonical,other,None,chrXII,592036,592146,-
orf181684,chr12_592143,NA,noncanonical,denovo,None,chrXII,592143,592235,-
orf162486,chr12_592819,NA,noncanonical,other,None,chrXII,592819,592992,+
orf177816,chr12_593005,NA,noncanonical,other,None,chrXII,593005,593082,-
orf170342,chr12_595239,NA,noncanonical,other,None,chrXII,595239,598706,+
orf177781,chr12_600019,YLR228C,canonical,conserved,Verified,chrXII,600019,602463,-
orf181631,chr12_603624,NA,noncanonical,denovo,None,chrXII,603624,603767,-
orf162548,chr12_603628,NA,noncanonical,denovo,None,chrXII,603628,603825,+
orf177776,chr12_603676,NA,noncanonical,denovo,None,chrXII,603676,603813,-
orf166457,chr12_603854,NA,noncanonical,denovo,None,chrXII,603854,603949,+
orf170367,chr12_603924,NA,noncanonical,other,None,chrXII,603924,603989,+
orf166458,chr12_603977,NA,noncanonical,denovo,None,chrXII,603977,604060,+
orf162549,chr12_604069,NA,noncanonical,denovo,None,chrXII,604069,604185,+
orf181629,chr12_604212,YLR229C,canonical,conserved,Verified,chrXII,604212,604787,-
orf166461,chr12_604574,YLR230W,noncanonical,other,Dubious,chrXII,604574,604879,+
orf173845,chr12_604850,NA,noncanonical,denovo,None,chrXII,604850,605032,-
orf177768,chr12_605758,YLR231C,canonical,conserved,Verified,chrXII,605758,607119,-
orf166469,chr12_606830,YLR232W,noncanonical,other,Dubious,chrXII,606830,607177,+
orf173838,chr12_607307,NA,noncanonical,other,None,chrXII,607307,607549,-
orf181613,chr12_607425,YLR233C,canonical,conserved,Verified,chrXII,607425,609524,-
orf162563,chr12_607456,NA,noncanonical,denovo,None,chrXII,607456,607983,+
orf170389,chr12_609783,YLR234W,canonical,conserved,Verified,chrXII,609783,611753,+
orf173824,chr12_609893,NA,noncanonical,other,None,chrXII,609893,610096,-
orf177747,chr12_611794,YLR236C,canonical,other,Uncharacterized,chrXII,611794,612117,-
NA,chr12_6120,YLL066C,canonical,conserved,Uncharacterized,chrXII,6120,9836,-
orf162588,chr12_612367,YLR237W,canonical,conserved,Verified,chrXII,612367,614163,+
orf166495,chr12_614216,NA,noncanonical,denovo,None,chrXII,614216,614320,+
orf173796,chr12_614444,NA,noncanonical,denovo,None,chrXII,614444,614530,-
orf162589,chr12_614755,YLR238W,canonical,conserved,Verified,chrXII,614755,616191,+
orf181590,chr12_616332,YLR239C,canonical,conserved,Verified,chrXII,616332,617318,-
orf162596,chr12_617533,YLR240W,canonical,conserved,Verified,chrXII,617533,620160,+
orf181582,chr12_618528,NA,noncanonical,other,None,chrXII,618528,618962,-
orf162600,chr12_620473,YLR241W,canonical,conserved,Verified,chrXII,620473,622821,+
orf177707,chr12_622918,YLR242C,canonical,conserved,Verified,chrXII,622918,623883,-
orf166561,chr12_624203,YLR243W,canonical,conserved,Verified,chrXII,624203,625021,+
orf177699,chr12_625168,YLR244C,canonical,conserved,Verified,chrXII,625168,626331,-
orf181543,chr12_626502,YLR245C,canonical,conserved,Verified,chrXII,626502,626930,-
orf162612,chr12_626530,NA,noncanonical,other,None,chrXII,626530,626766,+
orf162615,chr12_627118,YLR246W,canonical,conserved,Verified,chrXII,627118,628197,+
orf177686,chr12_628684,YLR247C,canonical,conserved,Verified,chrXII,628684,633354,-
orf170459,chr12_633585,NA,noncanonical,denovo,None,chrXII,633585,633680,+
orf162637,chr12_634252,YLR248W,canonical,conserved,Verified,chrXII,634252,636084,+
orf170463,chr12_636780,YLR249W,canonical,conserved,Verified,chrXII,636780,639914,+
orf166618,chr12_640226,NA,noncanonical,denovo,None,chrXII,640226,640306,+
orf170464,chr12_640317,YLR250W,canonical,conserved,Verified,chrXII,640317,641021,+
orf164517,chr12_64040,NA,noncanonical,denovo,None,chrXII,64040,64219,+
orf183705,chr12_64062,YLL039C,canonical,conserved,Verified,chrXII,64062,65207,-
orf170469,chr12_641349,NA,noncanonical,other,None,chrXII,641349,641486,+
orf162667,chr12_641464,YLR251W,canonical,conserved,Verified,chrXII,641464,642057,+
orf177658,chr12_642001,NA,noncanonical,denovo,None,chrXII,642001,642144,-
orf166627,chr12_642320,NA,noncanonical,other,None,chrXII,642320,642379,+
orf162669,chr12_642511,NA,noncanonical,other,None,chrXII,642511,642630,+
orf170473,chr12_642627,YLR253W,canonical,conserved,Verified,chrXII,642627,644336,+
orf173667,chr12_644333,NA,noncanonical,other,None,chrXII,644333,644404,-
orf177650,chr12_644404,YLR254C,canonical,conserved,Verified,chrXII,644404,644973,-
orf177648,chr12_645352,NA,noncanonical,denovo,None,chrXII,645352,645456,-
orf166637,chr12_645437,NA,noncanonical,denovo,None,chrXII,645437,645634,+
orf181455,chr12_645600,YLR255C,canonical,denovo,Uncharacterized,chrXII,645600,645953,-
orf162692,chr12_646111,NA,noncanonical,denovo,None,chrXII,646111,646239,+
orf166638,chr12_646415,YLR256W,canonical,conserved,Verified,chrXII,646415,650923,+
orf177626,chr12_650416,NA,noncanonical,other,None,chrXII,650416,650550,-
orf181433,chr12_650511,NA,noncanonical,denovo,None,chrXII,650511,650639,-
orf170507,chr12_651117,YLR256W-A,canonical,conserved,transposable_element_gene,chrXII,651117,652439,+
orf162713,chr12_652918,NA,noncanonical,other,None,chrXII,652918,653385,+
orf175788,chr12_65576,NA,noncanonical,denovo,None,chrXII,65576,65677,-
orf173621,chr12_657098,NA,noncanonical,other,None,chrXII,657098,657217,-
orf183703,chr12_65775,YLL038C,canonical,conserved,Verified,chrXII,65775,66518,-
orf181397,chr12_657765,NA,noncanonical,other,None,chrXII,657765,657818,-
orf181396,chr12_658026,NA,noncanonical,denovo,None,chrXII,658026,658280,-
orf170519,chr12_658461,NA,noncanonical,other,None,chrXII,658461,658535,+
orf166663,chr12_658826,YLR257W,canonical,conserved,Verified,chrXII,658826,659791,+
orf173614,chr12_659294,NA,noncanonical,other,None,chrXII,659294,659446,-
orf181388,chr12_659856,NA,noncanonical,denovo,None,chrXII,659856,659963,-
orf181387,chr12_660018,NA,noncanonical,denovo,None,chrXII,660018,660146,-
orf173611,chr12_660173,NA,noncanonical,other,None,chrXII,660173,660280,-
orf170526,chr12_660279,NA,noncanonical,other,None,chrXII,660279,660350,+
orf166668,chr12_660398,NA,noncanonical,denovo,None,chrXII,660398,660496,+
orf166670,chr12_660716,YLR258W,canonical,conserved,Verified,chrXII,660716,662833,+
orf170548,chr12_662949,NA,noncanonical,other,None,chrXII,662949,663137,+
orf177575,chr12_663100,NA,noncanonical,other,None,chrXII,663100,663246,-
orf173597,chr12_663284,YLR259C,canonical,conserved,Verified,chrXII,663284,665002,-
orf162777,chr12_665344,NA,noncanonical,denovo,None,chrXII,665344,665604,+
orf170560,chr12_665844,YLR260W,canonical,conserved,Verified,chrXII,665844,667907,+
orf179604,chr12_66745,YLL036C,canonical,conserved,Verified,chrXII,66745,68256,-
orf162795,chr12_667960,NA,noncanonical,denovo,None,chrXII,667960,668019,+
orf177549,chr12_667978,NA,noncanonical,denovo,None,chrXII,667978,668037,-
orf181361,chr12_668244,YLR262C,canonical,conserved,Verified,chrXII,668244,668891,-
orf166688,chr12_669209,NA,noncanonical,denovo,None,chrXII,669209,669313,+
orf181357,chr12_669468,YLR262C-A,canonical,conserved,Verified,chrXII,669468,669662,-
orf177544,chr12_669739,NA,noncanonical,denovo,None,chrXII,669739,669894,-
orf162804,chr12_669940,NA,noncanonical,denovo,None,chrXII,669940,670005,+
orf166690,chr12_670340,YLR263W,canonical,conserved,Verified,chrXII,670340,672823,+
orf173562,chr12_673052,NA,noncanonical,other,None,chrXII,673052,673288,-
orf170585,chr12_673131,YLR264W,canonical,conserved,Verified,chrXII,673131,673334,+
orf177529,chr12_673459,NA,noncanonical,denovo,None,chrXII,673459,673584,-
orf177528,chr12_673828,YLR264C-A,canonical,other,Uncharacterized,chrXII,673828,673944,-
orf181345,chr12_674427,YLR265C,canonical,conserved,Verified,chrXII,674427,675455,-
orf177513,chr12_675619,YLR266C,canonical,conserved,Verified,chrXII,675619,677724,-
orf166700,chr12_675662,NA,noncanonical,other,None,chrXII,675662,675859,+
orf166702,chr12_676028,NA,noncanonical,other,None,chrXII,676028,676222,+
orf166709,chr12_677930,NA,noncanonical,denovo,None,chrXII,677930,678073,+
orf166710,chr12_678212,YLR267W,canonical,conserved,Uncharacterized,chrXII,678212,679924,+
orf177510,chr12_678379,NA,noncanonical,other,None,chrXII,678379,678642,-
orf177506,chr12_679267,NA,noncanonical,other,None,chrXII,679267,679395,-
orf177505,chr12_679486,NA,noncanonical,other,None,chrXII,679486,679638,-
orf162835,chr12_680200,YLR268W,canonical,conserved,Verified,chrXII,680200,680844,+
orf170619,chr12_681186,YLR270W,canonical,conserved,Verified,chrXII,681186,682238,+
orf170622,chr12_682737,YLR271W,canonical,conserved,Uncharacterized,chrXII,682737,683561,+
orf173514,chr12_683672,YLR272C,canonical,conserved,Verified,chrXII,683672,687202,-
orf168349,chr12_68580,YLL035W,canonical,conserved,Verified,chrXII,68580,70478,+
orf170639,chr12_687858,NA,noncanonical,other,None,chrXII,687858,687980,+
orf177453,chr12_689083,YLR273C,canonical,conserved,Verified,chrXII,689083,691029,-
orf173505,chr12_691010,NA,noncanonical,other,None,chrXII,691010,691087,-
orf162887,chr12_691555,YLR274W,canonical,conserved,Verified,chrXII,691555,693882,+
NA,chr12_694378,YLR275W,canonical,conserved,Verified,chrXII,694378,694800,+
orf181260,chr12_695046,YLR276C,canonical,conserved,Verified,chrXII,695046,696830,-
orf177434,chr12_697156,YLR277C,canonical,conserved,Verified,chrXII,697156,699495,-
orf173471,chr12_699545,NA,noncanonical,denovo,None,chrXII,699545,699649,-
orf181244,chr12_699999,YLR278C,canonical,conserved,Uncharacterized,chrXII,699999,704024,-
orf162916,chr12_700063,NA,noncanonical,other,None,chrXII,700063,700218,+
orf166808,chr12_704309,YLR279W,noncanonical,denovo,Dubious,chrXII,704309,704698,+
orf181243,chr12_704493,YLR281C,canonical,conserved,Uncharacterized,chrXII,704493,704960,-
orf170705,chr12_705186,YLR283W,canonical,conserved,Uncharacterized,chrXII,705186,706130,+
orf177420,chr12_706198,YLR284C,canonical,conserved,Verified,chrXII,706198,707040,-
orf179590,chr12_70633,YLL034C,canonical,conserved,Verified,chrXII,70633,73146,-
orf166816,chr12_707360,YLR285W,canonical,conserved,Verified,chrXII,707360,708145,+
orf181225,chr12_708168,YLR285C-A,canonical,other,Uncharacterized,chrXII,708168,708338,-
orf177413,chr12_708448,YLR286C,canonical,conserved,Verified,chrXII,708448,710136,-
orf170728,chr12_709707,NA,noncanonical,other,None,chrXII,709707,710003,+
orf173411,chr12_710375,NA,noncanonical,denovo,None,chrXII,710375,710440,-
orf181209,chr12_710991,YLR287C,canonical,conserved,Uncharacterized,chrXII,710991,712058,-
orf173395,chr12_712124,NA,noncanonical,denovo,None,chrXII,712124,712291,-
NA,chr12_712537,YLR287C-A,canonical,conserved,Verified,chrXII,712537,713158,-
orf173389,chr12_713480,YLR288C,canonical,conserved,Verified,chrXII,713480,714904,-
orf170751,chr12_715089,YLR289W,canonical,conserved,Verified,chrXII,715089,717026,+
orf173379,chr12_717059,NA,noncanonical,other,None,chrXII,717059,717145,-
orf177376,chr12_717145,YLR290C,canonical,conserved,Verified,chrXII,717145,717978,-
orf181181,chr12_718317,YLR291C,canonical,conserved,Verified,chrXII,718317,719462,-
orf173368,chr12_719408,NA,noncanonical,other,None,chrXII,719408,719539,-
orf173366,chr12_719789,YLR292C,canonical,conserved,Verified,chrXII,719789,720370,-
orf181175,chr12_720771,YLR293C,canonical,conserved,Verified,chrXII,720771,721430,-
orf181174,chr12_721701,YLR294C,noncanonical,other,Dubious,chrXII,721701,722030,-
orf170772,chr12_721911,NA,noncanonical,other,None,chrXII,721911,722087,+
orf177358,chr12_721999,YLR295C,canonical,conserved,Verified,chrXII,721999,722373,-
orf181170,chr12_722379,NA,noncanonical,denovo,None,chrXII,722379,722618,-
orf166870,chr12_722978,YLR296W,canonical,other,Uncharacterized,chrXII,722978,723304,+
orf166872,chr12_723629,NA,noncanonical,denovo,None,chrXII,723629,723745,+
orf170782,chr12_724044,YLR297W,canonical,conserved,Verified,chrXII,724044,724433,+
orf173349,chr12_724118,NA,noncanonical,other,None,chrXII,724118,724351,-
orf177353,chr12_724348,NA,noncanonical,other,None,chrXII,724348,724431,-
orf166875,chr12_724505,NA,noncanonical,other,None,chrXII,724505,724579,+
orf173348,chr12_724721,YLR298C,canonical,conserved,Verified,chrXII,724721,725416,-
orf170784,chr12_724857,NA,noncanonical,other,None,chrXII,724857,725213,+
orf166879,chr12_725264,NA,noncanonical,other,None,chrXII,725264,725467,+
orf170787,chr12_725532,NA,noncanonical,denovo,None,chrXII,725532,725660,+
orf170788,chr12_726069,YLR299W,canonical,conserved,Verified,chrXII,726069,728051,+
orf170790,chr12_728955,YLR300W,canonical,conserved,Verified,chrXII,728955,730301,+
orf163045,chr12_730825,YLR301W,canonical,conserved,Verified,chrXII,730825,731559,+
orf166902,chr12_732542,YLR303W,canonical,conserved,Verified,chrXII,732542,733876,+
orf166903,chr12_733886,NA,noncanonical,other,None,chrXII,733886,733963,+
orf163055,chr12_734089,NA,noncanonical,other,None,chrXII,734089,734166,+
orf164549,chr12_73409,YLL033W,canonical,conserved,Verified,chrXII,73409,74101,+
orf173310,chr12_735020,NA,noncanonical,other,None,chrXII,735020,735073,-
orf173308,chr12_735212,YLR304C,canonical,conserved,Verified,chrXII,735212,737548,-
orf173305,chr12_738161,YLR305C,canonical,conserved,Verified,chrXII,738161,743863,-
orf175766,chr12_74270,YLL032C,canonical,conserved,Verified,chrXII,74270,76747,-
NA,chr12_744151,YLR306W,canonical,conserved,Verified,chrXII,744151,744851,+
orf170853,chr12_745620,YLR307W,canonical,conserved,Verified,chrXII,745620,746525,+
orf177236,chr12_746848,YLR307C-A,canonical,conserved,Uncharacterized,chrXII,746848,747111,-
orf177234,chr12_747337,NA,noncanonical,denovo,None,chrXII,747337,747435,-
orf163121,chr12_747937,YLR308W,canonical,conserved,Verified,chrXII,747937,748875,+
orf181078,chr12_749034,YLR309C,canonical,conserved,Verified,chrXII,749034,751769,-
orf163127,chr12_751507,NA,noncanonical,denovo,None,chrXII,751507,751797,+
orf177224,chr12_752224,YLR310C,canonical,conserved,Verified,chrXII,752224,756993,-
orf173255,chr12_757265,YLR311C,noncanonical,denovo,Dubious,chrXII,757265,757612,-
orf173254,chr12_757637,YLR312C,canonical,conserved,Verified,chrXII,757637,758833,-
orf170901,chr12_759480,YLR312W-A,canonical,conserved,Verified,chrXII,759480,760241,+
orf173247,chr12_760355,NA,noncanonical,other,None,chrXII,760355,760642,-
orf177208,chr12_760750,YLR313C,canonical,conserved,Verified,chrXII,760750,762342,-
orf173244,chr12_762575,YLR314C,canonical,conserved,Verified,chrXII,762575,764137,-
orf170925,chr12_764808,YLR315W,canonical,conserved,Verified,chrXII,764808,765269,+
NA,chr12_765266,YLR316C,canonical,conserved,Verified,chrXII,765266,766358,-
orf163180,chr12_765334,NA,noncanonical,other,None,chrXII,765334,765420,+
orf170927,chr12_765570,NA,noncanonical,other,None,chrXII,765570,765770,+
orf163182,chr12_766099,NA,noncanonical,other,None,chrXII,766099,766212,+
orf170931,chr12_766542,YLR318W,canonical,conserved,Verified,chrXII,766542,769196,+
orf180984,chr12_769107,NA,noncanonical,denovo,None,chrXII,769107,769304,-
orf177171,chr12_769318,YLR319C,canonical,conserved,Verified,chrXII,769318,771684,-
orf179563,chr12_77152,YLL031C,canonical,conserved,Verified,chrXII,77152,80205,-
orf163214,chr12_771940,YLR320W,canonical,conserved,Verified,chrXII,771940,776304,+
orf180943,chr12_776400,NA,noncanonical,denovo,None,chrXII,776400,776459,-
orf177149,chr12_776584,YLR321C,canonical,conserved,Verified,chrXII,776584,777864,-
orf163218,chr12_777628,YLR322W,noncanonical,other,Dubious,chrXII,777628,777942,+
orf180930,chr12_778173,YLR323C,canonical,conserved,Verified,chrXII,778173,778952,-
orf163222,chr12_779215,YLR324W,canonical,conserved,Verified,chrXII,779215,780786,+
orf180923,chr12_781143,YLR325C,canonical,conserved,Verified,chrXII,781143,781379,-
orf177140,chr12_781444,NA,noncanonical,denovo,None,chrXII,781444,781554,-
orf167089,chr12_782174,YLR326W,canonical,conserved,Uncharacterized,chrXII,782174,782896,+
orf180914,chr12_782991,NA,noncanonical,other,None,chrXII,782991,783026,-
orf163232,chr12_783097,NA,noncanonical,other,None,chrXII,783097,783234,+
orf177134,chr12_783127,YLR327C,canonical,conserved,Verified,chrXII,783127,783387,-
orf173175,chr12_783434,NA,noncanonical,denovo,None,chrXII,783434,783613,-
orf167097,chr12_784913,YLR328W,canonical,conserved,Verified,chrXII,784913,786118,+
NA,chr12_786442,YLR329W,canonical,conserved,Verified,chrXII,786442,787333,+
orf180898,chr12_787212,NA,noncanonical,other,None,chrXII,787212,787340,-
orf167105,chr12_787664,YLR330W,canonical,conserved,Verified,chrXII,787664,789679,+
orf177109,chr12_790669,YLR331C,canonical,other,Uncharacterized,chrXII,790669,791046,-
orf167107,chr12_790676,YLR332W,canonical,conserved,Verified,chrXII,790676,791806,+
orf177096,chr12_793597,NA,noncanonical,other,None,chrXII,793597,793749,-
orf177093,chr12_794617,NA,noncanonical,other,None,chrXII,794617,794733,-
orf173129,chr12_795056,NA,noncanonical,other,None,chrXII,795056,795100,-
orf177090,chr12_795079,NA,noncanonical,denovo,None,chrXII,795079,795129,-
orf177087,chr12_795364,NA,noncanonical,denovo,None,chrXII,795364,795453,-
orf180856,chr12_795573,YLR333C,canonical,conserved,Verified,chrXII,795573,795899,-
orf180854,chr12_796197,NA,noncanonical,denovo,None,chrXII,796197,796286,-
orf171061,chr12_797430,YLR335W,canonical,conserved,Verified,chrXII,797430,799592,+
orf173116,chr12_799697,YLR336C,canonical,conserved,Verified,chrXII,799697,802396,-
orf180845,chr12_802653,YLR337C,canonical,conserved,Verified,chrXII,802653,805106,-
orf163310,chr12_804346,YLR338W,noncanonical,other,Dubious,chrXII,804346,805203,+
orf173103,chr12_805058,NA,noncanonical,other,None,chrXII,805058,805201,-
orf177034,chr12_805300,NA,noncanonical,other,None,chrXII,805300,805530,-
orf171078,chr12_805887,YLR340W,canonical,conserved,Verified,chrXII,805887,806825,+
orf163319,chr12_807385,YLR341W,canonical,conserved,Verified,chrXII,807385,808818,+
orf180834,chr12_807969,NA,noncanonical,other,None,chrXII,807969,808172,-
orf163321,chr12_809167,NA,noncanonical,denovo,None,chrXII,809167,809304,+
orf171090,chr12_809997,YLR342W,canonical,conserved,Verified,chrXII,809997,815627,+
orf164584,chr12_81461,YLL029W,canonical,conserved,Verified,chrXII,81461,83710,+
orf171091,chr12_815703,NA,noncanonical,denovo,None,chrXII,815703,815792,+
orf167196,chr12_815810,YLR342W-A,canonical,other,Uncharacterized,chrXII,815810,815983,+
orf163355,chr12_816094,YLR343W,canonical,conserved,Verified,chrXII,816094,817761,+
orf173051,chr12_818393,NA,noncanonical,other,None,chrXII,818393,818449,-
orf163362,chr12_818863,NA,noncanonical,denovo,None,chrXII,818863,819015,+
NA,chr12_819312,YLR344W,canonical,conserved,Verified,chrXII,819312,820142,+
orf167228,chr12_820511,YLR345W,canonical,conserved,Uncharacterized,chrXII,820511,822040,+
orf171125,chr12_822096,NA,noncanonical,denovo,None,chrXII,822096,822161,+
orf173029,chr12_822287,YLR346C,canonical,conserved,Verified,chrXII,822287,822592,-
orf167238,chr12_823583,NA,noncanonical,other,None,chrXII,823583,823699,+
orf176962,chr12_823828,YLR347C,canonical,conserved,Verified,chrXII,823828,826413,-
orf167254,chr12_826802,NA,noncanonical,denovo,None,chrXII,826802,827050,+
orf180749,chr12_826977,YLR348C,canonical,conserved,Verified,chrXII,826977,827873,-
orf163385,chr12_827521,YLR349W,noncanonical,other,Dubious,chrXII,827521,828027,+
orf163386,chr12_828070,NA,noncanonical,other,None,chrXII,828070,828330,+
orf173016,chr12_828074,NA,noncanonical,denovo,None,chrXII,828074,828253,-
orf167261,chr12_828311,NA,noncanonical,other,None,chrXII,828311,828400,+
orf163389,chr12_828730,YLR350W,canonical,conserved,Verified,chrXII,828730,829380,+
orf176951,chr12_829489,YLR351C,canonical,conserved,Verified,chrXII,829489,830364,-
orf167273,chr12_830726,NA,noncanonical,denovo,None,chrXII,830726,830860,+
orf167274,chr12_831116,YLR352W,canonical,conserved,Verified,chrXII,831116,833539,+
orf180720,chr12_833082,NA,noncanonical,other,None,chrXII,833082,833339,-
orf163403,chr12_834352,YLR353W,canonical,conserved,Verified,chrXII,834352,836163,+
orf176923,chr12_836254,NA,noncanonical,denovo,None,chrXII,836254,836319,-
orf176922,chr12_836350,YLR354C,canonical,conserved,Verified,chrXII,836350,837357,-
orf164585,chr12_83741,NA,noncanonical,other,None,chrXII,83741,83782,+
orf172977,chr12_837803,NA,noncanonical,other,None,chrXII,837803,837868,-
orf176920,chr12_838066,YLR355C,canonical,conserved,Verified,chrXII,838066,839253,-
orf172976,chr12_839264,NA,noncanonical,denovo,None,chrXII,839264,839386,-
orf171193,chr12_840321,YLR356W,canonical,conserved,Verified,chrXII,840321,840914,+
orf176914,chr12_840445,NA,noncanonical,other,None,chrXII,840445,840594,-
orf167304,chr12_841331,YLR357W,canonical,conserved,Verified,chrXII,841331,844000,+
orf160549,chr12_84184,NA,noncanonical,denovo,None,chrXII,84184,84372,+
orf176905,chr12_843487,YLR358C,canonical,other,Uncharacterized,chrXII,843487,844050,-
orf163428,chr12_844282,YLR359W,canonical,conserved,Verified,chrXII,844282,845730,+
orf163429,chr12_845773,NA,noncanonical,denovo,None,chrXII,845773,845838,+
orf163432,chr12_846103,YLR360W,canonical,conserved,Verified,chrXII,846103,847422,+
orf172950,chr12_847388,YLR361C,canonical,conserved,Verified,chrXII,847388,849124,-
orf168428,chr12_84804,YLL028W,canonical,conserved,Verified,chrXII,84804,86564,+
orf172949,chr12_849383,YLR361C-A,canonical,conserved,Uncharacterized,chrXII,849383,849679,-
orf167341,chr12_849803,YLR362W,canonical,conserved,Verified,chrXII,849803,852019,+
orf175736,chr12_85142,NA,noncanonical,other,None,chrXII,85142,85357,-
orf180652,chr12_852027,NA,noncanonical,denovo,None,chrXII,852027,852110,-
orf180649,chr12_852495,YLR363C,canonical,conserved,Verified,chrXII,852495,853151,-
orf171254,chr12_853461,YLR363W-A,canonical,conserved,Verified,chrXII,853461,853718,+
orf171255,chr12_853869,NA,noncanonical,other,None,chrXII,853869,853919,+
orf176858,chr12_853966,NA,noncanonical,denovo,None,chrXII,853966,854106,-
orf175735,chr12_85406,NA,noncanonical,other,None,chrXII,85406,85672,-
orf163448,chr12_854062,YLR364W,canonical,conserved,Verified,chrXII,854062,854391,+
orf167352,chr12_854417,NA,noncanonical,other,None,chrXII,854417,854539,+
orf163451,chr12_854701,NA,noncanonical,other,None,chrXII,854701,854814,+
orf163454,chr12_855199,YLR365W,canonical,other,Uncharacterized,chrXII,855199,855531,+
NA,chr12_855878,YLR367W,canonical,conserved,Verified,chrXII,855878,857317,+
orf183605,chr12_85710,NA,noncanonical,other,None,chrXII,85710,85856,-
orf167369,chr12_857540,YLR368W,canonical,conserved,Verified,chrXII,857540,859336,+
orf163473,chr12_859552,YLR369W,canonical,conserved,Verified,chrXII,859552,861525,+
orf172885,chr12_861602,NA,noncanonical,denovo,None,chrXII,861602,861658,-
orf176826,chr12_861718,YLR370C,canonical,conserved,Verified,chrXII,861718,862254,-
orf163478,chr12_862714,YLR371W,canonical,conserved,Verified,chrXII,862714,866784,+
orf171296,chr12_867354,YLR372W,canonical,conserved,Verified,chrXII,867354,868391,+
orf167430,chr12_868496,NA,noncanonical,denovo,None,chrXII,868496,868603,+
orf180596,chr12_868662,YLR373C,canonical,conserved,Verified,chrXII,868662,871367,-
orf168429,chr12_87162,NA,noncanonical,denovo,None,chrXII,87162,87239,+
orf167447,chr12_871697,YLR375W,canonical,conserved,Verified,chrXII,871697,872728,+
orf180587,chr12_872826,YLR376C,canonical,conserved,Verified,chrXII,872826,873554,-
orf172826,chr12_873746,YLR377C,canonical,conserved,Verified,chrXII,873746,874792,-
orf160561,chr12_87403,YLL027W,canonical,conserved,Verified,chrXII,87403,88155,+
orf171325,chr12_874488,NA,noncanonical,other,None,chrXII,874488,874625,+
orf172822,chr12_875522,NA,noncanonical,other,None,chrXII,875522,875602,-
orf172821,chr12_875690,NA,noncanonical,denovo,None,chrXII,875690,875728,-
orf180581,chr12_875736,YLR378C,canonical,conserved,Verified,chrXII,875736,877178,-
orf167469,chr12_878282,YLR380W,canonical,conserved,Verified,chrXII,878282,879508,+
orf183594,chr12_87888,NA,noncanonical,other,None,chrXII,87888,88148,-
orf172814,chr12_879656,NA,noncanonical,other,None,chrXII,879656,879919,-
orf171343,chr12_879723,YLR381W,canonical,conserved,Verified,chrXII,879723,881924,+
orf176745,chr12_882067,YLR382C,canonical,conserved,Verified,chrXII,882067,884751,-
orf176744,chr12_884821,NA,noncanonical,denovo,None,chrXII,884821,884976,-
orf171354,chr12_885288,YLR383W,canonical,conserved,Verified,chrXII,885288,888632,+
orf168432,chr12_88623,YLL026W,canonical,conserved,Verified,chrXII,88623,91349,+
orf172775,chr12_888851,YLR384C,canonical,conserved,Verified,chrXII,888851,892900,-
orf180518,chr12_892992,YLR385C,canonical,conserved,Verified,chrXII,892992,893390,-
orf171373,chr12_893628,YLR386W,canonical,conserved,Verified,chrXII,893628,896270,+
orf176688,chr12_896374,YLR387C,canonical,conserved,Verified,chrXII,896374,897672,-
orf167517,chr12_898160,NA,noncanonical,other,None,chrXII,898160,898210,+
orf163639,chr12_898252,NA,noncanonical,other,None,chrXII,898252,898311,+
orf180498,chr12_898344,NA,noncanonical,denovo,None,chrXII,898344,898484,-
orf171382,chr12_898347,NA,noncanonical,other,None,chrXII,898347,898412,+
orf167519,chr12_898409,NA,noncanonical,denovo,None,chrXII,898409,898471,+
orf171383,chr12_898533,NA,noncanonical,denovo,None,chrXII,898533,898649,+
orf163640,chr12_898651,YLR388W,canonical,conserved,Verified,chrXII,898651,898821,+
orf163641,chr12_898861,NA,noncanonical,denovo,None,chrXII,898861,898923,+
orf171388,chr12_899361,NA,noncanonical,other,None,chrXII,899361,899444,+
orf180492,chr12_899577,YLR389C,canonical,conserved,Verified,chrXII,899577,902660,-
orf171406,chr12_903066,YLR390W,canonical,conserved,Verified,chrXII,903066,903404,+
orf172720,chr12_903215,NA,noncanonical,other,None,chrXII,903215,903469,-
orf163657,chr12_903724,YLR390W-A,canonical,conserved,Verified,chrXII,903724,904440,+
orf171409,chr12_904509,NA,noncanonical,other,None,chrXII,904509,904547,+
orf163659,chr12_904567,NA,noncanonical,denovo,None,chrXII,904567,904611,+
orf180484,chr12_904749,YLR392C,canonical,conserved,Verified,chrXII,904749,906305,-
orf172703,chr12_906356,NA,noncanonical,denovo,None,chrXII,906356,906652,-
orf167557,chr12_907079,YLR393W,canonical,conserved,Verified,chrXII,907079,907918,+
orf171422,chr12_907950,YLR394W,canonical,conserved,Verified,chrXII,907950,909398,+
orf171423,chr12_909450,NA,noncanonical,denovo,None,chrXII,909450,909593,+
orf180467,chr12_909729,YLR395C,canonical,conserved,Verified,chrXII,909729,909965,-
orf163684,chr12_909895,NA,noncanonical,other,None,chrXII,909895,909972,+
orf172693,chr12_910235,YLR396C,canonical,conserved,Verified,chrXII,910235,912310,-
orf171428,chr12_910251,NA,noncanonical,other,None,chrXII,910251,910409,+
orf167564,chr12_910334,NA,noncanonical,other,None,chrXII,910334,910519,+
orf176632,chr12_912550,YLR397C,canonical,conserved,Verified,chrXII,912550,914892,-
orf167581,chr12_913628,NA,noncanonical,other,None,chrXII,913628,914041,+
orf180439,chr12_915156,YLR398C,canonical,conserved,Verified,chrXII,915156,919019,-
orf180436,chr12_919536,YLR399C,canonical,conserved,Verified,chrXII,919536,921596,-
orf164605,chr12_92000,NA,noncanonical,other,None,chrXII,92000,92293,+
orf172637,chr12_922211,NA,noncanonical,denovo,None,chrXII,922211,922423,-
orf172636,chr12_922442,YLR401C,canonical,conserved,Verified,chrXII,922442,924448,-
orf163732,chr12_924889,YLR402W,noncanonical,other,Dubious,chrXII,924889,925080,+
orf167621,chr12_925568,YLR403W,canonical,conserved,Verified,chrXII,925568,927619,+
orf176584,chr12_928357,NA,noncanonical,denovo,None,chrXII,928357,928515,-
orf171498,chr12_928743,YLR404W,canonical,conserved,Verified,chrXII,928743,929600,+
orf167631,chr12_929789,YLR405W,canonical,conserved,Verified,chrXII,929789,930892,+
orf160595,chr12_92986,NA,noncanonical,other,None,chrXII,92986,93036,+
orf176574,chr12_930835,NA,noncanonical,denovo,None,chrXII,930835,930957,-
NA,chr12_931065,YLR406C,canonical,conserved,Verified,chrXII,931065,931755,-
orf176566,chr12_932206,YLR406C-A,canonical,denovo,Uncharacterized,chrXII,932206,932355,-
orf180395,chr12_932478,NA,noncanonical,denovo,None,chrXII,932478,932651,-
orf171518,chr12_932967,YLR407W,canonical,conserved,Uncharacterized,chrXII,932967,933653,+
orf180393,chr12_933048,NA,noncanonical,other,None,chrXII,933048,933290,-
orf180392,chr12_933885,YLR408C,canonical,conserved,Verified,chrXII,933885,934253,-
orf176556,chr12_934414,YLR409C,canonical,conserved,Verified,chrXII,934414,937233,-
orf168445,chr12_93603,NA,noncanonical,other,None,chrXII,93603,93659,+
orf167651,chr12_937541,YLR410W,canonical,conserved,Verified,chrXII,937541,940981,+
orf183565,chr12_93930,NA,noncanonical,denovo,None,chrXII,93930,94151,-
orf167655,chr12_941483,YLR410W-A,canonical,conserved,transposable_element_gene,chrXII,941483,942799,+
orf164614,chr12_94322,NA,noncanonical,denovo,None,chrXII,94322,94414,+
orf168451,chr12_94404,NA,noncanonical,denovo,None,chrXII,94404,94514,+
orf172535,chr12_947243,NA,noncanonical,other,None,chrXII,947243,947398,-
orf171581,chr12_947253,YLR411W,canonical,conserved,Verified,chrXII,947253,947978,+
orf160601,chr12_94747,YLL025W,canonical,conserved,Verified,chrXII,94747,95121,+
orf167673,chr12_948368,YLR412W,canonical,conserved,Verified,chrXII,948368,949192,+
orf172526,chr12_949292,NA,noncanonical,denovo,None,chrXII,949292,949375,-
orf172525,chr12_949673,NA,noncanonical,denovo,None,chrXII,949673,949798,-
orf172521,chr12_950267,YLR412C-A,canonical,denovo,Uncharacterized,chrXII,950267,950473,-
orf171597,chr12_951156,YLR413W,canonical,conserved,Verified,chrXII,951156,953183,+
orf172514,chr12_952109,NA,noncanonical,denovo,None,chrXII,952109,952531,-
orf171598,chr12_953202,NA,noncanonical,denovo,None,chrXII,953202,953246,+
orf176482,chr12_953227,NA,noncanonical,denovo,None,chrXII,953227,953298,-
orf176481,chr12_953353,YLR414C,canonical,conserved,Verified,chrXII,953353,954144,-
orf176480,chr12_954259,YLR415C,canonical,other,Uncharacterized,chrXII,954259,954597,-
orf167697,chr12_955010,YLR417W,canonical,conserved,Verified,chrXII,955010,956710,+
orf179511,chr12_95566,YLL024C,canonical,conserved,Verified,chrXII,95566,97485,-
orf180296,chr12_956604,NA,noncanonical,other,None,chrXII,956604,956834,-
orf176470,chr12_956914,YLR418C,canonical,conserved,Verified,chrXII,956914,958095,-
orf171632,chr12_958428,YLR419W,canonical,conserved,Uncharacterized,chrXII,958428,962735,+
orf172469,chr12_963353,NA,noncanonical,other,None,chrXII,963353,963448,-
orf167711,chr12_963785,YLR420W,canonical,conserved,Verified,chrXII,963785,964879,+
orf171647,chr12_964881,NA,noncanonical,denovo,None,chrXII,964881,965036,+
orf172460,chr12_965090,YLR421C,canonical,conserved,Verified,chrXII,965090,965560,-
orf167714,chr12_965897,YLR422W,canonical,conserved,Verified,chrXII,965897,971695,+
orf176418,chr12_971917,YLR423C,canonical,conserved,Verified,chrXII,971917,973170,-
orf171692,chr12_973395,YLR424W,canonical,conserved,Verified,chrXII,973395,975521,+
orf176408,chr12_976612,NA,noncanonical,other,None,chrXII,976612,980136,-
orf175692,chr12_97997,YLL023C,canonical,conserved,Verified,chrXII,97997,98836,-
orf172416,chr12_980093,NA,noncanonical,other,None,chrXII,980093,981409,-
orf168462,chr12_98163,NA,noncanonical,other,None,chrXII,98163,98321,+
orf180165,chr12_981804,NA,noncanonical,other,None,chrXII,981804,981866,-
orf176397,chr12_981922,NA,noncanonical,other,None,chrXII,981922,981990,-
orf176396,chr12_982300,NA,noncanonical,other,None,chrXII,982300,982422,-
orf163983,chr12_982894,YLR425W,canonical,conserved,Verified,chrXII,982894,986817,+
NA,chr12_987062,YLR426W,canonical,conserved,Uncharacterized,chrXII,987062,988113,+
orf171735,chr12_988428,YLR427W,canonical,conserved,Verified,chrXII,988428,990440,+
orf175691,chr12_99044,YLL022C,canonical,conserved,Verified,chrXII,99044,100201,-
orf172377,chr12_990617,YLR428C,noncanonical,other,Dubious,chrXII,990617,990961,-
orf171737,chr12_990777,YLR429W,canonical,conserved,Verified,chrXII,990777,992732,+
orf180117,chr12_990894,NA,noncanonical,other,None,chrXII,990894,991223,-
orf171741,chr12_993108,NA,noncanonical,denovo,None,chrXII,993108,993260,+
orf167812,chr12_993386,NA,noncanonical,denovo,None,chrXII,993386,993433,+
orf167813,chr12_993434,YLR430W,canonical,conserved,Verified,chrXII,993434,1000129,+
orf191177,chr13_101862,YML082W,canonical,conserved,Uncharacterized,chrXIII,101862,103811,+
orf183980,chr13_10198,YML131W,canonical,conserved,Verified,chrXIII,10198,11295,+
orf200822,chr13_103853,NA,noncanonical,other,None,chrXIII,103853,103924,-
orf197255,chr13_103911,NA,noncanonical,other,None,chrXIII,103911,103952,-
orf197253,chr13_103983,YML081C-A,canonical,conserved,Verified,chrXIII,103983,104162,-
orf187824,chr13_104777,YML081W,canonical,conserved,Verified,chrXIII,104777,108532,+
orf187825,chr13_108806,YML080W,canonical,conserved,Verified,chrXIII,108806,110077,+
orf191215,chr13_110247,YML079W,canonical,conserved,Uncharacterized,chrXIII,110247,110852,+
orf197229,chr13_110616,NA,noncanonical,other,None,chrXIII,110616,110807,-
orf187829,chr13_111002,YML078W,canonical,conserved,Verified,chrXIII,111002,111550,+
orf184329,chr13_111547,NA,noncanonical,other,None,chrXIII,111547,111636,+
orf197224,chr13_111855,NA,noncanonical,other,None,chrXIII,111855,112064,-
orf184331,chr13_111865,YML077W,canonical,conserved,Verified,chrXIII,111865,112344,+
orf204008,chr13_112513,YML076C,canonical,conserved,Verified,chrXIII,112513,115347,-
orf187435,chr13_11318,NA,noncanonical,other,None,chrXIII,11318,11383,+
orf201139,chr13_11372,NA,noncanonical,denovo,None,chrXIII,11372,11461,-
orf201138,chr13_11483,YML130C,canonical,conserved,Verified,chrXIII,11483,13174,-
orf197196,chr13_115587,NA,noncanonical,other,None,chrXIII,115587,115682,-
orf197195,chr13_115734,YML075C,canonical,conserved,Verified,chrXIII,115734,118898,-
orf191255,chr13_119598,NA,noncanonical,other,None,chrXIII,119598,119633,+
orf187867,chr13_119633,NA,noncanonical,denovo,None,chrXIII,119633,119788,+
orf200742,chr13_120089,YML074C,canonical,conserved,Verified,chrXIII,120089,121324,-
orf191259,chr13_120882,NA,noncanonical,other,None,chrXIII,120882,121277,+
orf200734,chr13_122312,NA,noncanonical,other,None,chrXIII,122312,122605,-
orf203979,chr13_122626,NA,noncanonical,other,None,chrXIII,122626,122703,-
orf200733,chr13_122771,NA,noncanonical,other,None,chrXIII,122771,122827,-
orf197189,chr13_122886,NA,noncanonical,denovo,None,chrXIII,122886,122999,-
NA,chr13_123227,YML073C,canonical,conserved,Verified,chrXIII,123227,124172,-
orf191273,chr13_123240,NA,noncanonical,other,None,chrXIII,123240,123512,+
orf203974,chr13_124084,NA,noncanonical,other,None,chrXIII,124084,124245,-
orf200725,chr13_124730,YML072C,canonical,conserved,Verified,chrXIII,124730,129367,-
orf200724,chr13_129557,NA,noncanonical,denovo,None,chrXIII,129557,129718,-
orf200723,chr13_129749,YML071C,canonical,conserved,Verified,chrXIII,129749,131572,-
orf187902,chr13_132089,NA,noncanonical,other,None,chrXIII,132089,132277,+
orf191314,chr13_132297,NA,noncanonical,other,None,chrXIII,132297,132410,+
orf187903,chr13_132557,NA,noncanonical,other,None,chrXIII,132557,132610,+
orf191320,chr13_133215,NA,noncanonical,denovo,None,chrXIII,133215,133349,+
orf187908,chr13_133475,YML070W,canonical,conserved,Verified,chrXIII,133475,135229,+
orf187911,chr13_135500,YML069W,canonical,conserved,Verified,chrXIII,135500,137158,+
orf187443,chr13_13688,NA,noncanonical,other,None,chrXIII,13688,13747,+
orf191359,chr13_137550,YML068W,canonical,conserved,Verified,chrXIII,137550,138944,+
NA,chr13_139063,YML067C,canonical,conserved,Verified,chrXIII,139063,140214,-
orf183994,chr13_14011,NA,noncanonical,other,None,chrXIII,14011,14184,+
orf197132,chr13_140424,YML066C,canonical,conserved,Verified,chrXIII,140424,141533,-
orf184451,chr13_140548,NA,noncanonical,other,None,chrXIII,140548,140862,+
orf184455,chr13_141310,NA,noncanonical,other,None,chrXIII,141310,141465,+
orf183995,chr13_14215,NA,noncanonical,denovo,None,chrXIII,14215,14301,+
orf184459,chr13_142210,YML065W,canonical,conserved,Verified,chrXIII,142210,144954,+
orf197615,chr13_14250,NA,noncanonical,other,None,chrXIII,14250,14309,-
orf204358,chr13_14377,NA,noncanonical,other,None,chrXIII,14377,14418,-
orf197119,chr13_145086,NA,noncanonical,other,None,chrXIII,145086,145142,-
orf200675,chr13_145139,YML064C,canonical,conserved,Verified,chrXIII,145139,145876,-
orf197614,chr13_14541,YML129C,canonical,conserved,Verified,chrXIII,14541,14753,-
orf184468,chr13_146482,YML063W,canonical,conserved,Verified,chrXIII,146482,147249,+
orf203861,chr13_147505,YML062C,canonical,conserved,Verified,chrXIII,147505,148683,-
orf187979,chr13_148763,NA,noncanonical,denovo,None,chrXIII,148763,148945,+
orf197106,chr13_148953,YML061C,canonical,conserved,Verified,chrXIII,148953,151532,-
orf201132,chr13_15053,NA,noncanonical,denovo,None,chrXIII,15053,15115,-
orf197610,chr13_15135,YML128C,canonical,conserved,Verified,chrXIII,15135,16676,-
orf187990,chr13_151871,YML060W,canonical,conserved,Verified,chrXIII,151871,153001,+
orf197100,chr13_153219,YML059C,canonical,conserved,Verified,chrXIII,153219,158258,-
orf191436,chr13_158760,YML058W-A,canonical,conserved,Verified,chrXIII,158760,158966,+
orf188017,chr13_159383,YML058W,canonical,conserved,Verified,chrXIII,159383,159697,+
orf200604,chr13_159761,NA,noncanonical,other,None,chrXIII,159761,159832,-
orf197091,chr13_160023,YML057C-A,noncanonical,other,Dubious,chrXIII,160023,160412,-
orf184518,chr13_160180,YML057W,canonical,conserved,Verified,chrXIII,160180,161994,+
NA,chr13_162194,YML056C,canonical,conserved,Verified,chrXIII,162194,164176,-
orf200597,chr13_164234,NA,noncanonical,denovo,None,chrXIII,164234,164344,-
orf184529,chr13_164623,NA,noncanonical,denovo,None,chrXIII,164623,164730,+
orf191457,chr13_164790,YML055W,canonical,conserved,Verified,chrXIII,164790,165326,+
orf200592,chr13_165533,YML054C,canonical,conserved,Verified,chrXIII,165533,167308,-
orf188053,chr13_166583,NA,noncanonical,other,None,chrXIII,166583,166714,+
orf201123,chr13_16673,NA,noncanonical,other,None,chrXIII,16673,16759,-
orf184544,chr13_167989,NA,noncanonical,other,None,chrXIII,167989,168078,+
orf188063,chr13_168278,NA,noncanonical,other,None,chrXIII,168278,168340,+
orf200584,chr13_168977,NA,noncanonical,other,None,chrXIII,168977,169030,-
orf197062,chr13_169035,NA,noncanonical,denovo,None,chrXIII,169035,169091,-
orf197061,chr13_169116,YML053C,canonical,conserved,Uncharacterized,chrXIII,169116,169754,-
orf188071,chr13_170402,YML052W,canonical,conserved,Verified,chrXIII,170402,171310,+
orf190899,chr13_17064,YML127W,canonical,conserved,Verified,chrXIII,17064,18809,+
orf191482,chr13_171594,YML051W,canonical,conserved,Verified,chrXIII,171594,172901,+
orf191483,chr13_173139,YML050W,canonical,conserved,Verified,chrXIII,173139,174074,+
orf203767,chr13_174034,NA,noncanonical,denovo,None,chrXIII,174034,174180,-
orf203766,chr13_174220,YML049C,canonical,conserved,Verified,chrXIII,174220,178305,-
orf184603,chr13_178426,YML048W,canonical,conserved,Verified,chrXIII,178426,179637,+
orf184604,chr13_179893,YML047W-A,noncanonical,denovo,Dubious,chrXIII,179893,180258,+
orf200540,chr13_180017,YML047C,canonical,conserved,Verified,chrXIII,180017,181075,-
orf184613,chr13_181474,YML046W,canonical,conserved,Verified,chrXIII,181474,183363,+
orf191518,chr13_184461,YML045W-A,canonical,conserved,transposable_element_gene,chrXIII,184461,185783,+
orf187458,chr13_18806,NA,noncanonical,other,None,chrXIII,18806,18877,+
orf197605,chr13_18864,NA,noncanonical,denovo,None,chrXIII,18864,18923,-
orf200491,chr13_190244,YML043C,canonical,conserved,Verified,chrXIII,190244,191767,-
orf204347,chr13_19060,YML126C,canonical,conserved,Verified,chrXIII,19060,20535,-
orf203703,chr13_191848,NA,noncanonical,denovo,None,chrXIII,191848,192015,-
orf188188,chr13_192788,YML042W,canonical,conserved,Verified,chrXIII,192788,194800,+
orf196933,chr13_194913,YML041C,canonical,conserved,Verified,chrXIII,194913,195755,-
orf200436,chr13_202775,YML038C,canonical,conserved,Verified,chrXIII,202775,204103,-
orf200433,chr13_204386,YML037C,canonical,conserved,Uncharacterized,chrXIII,204386,205408,-
NA,chr13_205642,YML036W,canonical,conserved,Verified,chrXIII,205642,206293,+
orf200429,chr13_206252,NA,noncanonical,other,None,chrXIII,206252,206428,-
orf203633,chr13_206428,YML035C,canonical,conserved,Verified,chrXIII,206428,208860,-
orf204346,chr13_20761,YML125C,canonical,conserved,Verified,chrXIII,20761,21699,-
NA,chr13_209525,YML034W,canonical,conserved,Verified,chrXIII,209525,212155,+
orf184725,chr13_212164,NA,noncanonical,denovo,None,chrXIII,212164,212301,+
orf196855,chr13_212304,NA,noncanonical,denovo,None,chrXIII,212304,212387,-
orf203622,chr13_212515,YML032C,canonical,conserved,Verified,chrXIII,212515,214029,-
orf184733,chr13_214189,YML031W,canonical,conserved,Verified,chrXIII,214189,216156,+
orf196837,chr13_215640,NA,noncanonical,other,None,chrXIII,215640,215999,-
orf191641,chr13_216435,YML030W,canonical,conserved,Verified,chrXIII,216435,216914,+
orf191645,chr13_217362,YML029W,canonical,conserved,Verified,chrXIII,217362,219878,+
orf200386,chr13_219704,NA,noncanonical,other,None,chrXIII,219704,219808,-
orf184755,chr13_220138,YML028W,canonical,conserved,Verified,chrXIII,220138,220728,+
orf196822,chr13_220470,NA,noncanonical,other,None,chrXIII,220470,220676,-
NA,chr13_22048,YML124C,canonical,conserved,Verified,chrXIII,22048,23683,-
orf188268,chr13_220820,NA,noncanonical,denovo,None,chrXIII,220820,220873,+
orf191651,chr13_221406,YML027W,canonical,conserved,Verified,chrXIII,221406,222563,+
NA,chr13_222987,YML026C,canonical,conserved,Verified,chrXIII,222987,223828,-
NA,chr13_224406,YML025C,canonical,conserved,Verified,chrXIII,224406,225365,-
NA,chr13_225889,YML024W,canonical,conserved,Verified,chrXIII,225889,226697,+
orf200348,chr13_226817,NA,noncanonical,denovo,None,chrXIII,226817,226933,-
orf200347,chr13_226994,YML023C,canonical,conserved,Verified,chrXIII,226994,228664,-
orf191671,chr13_227043,NA,noncanonical,other,None,chrXIII,227043,227432,+
orf191673,chr13_227922,NA,noncanonical,denovo,None,chrXIII,227922,228113,+
orf184790,chr13_228937,YML022W,canonical,conserved,Verified,chrXIII,228937,229500,+
orf196788,chr13_229119,NA,noncanonical,other,None,chrXIII,229119,229328,-
orf196786,chr13_229734,YML021C,canonical,conserved,Verified,chrXIII,229734,230813,-
orf188307,chr13_231149,YML020W,canonical,conserved,Uncharacterized,chrXIII,231149,233143,+
orf200325,chr13_233330,NA,noncanonical,denovo,None,chrXIII,233330,233497,-
orf191699,chr13_233457,YML019W,canonical,conserved,Verified,chrXIII,233457,234455,+
orf200319,chr13_234512,NA,noncanonical,denovo,None,chrXIII,234512,234685,-
orf196768,chr13_234771,YML018C,canonical,conserved,Verified,chrXIII,234771,235952,-
orf184816,chr13_234913,NA,noncanonical,other,None,chrXIII,234913,235236,+
NA,chr13_236588,YML017W,canonical,conserved,Verified,chrXIII,236588,238731,+
orf196755,chr13_239352,NA,noncanonical,other,None,chrXIII,239352,239414,-
orf203521,chr13_239458,YML016C,canonical,conserved,Verified,chrXIII,239458,241536,-
orf204341,chr13_24037,YML123C,canonical,conserved,Verified,chrXIII,24037,25800,-
orf187482,chr13_24077,NA,noncanonical,denovo,None,chrXIII,24077,24235,+
orf196736,chr13_241989,YML015C,canonical,conserved,Verified,chrXIII,241989,243029,-
orf184842,chr13_242086,NA,noncanonical,other,None,chrXIII,242086,242292,+
orf191734,chr13_243225,YML014W,canonical,conserved,Verified,chrXIII,243225,244064,+
orf191735,chr13_244149,YML013W,canonical,conserved,Verified,chrXIII,244149,245903,+
orf200281,chr13_245537,YML012C-A,noncanonical,denovo,Dubious,chrXIII,245537,245914,-
orf184866,chr13_246034,NA,noncanonical,denovo,None,chrXIII,246034,246072,+
orf188361,chr13_246116,YML012W,canonical,conserved,Verified,chrXIII,246116,246751,+
orf188362,chr13_246773,NA,noncanonical,other,None,chrXIII,246773,246838,+
orf184868,chr13_246808,NA,noncanonical,denovo,None,chrXIII,246808,246906,+
orf203505,chr13_246895,YML011C,canonical,conserved,Verified,chrXIII,246895,247428,-
orf191741,chr13_247677,YML010W,canonical,conserved,Verified,chrXIII,247677,250868,+
orf196707,chr13_251145,NA,noncanonical,denovo,None,chrXIII,251145,251213,-
orf196706,chr13_251217,NA,noncanonical,denovo,None,chrXIII,251217,251297,-
orf196705,chr13_251304,YML009C,canonical,conserved,Verified,chrXIII,251304,251516,-
orf203489,chr13_251839,YML008C,canonical,conserved,Verified,chrXIII,251839,252990,-
orf203488,chr13_253162,YML007C-A,canonical,other,Uncharacterized,chrXIII,253162,253272,-
orf191755,chr13_253848,YML007W,canonical,conserved,Verified,chrXIII,253848,255800,+
orf200256,chr13_255332,NA,noncanonical,other,None,chrXIII,255332,255754,-
orf187493,chr13_25598,NA,noncanonical,other,None,chrXIII,25598,25690,+
orf196686,chr13_256092,YML006C,canonical,conserved,Verified,chrXIII,256092,258416,-
orf196685,chr13_258825,NA,noncanonical,other,None,chrXIII,258825,258902,-
orf196681,chr13_259554,NA,noncanonical,other,None,chrXIII,259554,259718,-
orf200234,chr13_259832,NA,noncanonical,denovo,None,chrXIII,259832,259894,-
orf188395,chr13_259931,NA,noncanonical,other,None,chrXIII,259931,260158,+
orf184942,chr13_260221,YML005W,canonical,conserved,Verified,chrXIII,260221,261609,+
orf204338,chr13_26038,YML122C,canonical,denovo,Uncharacterized,chrXIII,26038,26418,-
orf187497,chr13_26045,NA,noncanonical,denovo,None,chrXIII,26045,26182,+
orf200227,chr13_261593,NA,noncanonical,denovo,None,chrXIII,261593,261661,-
orf196671,chr13_261705,YML004C,canonical,conserved,Verified,chrXIII,261705,262685,-
orf196670,chr13_262803,NA,noncanonical,other,None,chrXIII,262803,262937,-
orf184951,chr13_262849,NA,noncanonical,denovo,None,chrXIII,262849,262962,+
orf184952,chr13_262981,NA,noncanonical,denovo,None,chrXIII,262981,263058,+
orf191788,chr13_263088,NA,noncanonical,other,None,chrXIII,263088,263195,+
orf188416,chr13_263483,YML003W,canonical,conserved,Uncharacterized,chrXIII,263483,264355,+
orf184955,chr13_264541,YML002W,canonical,conserved,Uncharacterized,chrXIII,264541,266754,+
orf191802,chr13_267174,YML001W,canonical,conserved,Verified,chrXIII,267174,267800,+
orf184965,chr13_268624,NA,noncanonical,other,None,chrXIII,268624,268743,+
orf196648,chr13_268887,NA,noncanonical,other,None,chrXIII,268887,268931,-
orf196647,chr13_269019,YMR001C,canonical,conserved,Verified,chrXIII,269019,271136,-
orf187500,chr13_26930,YML121W,canonical,conserved,Verified,chrXIII,26930,27862,+
orf196646,chr13_271347,YMR001C-A,canonical,other,Uncharacterized,chrXIII,271347,271577,-
orf203429,chr13_271714,NA,noncanonical,denovo,None,chrXIII,271714,271785,-
orf191828,chr13_271932,NA,noncanonical,other,None,chrXIII,271932,272033,+
orf191829,chr13_272193,YMR002W,canonical,conserved,Verified,chrXIII,272193,272663,+
orf184983,chr13_272734,NA,noncanonical,denovo,None,chrXIII,272734,272823,+
orf184986,chr13_273118,YMR003W,canonical,conserved,Verified,chrXIII,273118,273714,+
orf191831,chr13_274017,YMR004W,canonical,conserved,Verified,chrXIII,274017,275552,+
orf200163,chr13_274778,NA,noncanonical,other,None,chrXIII,274778,275353,-
orf196628,chr13_275850,NA,noncanonical,denovo,None,chrXIII,275850,275960,-
orf191836,chr13_276045,YMR005W,canonical,conserved,Verified,chrXIII,276045,277211,+
orf200155,chr13_277403,NA,noncanonical,denovo,None,chrXIII,277403,277510,-
orf203409,chr13_277561,YMR006C,canonical,conserved,Verified,chrXIII,277561,279681,-
orf204329,chr13_27916,NA,noncanonical,denovo,None,chrXIII,27916,28077,-
orf188475,chr13_279665,NA,noncanonical,other,None,chrXIII,279665,279751,+
orf191850,chr13_279960,YMR007W,canonical,denovo,Uncharacterized,chrXIII,279960,280340,+
orf203407,chr13_280243,NA,noncanonical,denovo,None,chrXIII,280243,280401,-
orf196598,chr13_280590,YMR008C,canonical,conserved,Verified,chrXIII,280590,282584,-
orf197552,chr13_28077,NA,noncanonical,other,None,chrXIII,28077,28136,-
orf197551,chr13_28203,NA,noncanonical,other,None,chrXIII,28203,28265,-
orf197550,chr13_28266,YML120C,canonical,conserved,Verified,chrXIII,28266,29807,-
orf196596,chr13_282837,NA,noncanonical,denovo,None,chrXIII,282837,282905,-
orf196595,chr13_282930,NA,noncanonical,denovo,None,chrXIII,282930,283055,-
orf203399,chr13_283081,NA,noncanonical,denovo,None,chrXIII,283081,283548,-
orf191863,chr13_283788,NA,noncanonical,other,None,chrXIII,283788,283847,+
orf185037,chr13_283879,NA,noncanonical,denovo,None,chrXIII,283879,283920,+
orf191864,chr13_283983,NA,noncanonical,denovo,None,chrXIII,283983,284072,+
orf188491,chr13_284102,YMR009W,canonical,conserved,Verified,chrXIII,284102,284641,+
orf185040,chr13_285100,YMR010W,canonical,conserved,Verified,chrXIII,285100,286317,+
orf200116,chr13_286562,NA,noncanonical,denovo,None,chrXIII,286562,286666,-
orf203387,chr13_286681,NA,noncanonical,denovo,None,chrXIII,286681,286761,-
orf203385,chr13_286897,NA,noncanonical,denovo,None,chrXIII,286897,287109,-
orf185051,chr13_288079,YMR011W,canonical,conserved,Verified,chrXIII,288079,289704,+
orf196566,chr13_289416,NA,noncanonical,other,None,chrXIII,289416,289547,-
orf191883,chr13_289800,NA,noncanonical,denovo,None,chrXIII,289800,289874,+
orf188525,chr13_291134,YMR012W,canonical,conserved,Verified,chrXIII,291134,294967,+
orf196542,chr13_295179,YMR013C,canonical,conserved,Verified,chrXIII,295179,296738,-
orf188544,chr13_298868,YMR014W,canonical,conserved,Verified,chrXIII,298868,300427,+
orf197549,chr13_29913,NA,noncanonical,denovo,None,chrXIII,29913,30104,-
orf201086,chr13_30023,NA,noncanonical,denovo,None,chrXIII,30023,30229,-
orf188545,chr13_300491,NA,noncanonical,denovo,None,chrXIII,300491,300586,+
orf190937,chr13_30051,NA,noncanonical,denovo,None,chrXIII,30051,30248,+
orf200061,chr13_300869,YMR015C,canonical,conserved,Verified,chrXIII,300869,302485,-
orf200058,chr13_303236,YMR016C,canonical,conserved,Verified,chrXIII,303236,305593,-
orf187515,chr13_30611,YML119W,canonical,conserved,Uncharacterized,chrXIII,30611,31684,+
orf185118,chr13_306511,NA,noncanonical,denovo,None,chrXIII,306511,306765,+
orf185119,chr13_307096,NA,noncanonical,denovo,None,chrXIII,307096,307347,+
orf185120,chr13_307489,YMR017W,canonical,conserved,Verified,chrXIII,307489,308682,+
orf188576,chr13_309665,NA,noncanonical,denovo,None,chrXIII,309665,309886,+
orf188578,chr13_310208,YMR018W,canonical,conserved,Verified,chrXIII,310208,311752,+
orf203288,chr13_311893,NA,noncanonical,denovo,None,chrXIII,311893,311955,-
orf191996,chr13_312156,YMR019W,canonical,conserved,Verified,chrXIII,312156,315005,+
orf204322,chr13_31315,NA,noncanonical,other,None,chrXIII,31315,31578,-
orf188589,chr13_315377,YMR020W,canonical,conserved,Verified,chrXIII,315377,316903,+
orf200012,chr13_317165,YMR021C,canonical,conserved,Verified,chrXIII,317165,318418,-
orf201081,chr13_31847,NA,noncanonical,denovo,None,chrXIII,31847,31951,-
orf188601,chr13_318680,YMR022W,canonical,conserved,Verified,chrXIII,318680,319177,+
orf190948,chr13_31875,NA,noncanonical,denovo,None,chrXIII,31875,32045,+
orf196469,chr13_319437,YMR023C,canonical,conserved,Verified,chrXIII,319437,321017,-
orf188613,chr13_321875,YMR024W,canonical,conserved,Verified,chrXIII,321875,323047,+
orf188615,chr13_323300,YMR025W,canonical,conserved,Verified,chrXIII,323300,324187,+
orf190950,chr13_32334,YML118W,canonical,conserved,Verified,chrXIII,32334,33851,+
orf196456,chr13_324120,NA,noncanonical,other,None,chrXIII,324120,324236,-
orf199987,chr13_324236,YMR026C,canonical,conserved,Verified,chrXIII,324236,325435,-
orf203231,chr13_325435,NA,noncanonical,other,None,chrXIII,325435,325701,-
orf188620,chr13_325877,YMR027W,canonical,conserved,Verified,chrXIII,325877,327289,+
orf188621,chr13_327323,NA,noncanonical,denovo,None,chrXIII,327323,327397,+
orf188622,chr13_327482,YMR028W,canonical,conserved,Verified,chrXIII,327482,328582,+
orf203220,chr13_328660,YMR029C,canonical,conserved,Verified,chrXIII,328660,330231,-
orf185215,chr13_330793,YMR030W,canonical,conserved,Verified,chrXIII,330793,331923,+
orf203207,chr13_332212,YMR031C,canonical,conserved,Verified,chrXIII,332212,334743,-
orf192094,chr13_335298,YMR032W,canonical,conserved,Verified,chrXIII,335298,337307,+
orf188645,chr13_337313,YMR030W-A,canonical,other,Uncharacterized,chrXIII,337313,337603,+
NA,chr13_337788,YMR033W,canonical,conserved,Verified,chrXIII,337788,339277,+
orf203188,chr13_339418,YMR034C,canonical,conserved,Verified,chrXIII,339418,340722,-
orf192118,chr13_341142,YMR035W,canonical,conserved,Verified,chrXIII,341142,341675,+
orf196364,chr13_341856,YMR036C,canonical,conserved,Verified,chrXIII,341856,343520,-
orf184071,chr13_34243,YML117W,canonical,conserved,Verified,chrXIII,34243,37647,+
orf199933,chr13_343625,NA,noncanonical,denovo,None,chrXIII,343625,343852,-
orf196359,chr13_344403,YMR037C,canonical,conserved,Verified,chrXIII,344403,346517,-
orf199911,chr13_346997,NA,noncanonical,denovo,None,chrXIII,346997,347074,-
orf196358,chr13_347325,NA,noncanonical,denovo,None,chrXIII,347325,347438,-
orf196357,chr13_347511,YMR038C,canonical,conserved,Verified,chrXIII,347511,348260,-
orf185290,chr13_347686,NA,noncanonical,other,None,chrXIII,347686,347862,+
orf185293,chr13_348052,NA,noncanonical,other,None,chrXIII,348052,348231,+
orf188693,chr13_348368,NA,noncanonical,other,None,chrXIII,348368,348463,+
orf199903,chr13_348644,YMR039C,canonical,conserved,Verified,chrXIII,348644,349522,-
orf188697,chr13_350255,NA,noncanonical,denovo,None,chrXIII,350255,350344,+
orf192152,chr13_350328,NA,noncanonical,denovo,None,chrXIII,350328,350378,+
orf188698,chr13_350381,YMR040W,canonical,conserved,Verified,chrXIII,350381,350863,+
orf199899,chr13_350966,YMR041C,canonical,conserved,Verified,chrXIII,350966,351973,-
orf185311,chr13_352603,YMR042W,canonical,conserved,Verified,chrXIII,352603,353136,+
orf196344,chr13_352725,NA,noncanonical,other,None,chrXIII,352725,352919,-
orf196343,chr13_352995,NA,noncanonical,denovo,None,chrXIII,352995,353270,-
orf192166,chr13_353871,YMR043W,canonical,conserved,Verified,chrXIII,353871,354731,+
orf196330,chr13_355371,NA,noncanonical,other,None,chrXIII,355371,355571,-
orf185317,chr13_355384,YMR044W,canonical,conserved,Verified,chrXIII,355384,356811,+
orf199883,chr13_357359,NA,noncanonical,other,None,chrXIII,357359,360826,-
orf196315,chr13_361305,YMR046C,canonical,conserved,transposable_element_gene,chrXIII,361305,362627,-
orf203093,chr13_363364,YMR047C,canonical,conserved,Verified,chrXIII,363364,366705,-
orf192220,chr13_366981,YMR048W,canonical,conserved,Verified,chrXIII,366981,367934,+
orf196291,chr13_368094,YMR049C,canonical,conserved,Verified,chrXIII,368094,370517,-
orf185390,chr13_371893,NA,noncanonical,other,None,chrXIII,371893,371988,+
orf197511,chr13_37428,NA,noncanonical,denovo,None,chrXIII,37428,37685,-
orf188825,chr13_378899,NA,noncanonical,other,None,chrXIII,378899,379030,+
orf188828,chr13_379586,YMR052W,canonical,conserved,Verified,chrXIII,379586,380200,+
orf196236,chr13_380346,YMR053C,canonical,conserved,Verified,chrXIII,380346,382898,-
orf188831,chr13_380699,NA,noncanonical,other,None,chrXIII,380699,380839,+
orf190959,chr13_38196,YML116W,canonical,conserved,Verified,chrXIII,38196,39824,+
orf188840,chr13_383303,YMR054W,canonical,conserved,Verified,chrXIII,383303,385975,+
orf201058,chr13_38441,NA,noncanonical,other,None,chrXIII,38441,38791,-
orf203028,chr13_386101,YMR055C,canonical,conserved,Verified,chrXIII,386101,387021,-
orf196215,chr13_387315,YMR056C,canonical,conserved,Verified,chrXIII,387315,388244,-
orf192312,chr13_388314,NA,noncanonical,denovo,None,chrXIII,388314,388490,+
orf185446,chr13_388822,YMR058W,canonical,conserved,Verified,chrXIII,388822,390732,+
orf185447,chr13_390745,NA,noncanonical,denovo,None,chrXIII,390745,390843,+
orf185449,chr13_391039,YMR059W,canonical,conserved,Verified,chrXIII,391039,391485,+
orf199767,chr13_391532,YMR060C,canonical,conserved,Verified,chrXIII,391532,392515,-
orf185455,chr13_392755,YMR061W,canonical,conserved,Verified,chrXIII,392755,394788,+
orf199754,chr13_395054,YMR062C,canonical,conserved,Verified,chrXIII,395054,396379,-
orf192336,chr13_395601,NA,noncanonical,other,None,chrXIII,395601,396002,+
orf185462,chr13_396361,NA,noncanonical,denovo,None,chrXIII,396361,396597,+
orf199752,chr13_396917,NA,noncanonical,denovo,None,chrXIII,396917,397126,-
orf192342,chr13_397077,YMR063W,canonical,conserved,Verified,chrXIII,397077,397796,+
orf199751,chr13_397355,NA,noncanonical,other,None,chrXIII,397355,397690,-
orf185470,chr13_397903,YMR064W,canonical,conserved,Verified,chrXIII,397903,399459,+
orf192348,chr13_399702,YMR065W,canonical,conserved,Verified,chrXIII,399702,401216,+
orf192351,chr13_401541,YMR066W,canonical,conserved,Verified,chrXIII,401541,404237,+
orf201048,chr13_40187,YML115C,canonical,conserved,Verified,chrXIII,40187,41794,-
orf202951,chr13_404323,YMR067C,canonical,conserved,Verified,chrXIII,404323,405573,-
orf188923,chr13_406304,YMR068W,canonical,conserved,Verified,chrXIII,406304,407584,+
orf192374,chr13_407709,YMR069W,canonical,conserved,Verified,chrXIII,407709,408566,+
orf188927,chr13_409154,YMR070W,canonical,conserved,Verified,chrXIII,409154,410626,+
orf199690,chr13_410762,YMR071C,canonical,conserved,Verified,chrXIII,410762,411265,-
orf192383,chr13_411003,NA,noncanonical,other,None,chrXIII,411003,411278,+
orf188929,chr13_411569,YMR072W,canonical,conserved,Verified,chrXIII,411569,412120,+
orf185531,chr13_412138,NA,noncanonical,denovo,None,chrXIII,412138,412290,+
orf199687,chr13_412268,YMR073C,canonical,conserved,Verified,chrXIII,412268,412873,-
orf199686,chr13_412946,NA,noncanonical,denovo,None,chrXIII,412946,413017,-
orf199685,chr13_413036,YMR074C,canonical,conserved,Verified,chrXIII,413036,413473,-
orf185534,chr13_413251,NA,noncanonical,other,None,chrXIII,413251,413340,+
orf192393,chr13_413982,YMR075W,canonical,conserved,Verified,chrXIII,413982,416036,+
orf190966,chr13_41529,NA,noncanonical,denovo,None,chrXIII,41529,41807,+
orf196121,chr13_416196,YMR076C,canonical,conserved,Verified,chrXIII,416196,420029,-
orf204268,chr13_42043,YML114C,canonical,conserved,Verified,chrXIII,42043,43575,-
orf199643,chr13_421400,NA,noncanonical,denovo,None,chrXIII,421400,421483,-
orf199642,chr13_421484,YMR077C,canonical,conserved,Verified,chrXIII,421484,422149,-
orf185573,chr13_422464,NA,noncanonical,denovo,None,chrXIII,422464,422622,+
orf202887,chr13_422503,YMR078C,canonical,conserved,Verified,chrXIII,422503,424728,-
NA,chr13_424989,YMR079W,canonical,conserved,Verified,chrXIII,424989,426059,+
orf202874,chr13_426595,NA,noncanonical,denovo,None,chrXIII,426595,426687,-
orf202873,chr13_426712,YMR080C,canonical,conserved,Verified,chrXIII,426712,429627,-
orf199613,chr13_430079,YMR081C,canonical,conserved,Verified,chrXIII,430079,431095,-
orf185612,chr13_430381,NA,noncanonical,denovo,None,chrXIII,430381,430530,+
orf185613,chr13_430576,NA,noncanonical,other,None,chrXIII,430576,430731,+
orf196063,chr13_431769,YMR082C,canonical,denovo,Uncharacterized,chrXIII,431769,432125,-
orf185620,chr13_432412,NA,noncanonical,denovo,None,chrXIII,432412,432462,+
orf192457,chr13_432486,NA,noncanonical,denovo,None,chrXIII,432486,432575,+
orf189002,chr13_432692,NA,noncanonical,other,None,chrXIII,432692,432751,+
orf192458,chr13_432813,NA,noncanonical,denovo,None,chrXIII,432813,432938,+
orf196053,chr13_433332,NA,noncanonical,other,None,chrXIII,433332,433439,-
orf185627,chr13_433816,NA,noncanonical,denovo,None,chrXIII,433816,433929,+
orf192462,chr13_433986,NA,noncanonical,other,None,chrXIII,433986,434105,+
orf199597,chr13_434090,NA,noncanonical,other,None,chrXIII,434090,434296,-
orf185629,chr13_434173,NA,noncanonical,denovo,None,chrXIII,434173,434256,+
orf185631,chr13_434356,NA,noncanonical,other,None,chrXIII,434356,434565,+
orf185632,chr13_434788,YMR083W,canonical,conserved,Verified,chrXIII,434788,435915,+
orf189019,chr13_436376,NA,noncanonical,denovo,None,chrXIII,436376,436456,+
orf189021,chr13_436628,YMR084W,canonical,conserved,Uncharacterized,chrXIII,436628,437416,+
orf185639,chr13_437491,YMR085W,canonical,conserved,Uncharacterized,chrXIII,437491,438789,+
orf196031,chr13_438897,NA,noncanonical,other,None,chrXIII,438897,439082,-
orf189029,chr13_439208,YMR086W,canonical,conserved,Verified,chrXIII,439208,442090,+
orf187567,chr13_44045,YML113W,canonical,conserved,Verified,chrXIII,44045,44791,+
orf192503,chr13_442236,NA,noncanonical,denovo,None,chrXIII,442236,442337,+
orf192504,chr13_442527,YMR087W,canonical,conserved,Verified,chrXIII,442527,443381,+
orf202816,chr13_442696,NA,noncanonical,other,None,chrXIII,442696,442839,-
orf199564,chr13_442958,NA,noncanonical,other,None,chrXIII,442958,443134,-
orf199561,chr13_443414,YMR088C,canonical,conserved,Verified,chrXIII,443414,445102,-
orf192511,chr13_444306,NA,noncanonical,other,None,chrXIII,444306,444587,+
orf199559,chr13_445487,NA,noncanonical,denovo,None,chrXIII,445487,445585,-
orf202805,chr13_445609,YMR089C,canonical,conserved,Verified,chrXIII,445609,448086,-
orf185666,chr13_448345,NA,noncanonical,denovo,None,chrXIII,448345,448509,+
orf185668,chr13_448612,NA,noncanonical,denovo,None,chrXIII,448612,448680,+
orf190977,chr13_44874,NA,noncanonical,other,None,chrXIII,44874,44978,+
orf185669,chr13_448993,NA,noncanonical,denovo,None,chrXIII,448993,449064,+
orf185670,chr13_449245,YMR090W,canonical,conserved,Uncharacterized,chrXIII,449245,449928,+
orf195982,chr13_449460,NA,noncanonical,other,None,chrXIII,449460,449633,-
orf202799,chr13_450058,YMR091C,canonical,conserved,Verified,chrXIII,450058,451365,-
orf190978,chr13_45063,YML112W,canonical,conserved,Verified,chrXIII,45063,45953,+
orf195965,chr13_451632,YMR092C,canonical,conserved,Verified,chrXIII,451632,453479,-
orf185689,chr13_454015,YMR093W,canonical,conserved,Verified,chrXIII,454015,455556,+
orf189090,chr13_455825,YMR094W,canonical,conserved,Verified,chrXIII,455825,457261,+
orf195953,chr13_457188,NA,noncanonical,other,None,chrXIII,457188,457319,-
orf202773,chr13_457285,YMR095C,canonical,conserved,Verified,chrXIII,457285,457959,-
orf189093,chr13_457736,NA,noncanonical,other,None,chrXIII,457736,457840,+
orf185698,chr13_457867,NA,noncanonical,denovo,None,chrXIII,457867,457998,+
orf189097,chr13_458408,YMR096W,canonical,conserved,Verified,chrXIII,458408,459301,+
orf185703,chr13_459403,NA,noncanonical,other,None,chrXIII,459403,459453,+
orf202766,chr13_459424,YMR097C,canonical,conserved,Verified,chrXIII,459424,460527,-
orf202765,chr13_460771,YMR098C,canonical,conserved,Verified,chrXIII,460771,462609,-
NA,chr13_461,YML133C,canonical,conserved,Uncharacterized,chrXIII,461,4684,-
orf204251,chr13_46111,NA,noncanonical,denovo,None,chrXIII,46111,46287,-
orf204249,chr13_46366,NA,noncanonical,denovo,None,chrXIII,46366,46431,-
orf199489,chr13_463934,YMR099C,canonical,conserved,Verified,chrXIII,463934,464827,-
orf201030,chr13_46457,NA,noncanonical,denovo,None,chrXIII,46457,46591,-
orf192586,chr13_465087,NA,noncanonical,denovo,None,chrXIII,465087,465149,+
orf192587,chr13_465231,NA,noncanonical,other,None,chrXIII,465231,465311,+
orf185729,chr13_465361,NA,noncanonical,denovo,None,chrXIII,465361,465456,+
orf185731,chr13_466300,YMR100W,canonical,conserved,Verified,chrXIII,466300,468162,+
orf202737,chr13_468445,YMR101C,canonical,conserved,Verified,chrXIII,468445,469476,-
orf184106,chr13_46942,YML111W,canonical,conserved,Verified,chrXIII,46942,49704,+
orf195881,chr13_469848,YMR102C,canonical,conserved,Uncharacterized,chrXIII,469848,472352,-
orf195879,chr13_472902,YMR103C,canonical,denovo,Uncharacterized,chrXIII,472902,473264,-
orf199443,chr13_473294,NA,noncanonical,denovo,None,chrXIII,473294,473344,-
orf199442,chr13_473420,YMR104C,canonical,conserved,Verified,chrXIII,473420,475453,-
orf185767,chr13_475462,NA,noncanonical,denovo,None,chrXIII,475462,475638,+
orf195875,chr13_475746,NA,noncanonical,denovo,None,chrXIII,475746,475853,-
orf202713,chr13_475897,YMR105C,canonical,conserved,Verified,chrXIII,475897,477606,-
orf199439,chr13_477743,NA,noncanonical,denovo,None,chrXIII,477743,477844,-
orf189182,chr13_478064,YMR105W-A,canonical,other,Uncharacterized,chrXIII,478064,478258,+
orf202711,chr13_478093,NA,noncanonical,other,None,chrXIII,478093,478173,-
orf199437,chr13_478235,NA,noncanonical,other,None,chrXIII,478235,478276,-
orf199436,chr13_478301,YMR106C,canonical,conserved,Verified,chrXIII,478301,480190,-
orf192645,chr13_480924,NA,noncanonical,other,None,chrXIII,480924,481187,+
orf195845,chr13_482355,NA,noncanonical,other,None,chrXIII,482355,482495,-
orf185800,chr13_482857,NA,noncanonical,other,None,chrXIII,482857,482985,+
orf199421,chr13_483008,NA,noncanonical,denovo,None,chrXIII,483008,483157,-
orf189198,chr13_483014,YMR107W,canonical,conserved,Verified,chrXIII,483014,483361,+
orf189199,chr13_483362,NA,noncanonical,other,None,chrXIII,483362,483496,+
orf189202,chr13_483821,NA,noncanonical,other,None,chrXIII,483821,483886,+
orf185803,chr13_484084,YMR108W,canonical,conserved,Verified,chrXIII,484084,486147,+
orf189214,chr13_486587,YMR109W,canonical,conserved,Verified,chrXIII,486587,490246,+
orf199390,chr13_490394,YMR110C,canonical,conserved,Verified,chrXIII,490394,491992,-
orf199388,chr13_492404,YMR111C,canonical,conserved,Verified,chrXIII,492404,493792,-
orf192710,chr13_493830,NA,noncanonical,denovo,None,chrXIII,493830,493994,+
orf195808,chr13_494100,YMR112C,canonical,conserved,Verified,chrXIII,494100,494495,-
orf192712,chr13_494757,NA,noncanonical,other,None,chrXIII,494757,494876,+
orf189235,chr13_494999,YMR113W,canonical,conserved,Verified,chrXIII,494999,496282,+
orf199375,chr13_496343,YMR114C,canonical,conserved,Verified,chrXIII,496343,497449,-
orf185844,chr13_497704,YMR115W,canonical,conserved,Verified,chrXIII,497704,499209,+
orf199369,chr13_499127,NA,noncanonical,denovo,None,chrXIII,499127,499327,-
NA,chr13_499456,YMR116C,canonical,conserved,Verified,chrXIII,499456,500688,-
orf197462,chr13_50031,YML110C,canonical,conserved,Verified,chrXIII,50031,50954,-
orf202593,chr13_501250,YMR117C,canonical,conserved,Verified,chrXIII,501250,501891,-
orf202591,chr13_502144,YMR118C,canonical,conserved,Uncharacterized,chrXIII,502144,502734,-
orf189255,chr13_502247,NA,noncanonical,other,None,chrXIII,502247,502342,+
orf199352,chr13_503153,NA,noncanonical,other,None,chrXIII,503153,503332,-
orf189259,chr13_503579,NA,noncanonical,other,None,chrXIII,503579,503701,+
orf184110,chr13_50377,NA,noncanonical,other,None,chrXIII,50377,50688,+
orf185868,chr13_505333,YMR119W,canonical,conserved,Verified,chrXIII,505333,507207,+
orf202576,chr13_507502,YMR120C,canonical,conserved,Verified,chrXIII,507502,509280,-
orf192775,chr13_509286,NA,noncanonical,denovo,None,chrXIII,509286,509381,+
orf189286,chr13_509420,NA,noncanonical,denovo,None,chrXIII,509420,509494,+
orf202572,chr13_509734,YMR121C,canonical,conserved,Verified,chrXIII,509734,510348,-
orf185877,chr13_509875,NA,noncanonical,other,None,chrXIII,509875,510198,+
orf199318,chr13_510701,YMR122C,canonical,denovo,Uncharacterized,chrXIII,510701,511075,-
orf189290,chr13_510713,NA,noncanonical,denovo,None,chrXIII,510713,510844,+
orf192783,chr13_510906,NA,noncanonical,other,None,chrXIII,510906,511067,+
orf195735,chr13_511290,NA,noncanonical,other,None,chrXIII,511290,511523,-
orf185881,chr13_511315,YMR122W-A,canonical,conserved,Uncharacterized,chrXIII,511315,511569,+
orf189296,chr13_512006,NA,noncanonical,other,None,chrXIII,512006,512062,+
orf202562,chr13_512380,NA,noncanonical,denovo,None,chrXIII,512380,512544,-
orf192790,chr13_512700,NA,noncanonical,denovo,None,chrXIII,512700,512876,+
orf189300,chr13_513182,NA,noncanonical,denovo,None,chrXIII,513182,513274,+
orf202555,chr13_513481,NA,noncanonical,denovo,None,chrXIII,513481,513711,-
orf189304,chr13_513593,YMR123W,canonical,conserved,Verified,chrXIII,513593,513961,+
orf185890,chr13_514456,YMR124W,canonical,conserved,Verified,chrXIII,514456,517287,+
orf184113,chr13_51640,YML109W,canonical,conserved,Verified,chrXIII,51640,54468,+
orf185892,chr13_517444,NA,noncanonical,denovo,None,chrXIII,517444,517527,+
NA,chr13_517539,YMR125W,canonical,conserved,Verified,chrXIII,517539,520446,+
orf195701,chr13_520761,YMR126C,canonical,conserved,Uncharacterized,chrXIII,520761,521789,-
orf199272,chr13_522329,YMR127C,canonical,conserved,Verified,chrXIII,522329,523345,-
orf185909,chr13_523696,YMR128W,canonical,conserved,Verified,chrXIII,523696,527499,+
orf192820,chr13_527499,NA,noncanonical,other,None,chrXIII,527499,527546,+
orf189393,chr13_527804,YMR129W,canonical,conserved,Verified,chrXIII,527804,531817,+
orf192851,chr13_532119,YMR130W,canonical,conserved,Uncharacterized,chrXIII,532119,533027,+
orf192852,chr13_533052,NA,noncanonical,denovo,None,chrXIII,533052,533120,+
orf195653,chr13_533163,YMR131C,canonical,conserved,Verified,chrXIII,533163,534698,-
orf199230,chr13_534944,YMR132C,canonical,conserved,Uncharacterized,chrXIII,534944,535570,-
orf185932,chr13_535228,NA,noncanonical,denovo,None,chrXIII,535228,535479,+
NA,chr13_536207,YMR133W,canonical,conserved,Verified,chrXIII,536207,537609,+
orf202470,chr13_537127,NA,noncanonical,other,None,chrXIII,537127,537441,-
orf185938,chr13_537838,YMR134W,canonical,conserved,Verified,chrXIII,537838,538551,+
orf189420,chr13_538643,NA,noncanonical,other,None,chrXIII,538643,538705,+
orf195637,chr13_538689,YMR135C,canonical,conserved,Verified,chrXIII,538689,540056,-
orf189424,chr13_541199,YMR136W,canonical,conserved,Verified,chrXIII,541199,542881,+
orf199192,chr13_542978,YMR137C,canonical,conserved,Verified,chrXIII,542978,544963,-
orf185958,chr13_545155,YMR138W,canonical,conserved,Verified,chrXIII,545155,545730,+
orf189436,chr13_546125,YMR139W,canonical,conserved,Verified,chrXIII,546125,547237,+
orf185963,chr13_547714,YMR140W,canonical,conserved,Verified,chrXIII,547714,549183,+
orf184114,chr13_54793,YML108W,canonical,conserved,Verified,chrXIII,54793,55110,+
orf185964,chr13_549319,NA,noncanonical,denovo,None,chrXIII,549319,549474,+
orf192916,chr13_549519,NA,noncanonical,other,None,chrXIII,549519,549554,+
orf192917,chr13_549615,NA,noncanonical,other,None,chrXIII,549615,549755,+
orf202417,chr13_549736,YMR141C,canonical,denovo,Uncharacterized,chrXIII,549736,550044,-
NA,chr13_550206,YMR142C,canonical,conserved,Verified,chrXIII,550206,551207,-
orf204202,chr13_55048,NA,noncanonical,denovo,None,chrXIII,55048,55233,-
NA,chr13_551928,YMR143W,canonical,conserved,Verified,chrXIII,551928,552903,+
orf200985,chr13_55265,YML107C,canonical,conserved,Verified,chrXIII,55265,56425,-
orf202407,chr13_552736,NA,noncanonical,other,None,chrXIII,552736,552957,-
orf192928,chr13_553362,YMR144W,canonical,conserved,Uncharacterized,chrXIII,553362,554390,+
orf202399,chr13_554719,NA,noncanonical,denovo,None,chrXIII,554719,554760,-
orf195590,chr13_554793,YMR145C,canonical,conserved,Verified,chrXIII,554793,556475,-
orf195589,chr13_556677,NA,noncanonical,other,None,chrXIII,556677,556892,-
orf185996,chr13_556735,NA,noncanonical,denovo,None,chrXIII,556735,556947,+
orf202395,chr13_557401,NA,noncanonical,other,None,chrXIII,557401,557481,-
orf195586,chr13_557481,YMR146C,canonical,conserved,Verified,chrXIII,557481,558524,-
orf189488,chr13_559199,YMR147W,canonical,conserved,Uncharacterized,chrXIII,559199,559870,+
orf189490,chr13_560366,YMR148W,canonical,conserved,Verified,chrXIII,560366,560812,+
orf202384,chr13_560398,NA,noncanonical,other,None,chrXIII,560398,560538,-
orf189492,chr13_560996,YMR149W,canonical,conserved,Verified,chrXIII,560996,561856,+
orf189493,chr13_561908,NA,noncanonical,denovo,None,chrXIII,561908,561982,+
orf199124,chr13_561956,YMR150C,canonical,conserved,Verified,chrXIII,561956,562528,-
orf189494,chr13_562154,NA,noncanonical,other,None,chrXIII,562154,562393,+
orf192960,chr13_562506,YMR151W,noncanonical,denovo,Dubious,chrXIII,562506,562943,+
orf186016,chr13_563011,NA,noncanonical,denovo,None,chrXIII,563011,563091,+
orf189498,chr13_563096,YMR152W,canonical,conserved,Verified,chrXIII,563096,564193,+
orf192971,chr13_564435,YMR153W,canonical,conserved,Verified,chrXIII,564435,565862,+
orf199114,chr13_564446,NA,noncanonical,denovo,None,chrXIII,564446,564829,-
orf195557,chr13_564732,NA,noncanonical,other,None,chrXIII,564732,564881,-
orf202360,chr13_565999,YMR154C,canonical,conserved,Verified,chrXIII,565999,568182,-
orf184122,chr13_56773,YML106W,canonical,conserved,Verified,chrXIII,56773,57453,+
orf189509,chr13_568394,NA,noncanonical,other,None,chrXIII,568394,568573,+
orf192982,chr13_568551,YMR155W,canonical,conserved,Uncharacterized,chrXIII,568551,570194,+
orf189516,chr13_570242,NA,noncanonical,denovo,None,chrXIII,570242,570331,+
orf195530,chr13_570300,YMR156C,canonical,conserved,Verified,chrXIII,570300,571016,-
orf189518,chr13_570989,NA,noncanonical,denovo,None,chrXIII,570989,571165,+
orf189519,chr13_571175,NA,noncanonical,denovo,None,chrXIII,571175,571429,+
orf199082,chr13_571277,YMR157C,canonical,conserved,Verified,chrXIII,571277,572044,-
orf192989,chr13_571590,NA,noncanonical,other,None,chrXIII,571590,571973,+
orf186060,chr13_572248,YMR158W,canonical,conserved,Verified,chrXIII,572248,572715,+
orf195525,chr13_572364,NA,noncanonical,other,None,chrXIII,572364,572600,-
orf199076,chr13_573194,YMR158C-A,canonical,conserved,Uncharacterized,chrXIII,573194,573331,-
orf195515,chr13_574476,YMR159C,canonical,conserved,Verified,chrXIII,574476,574928,-
orf187646,chr13_57473,NA,noncanonical,denovo,None,chrXIII,57473,57553,+
orf189533,chr13_575066,YMR160W,canonical,conserved,Verified,chrXIII,575066,577516,+
orf189535,chr13_577718,YMR161W,canonical,conserved,Verified,chrXIII,577718,578392,+
orf186084,chr13_578506,NA,noncanonical,denovo,None,chrXIII,578506,578613,+
orf200979,chr13_57866,YML105C,canonical,conserved,Verified,chrXIII,57866,58687,-
orf199046,chr13_578711,NA,noncanonical,denovo,None,chrXIII,578711,578806,-
orf199045,chr13_578951,YMR162C,canonical,conserved,Verified,chrXIII,578951,583921,-
orf195481,chr13_584271,YMR163C,canonical,conserved,Verified,chrXIII,584271,586388,-
orf186110,chr13_584704,NA,noncanonical,denovo,None,chrXIII,584704,584973,+
orf199028,chr13_586592,NA,noncanonical,other,None,chrXIII,586592,586711,-
orf195477,chr13_587274,YMR164C,canonical,conserved,Verified,chrXIII,587274,589550,-
orf193060,chr13_588504,NA,noncanonical,other,None,chrXIII,588504,588722,+
orf204182,chr13_58939,YML104C,canonical,conserved,Verified,chrXIII,58939,62322,-
orf195474,chr13_590040,YMR165C,canonical,conserved,Verified,chrXIII,590040,592628,-
orf186129,chr13_590428,NA,noncanonical,denovo,None,chrXIII,590428,590751,+
orf186138,chr13_593014,NA,noncanonical,denovo,None,chrXIII,593014,593145,+
orf195472,chr13_593367,YMR166C,canonical,conserved,Verified,chrXIII,593367,594473,-
orf198986,chr13_594626,NA,noncanonical,denovo,None,chrXIII,594626,594736,-
orf186149,chr13_594886,YMR167W,canonical,conserved,Verified,chrXIII,594886,597195,+
orf195463,chr13_596598,NA,noncanonical,other,None,chrXIII,596598,596753,-
orf198972,chr13_597332,YMR168C,canonical,conserved,Verified,chrXIII,597332,599158,-
orf195454,chr13_599352,YMR169C,canonical,conserved,Verified,chrXIII,599352,600872,-
orf202235,chr13_600907,NA,noncanonical,other,None,chrXIII,600907,600981,-
orf186169,chr13_601438,NA,noncanonical,other,None,chrXIII,601438,601518,+
orf189651,chr13_601547,NA,noncanonical,other,None,chrXIII,601547,601699,+
orf198960,chr13_601562,YMR170C,canonical,conserved,Verified,chrXIII,601562,603082,-
orf198959,chr13_603161,NA,noncanonical,denovo,None,chrXIII,603161,603238,-
orf189655,chr13_603443,NA,noncanonical,denovo,None,chrXIII,603443,603574,+
orf202219,chr13_603868,YMR171C,canonical,conserved,Verified,chrXIII,603868,605520,-
orf189669,chr13_605981,YMR172W,canonical,conserved,Verified,chrXIII,605981,608140,+
orf193145,chr13_608316,NA,noncanonical,denovo,None,chrXIII,608316,608558,+
orf186196,chr13_608689,YMR173W,canonical,conserved,Verified,chrXIII,608689,609981,+
orf202209,chr13_610159,YMR174C,canonical,conserved,Verified,chrXIII,610159,610365,-
orf189673,chr13_610421,NA,noncanonical,denovo,None,chrXIII,610421,610546,+
orf186199,chr13_610561,NA,noncanonical,other,None,chrXIII,610561,610623,+
orf195418,chr13_610668,NA,noncanonical,denovo,None,chrXIII,610668,610724,-
orf193150,chr13_610725,NA,noncanonical,denovo,None,chrXIII,610725,610799,+
orf202206,chr13_610756,NA,noncanonical,denovo,None,chrXIII,610756,610908,-
orf189675,chr13_610856,NA,noncanonical,other,None,chrXIII,610856,610948,+
orf193151,chr13_611016,YMR175W,canonical,conserved,Verified,chrXIII,611016,611255,+
orf186205,chr13_611314,YMR175W-A,canonical,denovo,Uncharacterized,chrXIII,611314,611508,+
orf198923,chr13_611381,NA,noncanonical,other,None,chrXIII,611381,611563,-
orf202203,chr13_611563,NA,noncanonical,denovo,None,chrXIII,611563,611826,-
orf186206,chr13_611740,YMR176W,canonical,conserved,Verified,chrXIII,611740,615975,+
orf198911,chr13_616010,NA,noncanonical,denovo,None,chrXIII,616010,616087,-
orf193167,chr13_616023,NA,noncanonical,denovo,None,chrXIII,616023,616205,+
orf193168,chr13_616566,YMR177W,canonical,conserved,Verified,chrXIII,616566,618098,+
orf189722,chr13_618479,YMR178W,canonical,conserved,Verified,chrXIII,618479,619303,+
orf202178,chr13_619099,NA,noncanonical,other,None,chrXIII,619099,619371,-
orf186227,chr13_619858,YMR179W,canonical,conserved,Verified,chrXIII,619858,622134,+
orf195368,chr13_622251,YMR180C,canonical,conserved,Verified,chrXIII,622251,623213,-
orf186232,chr13_622957,NA,noncanonical,other,None,chrXIII,622957,623172,+
orf202160,chr13_623206,NA,noncanonical,other,None,chrXIII,623206,623274,-
orf195366,chr13_623286,NA,noncanonical,denovo,None,chrXIII,623286,623414,-
orf202159,chr13_623383,NA,noncanonical,other,None,chrXIII,623383,623517,-
orf189750,chr13_623588,NA,noncanonical,denovo,None,chrXIII,623588,623638,+
orf195365,chr13_623616,YMR181C,canonical,conserved,Uncharacterized,chrXIII,623616,624080,-
orf193191,chr13_624354,NA,noncanonical,other,None,chrXIII,624354,624440,+
orf189752,chr13_624491,NA,noncanonical,denovo,None,chrXIII,624491,624682,+
orf202156,chr13_624532,YMR182C,canonical,conserved,Verified,chrXIII,624532,625167,-
orf193193,chr13_624594,NA,noncanonical,other,None,chrXIII,624594,624740,+
orf193199,chr13_625380,NA,noncanonical,denovo,None,chrXIII,625380,625541,+
orf189758,chr13_625565,NA,noncanonical,denovo,None,chrXIII,625565,625633,+
orf189759,chr13_625811,YMR182W-A,canonical,denovo,Uncharacterized,chrXIII,625811,625897,+
orf200973,chr13_62582,YML103C,canonical,conserved,Verified,chrXIII,62582,67549,-
orf193201,chr13_626022,NA,noncanonical,denovo,None,chrXIII,626022,626102,+
orf198869,chr13_626921,YMR183C,canonical,conserved,Verified,chrXIII,626921,627808,-
orf186244,chr13_628189,YMR184W,canonical,conserved,Verified,chrXIII,628189,628785,+
orf193212,chr13_629025,YMR185W,canonical,conserved,Verified,chrXIII,629025,631970,+
orf193213,chr13_632355,YMR186W,canonical,conserved,Verified,chrXIII,632355,634472,+
orf198844,chr13_632423,NA,noncanonical,other,None,chrXIII,632423,632701,-
orf195336,chr13_634689,YMR187C,canonical,conserved,Uncharacterized,chrXIII,634689,635984,-
orf195335,chr13_636291,YMR188C,canonical,conserved,Verified,chrXIII,636291,637004,-
orf193225,chr13_637332,NA,noncanonical,denovo,None,chrXIII,637332,637484,+
orf193226,chr13_637500,YMR189W,canonical,conserved,Verified,chrXIII,637500,640604,+
orf202093,chr13_640915,YMR190C,canonical,conserved,Verified,chrXIII,640915,645258,-
orf189809,chr13_645401,YMR191W,canonical,conserved,Verified,chrXIII,645401,646777,+
orf193258,chr13_647118,YMR192W,canonical,conserved,Verified,chrXIII,647118,649280,+
orf189817,chr13_650036,YMR193W,canonical,conserved,Verified,chrXIII,650036,650812,+
NA,chr13_651145,YMR194W,canonical,conserved,Verified,chrXIII,651145,651910,+
orf202069,chr13_651688,NA,noncanonical,other,None,chrXIII,651688,651888,-
orf198779,chr13_651785,NA,noncanonical,other,None,chrXIII,651785,651952,-
NA,chr13_652594,YMR194C-B,canonical,conserved,Verified,chrXIII,652594,652887,-
orf202063,chr13_652912,YMR194C-A,noncanonical,denovo,Dubious,chrXIII,652912,653136,-
orf193272,chr13_653316,NA,noncanonical,denovo,None,chrXIII,653316,653402,+
orf193273,chr13_653622,NA,noncanonical,denovo,None,chrXIII,653622,653693,+
orf186391,chr13_654034,YMR195W,canonical,conserved,Verified,chrXIII,654034,654417,+
orf186392,chr13_654433,NA,noncanonical,denovo,None,chrXIII,654433,654516,+
orf195240,chr13_654552,NA,noncanonical,denovo,None,chrXIII,654552,654620,-
orf189836,chr13_655076,YMR196W,canonical,conserved,Uncharacterized,chrXIII,655076,658342,+
orf195226,chr13_658425,NA,noncanonical,other,None,chrXIII,658425,658499,-
orf195225,chr13_658545,YMR197C,canonical,conserved,Verified,chrXIII,658545,659198,-
orf193304,chr13_659745,YMR198W,canonical,conserved,Verified,chrXIII,659745,661529,+
orf195212,chr13_661683,NA,noncanonical,denovo,None,chrXIII,661683,661955,-
orf186422,chr13_661954,NA,noncanonical,denovo,None,chrXIII,661954,662100,+
orf186423,chr13_662392,NA,noncanonical,denovo,None,chrXIII,662392,662517,+
orf186424,chr13_662644,YMR199W,canonical,conserved,Verified,chrXIII,662644,664284,+
orf186425,chr13_664357,NA,noncanonical,denovo,None,chrXIII,664357,664452,+
orf193310,chr13_664752,YMR200W,canonical,conserved,Verified,chrXIII,664752,665522,+
orf186437,chr13_665707,NA,noncanonical,denovo,None,chrXIII,665707,665748,+
orf193312,chr13_665766,NA,noncanonical,denovo,None,chrXIII,665766,665837,+
NA,chr13_665845,YMR201C,canonical,conserved,Verified,chrXIII,665845,667044,-
orf195182,chr13_667197,NA,noncanonical,denovo,None,chrXIII,667197,667289,-
orf193315,chr13_667254,NA,noncanonical,denovo,None,chrXIII,667254,667451,+
orf195181,chr13_667320,NA,noncanonical,denovo,None,chrXIII,667320,667538,-
orf186449,chr13_667537,YMR202W,canonical,conserved,Verified,chrXIII,667537,668205,+
orf198714,chr13_667919,NA,noncanonical,other,None,chrXIII,667919,668092,-
orf189873,chr13_668492,YMR203W,canonical,conserved,Verified,chrXIII,668492,669655,+
orf202010,chr13_670063,YMR204C,canonical,conserved,Verified,chrXIII,670063,671325,-
orf202008,chr13_671641,NA,noncanonical,other,None,chrXIII,671641,671733,-
orf202005,chr13_671887,YMR205C,canonical,conserved,Verified,chrXIII,671887,674766,-
orf186470,chr13_675511,NA,noncanonical,other,None,chrXIII,675511,675576,+
orf202001,chr13_675754,NA,noncanonical,denovo,None,chrXIII,675754,675942,-
orf189903,chr13_675896,YMR206W,canonical,conserved,Uncharacterized,chrXIII,675896,676837,+
orf202000,chr13_676018,NA,noncanonical,other,None,chrXIII,676018,676224,-
orf187682,chr13_67622,NA,noncanonical,denovo,None,chrXIII,67622,67912,+
orf195127,chr13_677193,YMR207C,canonical,conserved,Verified,chrXIII,677193,683564,-
orf187685,chr13_68294,YML102W,canonical,conserved,Verified,chrXIII,68294,69700,+
orf193381,chr13_684228,NA,noncanonical,denovo,None,chrXIII,684228,684380,+
orf189933,chr13_684467,YMR208W,canonical,conserved,Verified,chrXIII,684467,685798,+
orf195119,chr13_685911,YMR209C,canonical,conserved,Uncharacterized,chrXIII,685911,687284,-
orf193402,chr13_687516,YMR210W,canonical,conserved,Verified,chrXIII,687516,688865,+
orf186525,chr13_689083,YMR211W,canonical,conserved,Verified,chrXIII,689083,690510,+
orf198605,chr13_690695,YMR212C,canonical,conserved,Verified,chrXIII,690695,693043,-
orf193418,chr13_693381,YMR213W,canonical,conserved,Verified,chrXIII,693381,695153,+
orf204145,chr13_69409,YML101C-A,noncanonical,other,Dubious,chrXIII,69409,69726,-
orf186549,chr13_695269,YMR214W,canonical,conserved,Verified,chrXIII,695269,696483,+
orf186551,chr13_696796,YMR215W,canonical,conserved,Verified,chrXIII,696796,698370,+
orf187686,chr13_69716,NA,noncanonical,denovo,None,chrXIII,69716,69796,+
orf197383,chr13_69735,YML101C,canonical,conserved,Verified,chrXIII,69735,70088,-
orf195071,chr13_698811,YMR216C,canonical,conserved,Verified,chrXIII,698811,701039,-
orf201914,chr13_701092,NA,noncanonical,other,None,chrXIII,701092,701241,-
orf195069,chr13_701349,NA,noncanonical,denovo,None,chrXIII,701349,701480,-
orf184184,chr13_70138,YML100W-A,canonical,denovo,Uncharacterized,chrXIII,70138,70311,+
orf193440,chr13_701790,YMR217W,canonical,conserved,Verified,chrXIII,701790,703367,+
orf187688,chr13_70313,NA,noncanonical,denovo,None,chrXIII,70313,70390,+
orf201901,chr13_703579,YMR218C,canonical,conserved,Verified,chrXIII,703579,706887,-
orf184185,chr13_70624,YML100W,canonical,conserved,Verified,chrXIII,70624,73920,+
orf193453,chr13_707133,YMR219W,canonical,conserved,Verified,chrXIII,707133,712109,+
orf190032,chr13_712316,YMR220W,canonical,conserved,Verified,chrXIII,712316,713671,+
orf198526,chr13_712451,NA,noncanonical,other,None,chrXIII,712451,712744,-
orf195009,chr13_713931,YMR221C,canonical,conserved,Uncharacterized,chrXIII,713931,715445,-
orf186635,chr13_715216,NA,noncanonical,other,None,chrXIII,715216,715476,+
orf195006,chr13_715638,YMR222C,canonical,conserved,Verified,chrXIII,715638,716309,-
orf193477,chr13_716715,YMR223W,canonical,conserved,Verified,chrXIII,716715,718130,+
orf186654,chr13_718183,NA,noncanonical,denovo,None,chrXIII,718183,718284,+
orf186656,chr13_718465,NA,noncanonical,denovo,None,chrXIII,718465,718551,+
orf194990,chr13_718575,YMR224C,canonical,conserved,Verified,chrXIII,718575,720653,-
orf198471,chr13_720833,NA,noncanonical,denovo,None,chrXIII,720833,720925,-
NA,chr13_720960,YMR225C,canonical,conserved,Verified,chrXIII,720960,721403,-
orf194986,chr13_721593,YMR226C,canonical,conserved,Verified,chrXIII,721593,722396,-
orf201855,chr13_722383,NA,noncanonical,other,None,chrXIII,722383,722466,-
orf186677,chr13_722599,NA,noncanonical,other,None,chrXIII,722599,722874,+
orf194984,chr13_722613,YMR227C,canonical,conserved,Verified,chrXIII,722613,724385,-
orf193499,chr13_724626,YMR228W,canonical,conserved,Verified,chrXIII,724626,725651,+
orf194976,chr13_725934,YMR229C,canonical,conserved,Verified,chrXIII,725934,731123,-
orf194971,chr13_731724,NA,noncanonical,denovo,None,chrXIII,731724,731915,-
NA,chr13_732414,YMR230W,canonical,conserved,Verified,chrXIII,732414,733141,+
orf190107,chr13_733268,YMR230W-A,canonical,other,Uncharacterized,chrXIII,733268,733456,+
orf193528,chr13_733545,YMR231W,canonical,conserved,Verified,chrXIII,733545,736634,+
orf193530,chr13_736926,YMR232W,canonical,conserved,Verified,chrXIII,736926,738959,+
orf193532,chr13_739185,YMR233W,canonical,conserved,Verified,chrXIII,739185,739865,+
orf187713,chr13_73955,NA,noncanonical,denovo,None,chrXIII,73955,74017,+
orf186768,chr13_740266,YMR234W,canonical,conserved,Verified,chrXIII,740266,741312,+
orf194935,chr13_741447,NA,noncanonical,other,None,chrXIII,741447,741509,-
orf198359,chr13_741512,YMR235C,canonical,conserved,Verified,chrXIII,741512,742735,-
orf193542,chr13_742971,YMR236W,canonical,conserved,Verified,chrXIII,742971,743444,+
orf186776,chr13_743749,YMR237W,canonical,conserved,Verified,chrXIII,743749,745923,+
orf204129,chr13_74398,YML099C,canonical,conserved,Verified,chrXIII,74398,77040,-
orf186779,chr13_746353,YMR238W,canonical,conserved,Verified,chrXIII,746353,747729,+
orf194906,chr13_748170,NA,noncanonical,other,None,chrXIII,748170,748241,-
orf198337,chr13_748262,YMR239C,canonical,conserved,Verified,chrXIII,748262,749677,-
orf198336,chr13_749930,YMR240C,canonical,conserved,Verified,chrXIII,749930,751240,-
orf198335,chr13_751295,NA,noncanonical,denovo,None,chrXIII,751295,751429,-
orf186791,chr13_751651,NA,noncanonical,other,None,chrXIII,751651,751785,+
orf190197,chr13_751961,YMR241W,canonical,conserved,Verified,chrXIII,751961,752905,+
NA,chr13_753225,YMR242C,canonical,conserved,Verified,chrXIII,753225,754220,-
orf198319,chr13_754838,YMR243C,canonical,conserved,Verified,chrXIII,754838,756166,-
orf198318,chr13_756215,NA,noncanonical,denovo,None,chrXIII,756215,756457,-
orf190218,chr13_757250,YMR244W,canonical,conserved,Uncharacterized,chrXIII,757250,758317,+
orf194874,chr13_758517,YMR244C-A,canonical,conserved,Verified,chrXIII,758517,758831,-
orf186817,chr13_758563,YMR245W,noncanonical,denovo,Dubious,chrXIII,758563,759183,+
orf198310,chr13_759011,NA,noncanonical,other,None,chrXIII,759011,759091,-
orf190222,chr13_759446,NA,noncanonical,denovo,None,chrXIII,759446,759673,+
orf194870,chr13_759570,NA,noncanonical,denovo,None,chrXIII,759570,759854,-
orf193606,chr13_759807,YMR246W,canonical,conserved,Verified,chrXIII,759807,761891,+
orf186833,chr13_761860,NA,noncanonical,other,None,chrXIII,761860,761997,+
orf194859,chr13_762447,NA,noncanonical,denovo,None,chrXIII,762447,762587,-
orf186839,chr13_762586,NA,noncanonical,denovo,None,chrXIII,762586,762837,+
orf190233,chr13_762827,NA,noncanonical,denovo,None,chrXIII,762827,762961,+
orf201683,chr13_763021,NA,noncanonical,other,None,chrXIII,763021,763089,-
orf201680,chr13_763351,YMR247C,canonical,conserved,Verified,chrXIII,763351,768039,-
orf193614,chr13_763362,NA,noncanonical,denovo,None,chrXIII,763362,763502,+
orf190235,chr13_763511,NA,noncanonical,denovo,None,chrXIII,763511,763696,+
orf201670,chr13_769492,NA,noncanonical,denovo,None,chrXIII,769492,769674,-
orf194809,chr13_769758,NA,noncanonical,denovo,None,chrXIII,769758,769949,-
orf194808,chr13_770055,NA,noncanonical,other,None,chrXIII,770055,770105,-
orf190268,chr13_770801,YMR250W,canonical,conserved,Verified,chrXIII,770801,772558,+
orf187723,chr13_77267,YML098W,canonical,conserved,Verified,chrXIII,77267,77770,+
orf201658,chr13_772741,NA,noncanonical,denovo,None,chrXIII,772741,772836,-
orf186873,chr13_772915,YMR251W,canonical,conserved,Verified,chrXIII,772915,774015,+
orf194799,chr13_773004,NA,noncanonical,other,None,chrXIII,773004,773258,-
orf193665,chr13_774012,NA,noncanonical,other,None,chrXIII,774012,774059,+
orf193666,chr13_774147,NA,noncanonical,denovo,None,chrXIII,774147,774281,+
orf193668,chr13_774603,NA,noncanonical,other,None,chrXIII,774603,774755,+
orf190277,chr13_774752,YMR251W-A,canonical,conserved,Verified,chrXIII,774752,774931,+
orf190278,chr13_775112,NA,noncanonical,other,None,chrXIII,775112,775147,+
orf201650,chr13_775315,YMR252C,canonical,conserved,Uncharacterized,chrXIII,775315,775719,-
orf198239,chr13_775946,YMR253C,canonical,conserved,Uncharacterized,chrXIII,775946,777190,-
orf193676,chr13_776079,NA,noncanonical,denovo,None,chrXIII,776079,776363,+
orf193678,chr13_776817,NA,noncanonical,other,None,chrXIII,776817,777002,+
orf186887,chr13_777595,NA,noncanonical,other,None,chrXIII,777595,777765,+
orf190286,chr13_778001,YMR255W,canonical,conserved,Verified,chrXIII,778001,778567,+
orf201635,chr13_778945,YMR256C,canonical,conserved,Verified,chrXIII,778945,779127,-
orf201633,chr13_779629,YMR257C,canonical,conserved,Verified,chrXIII,779629,782031,-
orf194761,chr13_782031,NA,noncanonical,other,None,chrXIII,782031,782120,-
orf198220,chr13_782333,NA,noncanonical,denovo,None,chrXIII,782333,782425,-
orf194760,chr13_782550,NA,noncanonical,other,None,chrXIII,782550,782639,-
orf201629,chr13_782620,YMR258C,canonical,conserved,Verified,chrXIII,782620,784281,-
orf200928,chr13_78335,YML097C,canonical,conserved,Verified,chrXIII,78335,79690,-
orf193710,chr13_784539,NA,noncanonical,denovo,None,chrXIII,784539,784640,+
orf201626,chr13_784621,YMR259C,canonical,conserved,Verified,chrXIII,784621,788883,-
orf194713,chr13_789378,YMR260C,canonical,conserved,Verified,chrXIII,789378,789839,-
orf194712,chr13_790128,NA,noncanonical,denovo,None,chrXIII,790128,790175,-
orf198192,chr13_790205,YMR261C,canonical,conserved,Verified,chrXIII,790205,793369,-
orf186954,chr13_793726,YMR262W,canonical,conserved,Uncharacterized,chrXIII,793726,794667,+
orf194701,chr13_794883,NA,noncanonical,other,None,chrXIII,794883,795179,-
orf193751,chr13_794919,YMR263W,canonical,conserved,Verified,chrXIII,794919,795524,+
orf186961,chr13_795805,YMR264W,canonical,conserved,Verified,chrXIII,795805,796416,+
orf194697,chr13_796005,NA,noncanonical,other,None,chrXIII,796005,796322,-
orf201591,chr13_796540,YMR265C,canonical,conserved,Uncharacterized,chrXIII,796540,797925,-
orf198176,chr13_798152,NA,noncanonical,denovo,None,chrXIII,798152,798316,-
orf190365,chr13_798518,YMR266W,canonical,conserved,Verified,chrXIII,798518,801379,+
orf184214,chr13_79909,YML096W,canonical,conserved,Uncharacterized,chrXIII,79909,81486,+
orf190366,chr13_801509,NA,noncanonical,denovo,None,chrXIII,801509,801565,+
orf186979,chr13_801772,YMR267W,canonical,conserved,Verified,chrXIII,801772,802704,+
orf201566,chr13_802888,YMR268C,canonical,conserved,Verified,chrXIII,802888,804222,-
orf193800,chr13_804456,YMR269W,canonical,conserved,Verified,chrXIII,804456,805091,+
orf194650,chr13_805326,YMR270C,canonical,conserved,Verified,chrXIII,805326,806423,-
orf201557,chr13_806770,NA,noncanonical,other,None,chrXIII,806770,806868,-
orf194648,chr13_806865,YMR271C,canonical,conserved,Verified,chrXIII,806865,807548,-
orf194647,chr13_807651,NA,noncanonical,denovo,None,chrXIII,807651,807716,-
orf194646,chr13_807801,NA,noncanonical,denovo,None,chrXIII,807801,807935,-
orf193818,chr13_809358,NA,noncanonical,denovo,None,chrXIII,809358,809465,+
orf201547,chr13_809623,YMR272C,canonical,conserved,Verified,chrXIII,809623,810777,-
orf194627,chr13_811233,YMR273C,canonical,conserved,Verified,chrXIII,811233,813980,-
orf198111,chr13_814364,YMR274C,canonical,conserved,Verified,chrXIII,814364,815311,-
orf204106,chr13_81481,YML095C,canonical,conserved,Verified,chrXIII,81481,82113,-
orf198108,chr13_815651,YMR275C,canonical,conserved,Verified,chrXIII,815651,818581,-
orf187037,chr13_818827,YMR276W,canonical,conserved,Verified,chrXIII,818827,819948,+
orf190456,chr13_820256,YMR277W,canonical,conserved,Verified,chrXIII,820256,822454,+
orf194602,chr13_822489,NA,noncanonical,denovo,None,chrXIII,822489,822653,-
NA,chr13_82275,YML094W,canonical,conserved,Verified,chrXIII,82275,82849,+
orf187045,chr13_822763,YMR278W,canonical,conserved,Verified,chrXIII,822763,824631,+
orf198077,chr13_824729,YMR279C,canonical,conserved,Verified,chrXIII,824729,826351,-
orf194582,chr13_827028,YMR280C,canonical,conserved,Verified,chrXIII,827028,831329,-
orf187751,chr13_83090,YML093W,canonical,conserved,Verified,chrXIII,83090,85789,+
orf187075,chr13_832339,YMR281W,canonical,conserved,Verified,chrXIII,832339,833253,+
orf201462,chr13_833356,YMR282C,canonical,conserved,Verified,chrXIII,833356,835098,-
orf194556,chr13_835326,YMR283C,canonical,conserved,Verified,chrXIII,835326,836867,-
orf187089,chr13_837034,NA,noncanonical,other,None,chrXIII,837034,837171,+
orf190520,chr13_837131,NA,noncanonical,other,None,chrXIII,837131,837259,+
orf193918,chr13_837279,NA,noncanonical,other,None,chrXIII,837279,837374,+
orf190521,chr13_837377,NA,noncanonical,other,None,chrXIII,837377,837436,+
orf190525,chr13_838187,YMR284W,canonical,conserved,Verified,chrXIII,838187,839995,+
orf194539,chr13_840144,YMR285C,canonical,conserved,Verified,chrXIII,840144,841691,-
orf187100,chr13_841942,YMR286W,canonical,conserved,Verified,chrXIII,841942,842202,+
orf194535,chr13_842436,YMR287C,canonical,conserved,Verified,chrXIII,842436,845345,-
orf193963,chr13_845571,YMR288W,canonical,conserved,Verified,chrXIII,845571,848486,+
orf193965,chr13_848685,YMR289W,canonical,conserved,Verified,chrXIII,848685,849809,+
orf187143,chr13_849883,NA,noncanonical,denovo,None,chrXIII,849883,849954,+
orf187144,chr13_849955,NA,noncanonical,denovo,None,chrXIII,849955,849999,+
orf194514,chr13_850074,YMR290C,canonical,conserved,Verified,chrXIII,850074,851591,-
orf197942,chr13_851705,NA,noncanonical,denovo,None,chrXIII,851705,851812,-
orf193972,chr13_852630,YMR291W,canonical,conserved,Verified,chrXIII,852630,854390,+
orf190570,chr13_854456,NA,noncanonical,denovo,None,chrXIII,854456,854554,+
NA,chr13_854795,YMR292W,canonical,conserved,Verified,chrXIII,854795,855293,+
orf197925,chr13_854885,NA,noncanonical,other,None,chrXIII,854885,855226,-
orf194501,chr13_855399,YMR293C,canonical,conserved,Verified,chrXIII,855399,856793,-
orf187169,chr13_856966,YMR294W,canonical,conserved,Verified,chrXIII,856966,858087,+
orf194493,chr13_858297,YMR295C,canonical,conserved,Verified,chrXIII,858297,858890,-
orf194492,chr13_859215,YMR296C,canonical,conserved,Verified,chrXIII,859215,860891,-
orf204093,chr13_85987,YML092C,canonical,conserved,Verified,chrXIII,85987,86739,-
orf187184,chr13_861496,NA,noncanonical,other,None,chrXIII,861496,861621,+
orf187187,chr13_861922,YMR297W,canonical,conserved,Verified,chrXIII,861922,863520,+
orf190617,chr13_863819,YMR298W,canonical,conserved,Verified,chrXIII,863819,864271,+
orf201368,chr13_864412,YMR299C,canonical,conserved,Verified,chrXIII,864412,865350,-
orf197873,chr13_865559,YMR300C,canonical,conserved,Verified,chrXIII,865559,867091,-
orf194465,chr13_867555,YMR301C,canonical,conserved,Verified,chrXIII,867555,869627,-
orf197854,chr13_869933,NA,noncanonical,other,None,chrXIII,869933,870073,-
orf201346,chr13_870073,YMR302C,canonical,conserved,Verified,chrXIII,870073,872625,-
orf197300,chr13_87123,YML091C,canonical,conserved,Verified,chrXIII,87123,90731,-
orf201342,chr13_873094,NA,noncanonical,denovo,None,chrXIII,873094,873216,-
orf187227,chr13_873109,NA,noncanonical,denovo,None,chrXIII,873109,873177,+
orf194440,chr13_873291,YMR303C,canonical,conserved,Verified,chrXIII,873291,874337,-
orf187233,chr13_874987,YMR304W,canonical,conserved,Verified,chrXIII,874987,878679,+
orf197828,chr13_878780,YMR304C-A,noncanonical,other,Dubious,chrXIII,878780,879130,-
orf194425,chr13_879063,YMR305C,canonical,conserved,Verified,chrXIII,879063,880232,-
orf190695,chr13_881159,YMR306W,canonical,conserved,Verified,chrXIII,881159,886516,+
orf201299,chr13_885502,NA,noncanonical,denovo,None,chrXIII,885502,885642,-
orf204387,chr13_8857,NA,noncanonical,other,None,chrXIII,8857,8934,-
orf201298,chr13_885850,NA,noncanonical,other,None,chrXIII,885850,886071,-
orf201296,chr13_886183,YMR306C-A,noncanonical,denovo,Dubious,chrXIII,886183,886572,-
orf194082,chr13_886710,NA,noncanonical,denovo,None,chrXIII,886710,886817,+
orf190696,chr13_887003,YMR307W,canonical,conserved,Verified,chrXIII,887003,888682,+
orf201290,chr13_888304,NA,noncanonical,other,None,chrXIII,888304,888651,-
orf194094,chr13_888759,NA,noncanonical,other,None,chrXIII,888759,888800,+
orf201287,chr13_888952,YMR308C,canonical,conserved,Verified,chrXIII,888952,892221,-
orf197786,chr13_892988,YMR309C,canonical,conserved,Verified,chrXIII,892988,895426,-
orf194354,chr13_895716,YMR310C,canonical,conserved,Uncharacterized,chrXIII,895716,896669,-
orf197780,chr13_896804,NA,noncanonical,other,None,chrXIII,896804,896917,-
orf201263,chr13_896914,YMR311C,canonical,conserved,Verified,chrXIII,896914,897603,-
orf187302,chr13_898405,YMR312W,canonical,conserved,Verified,chrXIII,898405,899226,+
orf194344,chr13_898710,NA,noncanonical,denovo,None,chrXIII,898710,898970,-
orf194341,chr13_899379,YMR313C,canonical,conserved,Verified,chrXIII,899379,901307,-
orf190753,chr13_901709,YMR314W,canonical,conserved,Verified,chrXIII,901709,902413,+
orf187314,chr13_902800,YMR315W,canonical,conserved,Verified,chrXIII,902800,903849,+
orf194159,chr13_903846,NA,noncanonical,other,None,chrXIII,903846,903962,+
orf190765,chr13_904286,YMR315W-A,canonical,denovo,Uncharacterized,chrXIII,904286,904393,+
orf201237,chr13_904390,NA,noncanonical,denovo,None,chrXIII,904390,904506,-
orf190768,chr13_904598,NA,noncanonical,denovo,None,chrXIII,904598,904702,+
orf194164,chr13_904719,NA,noncanonical,other,None,chrXIII,904719,904841,+
orf187318,chr13_904825,YMR316W,canonical,conserved,Verified,chrXIII,904825,905835,+
orf201230,chr13_905662,YMR316C-A,canonical,other,Uncharacterized,chrXIII,905662,905973,-
orf190776,chr13_906287,NA,noncanonical,denovo,None,chrXIII,906287,906421,+
orf190777,chr13_906506,NA,noncanonical,denovo,None,chrXIII,906506,906556,+
orf194166,chr13_906663,NA,noncanonical,other,None,chrXIII,906663,906755,+
orf190780,chr13_907364,YMR317W,canonical,conserved,Uncharacterized,chrXIII,907364,910786,+
orf194274,chr13_910248,NA,noncanonical,denovo,None,chrXIII,910248,910427,-
orf197299,chr13_91041,YML089C,noncanonical,denovo,Dubious,chrXIII,91041,91409,-
orf201215,chr13_910810,NA,noncanonical,denovo,None,chrXIII,910810,910947,-
orf194268,chr13_911061,YMR318C,canonical,conserved,Verified,chrXIII,911061,912143,-
orf201210,chr13_912241,NA,noncanonical,denovo,None,chrXIII,912241,912384,-
orf194267,chr13_912423,NA,noncanonical,denovo,None,chrXIII,912423,912623,-
orf187332,chr13_912637,NA,noncanonical,other,None,chrXIII,912637,912699,+
orf187334,chr13_912745,NA,noncanonical,other,None,chrXIII,912745,912822,+
orf201207,chr13_912880,YMR319C,canonical,conserved,Verified,chrXIII,912880,914538,-
orf204085,chr13_91378,NA,noncanonical,other,None,chrXIII,91378,91515,-
orf187341,chr13_914086,NA,noncanonical,denovo,None,chrXIII,914086,914307,+
orf190793,chr13_914216,NA,noncanonical,other,None,chrXIII,914216,914428,+
orf187342,chr13_914392,NA,noncanonical,denovo,None,chrXIII,914392,914613,+
orf194256,chr13_914886,NA,noncanonical,other,None,chrXIII,914886,914996,-
orf194195,chr13_915114,NA,noncanonical,denovo,None,chrXIII,915114,915221,+
orf194196,chr13_915267,NA,noncanonical,denovo,None,chrXIII,915267,915335,+
orf187346,chr13_915454,NA,noncanonical,denovo,None,chrXIII,915454,915570,+
orf190802,chr13_915587,NA,noncanonical,other,None,chrXIII,915587,915622,+
orf194199,chr13_915876,NA,noncanonical,other,None,chrXIII,915876,915968,+
orf194203,chr13_916746,YMR320W,canonical,other,Uncharacterized,chrXIII,916746,917051,+
orf197703,chr13_916913,NA,noncanonical,other,None,chrXIII,916913,917128,-
orf190809,chr13_917132,NA,noncanonical,other,None,chrXIII,917132,917173,+
orf197698,chr13_917579,YMR321C,canonical,conserved,Uncharacterized,chrXIII,917579,917896,-
orf194206,chr13_917814,NA,noncanonical,other,None,chrXIII,917814,917957,+
orf194246,chr13_918366,YMR322C,canonical,conserved,Verified,chrXIII,918366,919079,-
orf201188,chr13_919024,NA,noncanonical,other,None,chrXIII,919024,919242,-
orf190821,chr13_919556,NA,noncanonical,other,None,chrXIII,919556,919648,+
orf194214,chr13_920088,YMR323W,canonical,conserved,Verified,chrXIII,920088,921401,+
orf191143,chr13_92235,YML088W,canonical,conserved,Verified,chrXIII,92235,94241,+
orf194220,chr13_922641,YMR325W,canonical,conserved,Verified,chrXIII,922641,923015,+
orf201152,chr13_9281,NA,noncanonical,other,None,chrXIII,9281,9343,-
orf197631,chr13_9420,NA,noncanonical,other,None,chrXIII,9420,9503,-
orf197288,chr13_94431,YML087C,canonical,conserved,Verified,chrXIII,94431,95369,-
orf204068,chr13_95791,YML086C,canonical,conserved,Verified,chrXIII,95791,97371,-
orf197629,chr13_9612,NA,noncanonical,other,None,chrXIII,9612,9698,-
orf201149,chr13_9695,NA,noncanonical,other,None,chrXIII,9695,9766,-
NA,chr13_97941,YML085C,canonical,conserved,Verified,chrXIII,97941,99400,-
orf187806,chr13_99749,NA,noncanonical,denovo,None,chrXIII,99749,99925,+
orf200832,chr13_99794,YML083C,canonical,conserved,Verified,chrXIII,99794,101050,-
orf215510,chr14_100910,YNL284C-A,canonical,conserved,transposable_element_gene,chrXIV,100910,102232,-
orf204813,chr14_101911,NA,noncanonical,other,None,chrXIV,101911,102084,+
orf221265,chr14_103134,YNL284C,canonical,conserved,Verified,chrXIV,103134,104102,-
orf204825,chr14_104842,NA,noncanonical,other,None,chrXIV,104842,104955,+
orf218351,chr14_105184,YNL283C,canonical,conserved,Verified,chrXIV,105184,106695,-
orf204833,chr14_106978,NA,noncanonical,denovo,None,chrXIV,106978,107100,+
orf218350,chr14_107095,NA,noncanonical,denovo,None,chrXIV,107095,107178,-
orf210703,chr14_107244,NA,noncanonical,denovo,None,chrXIV,107244,107423,+
orf207810,chr14_107498,NA,noncanonical,denovo,None,chrXIV,107498,107578,+
orf210704,chr14_107622,NA,noncanonical,other,None,chrXIV,107622,107681,+
orf207811,chr14_107687,YNL282W,canonical,conserved,Verified,chrXIV,107687,108274,+
orf207812,chr14_108467,YNL281W,canonical,conserved,Verified,chrXIV,108467,108928,+
orf221247,chr14_109095,YNL280C,canonical,conserved,Verified,chrXIV,109095,110411,-
orf204853,chr14_110917,YNL279W,canonical,conserved,Verified,chrXIV,110917,112902,+
orf221242,chr14_111267,NA,noncanonical,other,None,chrXIV,111267,111515,-
orf221236,chr14_112407,NA,noncanonical,other,None,chrXIV,112407,112556,-
orf218330,chr14_112519,NA,noncanonical,other,None,chrXIV,112519,112620,-
orf210727,chr14_113271,YNL278W,canonical,conserved,Verified,chrXIV,113271,116453,+
orf204467,chr14_11452,YNL335W,canonical,conserved,Verified,chrXIV,11452,12129,+
orf210728,chr14_116679,YNL277W-A,canonical,denovo,Uncharacterized,chrXIV,116679,116867,+
orf204878,chr14_116899,NA,noncanonical,denovo,None,chrXIV,116899,117075,+
orf210729,chr14_117051,NA,noncanonical,denovo,None,chrXIV,117051,117167,+
orf204880,chr14_117349,YNL277W,canonical,conserved,Verified,chrXIV,117349,118809,+
orf218307,chr14_117463,NA,noncanonical,other,None,chrXIV,117463,117564,-
orf215450,chr14_118166,NA,noncanonical,denovo,None,chrXIV,118166,118303,-
orf221208,chr14_118431,YNL276C,noncanonical,other,Dubious,chrXIV,118431,118826,-
orf218304,chr14_118897,NA,noncanonical,other,None,chrXIV,118897,119088,-
orf204881,chr14_119092,NA,noncanonical,denovo,None,chrXIV,119092,119148,+
orf210734,chr14_119268,YNL275W,canonical,conserved,Verified,chrXIV,119268,120998,+
orf215438,chr14_120995,NA,noncanonical,denovo,None,chrXIV,120995,121054,-
orf215437,chr14_121118,YNL274C,canonical,conserved,Verified,chrXIV,121118,122170,-
orf218740,chr14_12208,YNL334C,canonical,conserved,Verified,chrXIV,12208,12876,-
orf221196,chr14_122286,NA,noncanonical,denovo,None,chrXIV,122286,122549,-
orf210743,chr14_122883,YNL273W,canonical,conserved,Verified,chrXIV,122883,126599,+
orf218262,chr14_126805,YNL272C,canonical,conserved,Verified,chrXIV,126805,129084,-
orf215419,chr14_129332,NA,noncanonical,denovo,None,chrXIV,129332,129502,-
orf221162,chr14_129522,YNL271C,canonical,conserved,Verified,chrXIV,129522,135383,-
orf204474,chr14_13267,YNL333W,canonical,conserved,Verified,chrXIV,13267,14163,+
orf218255,chr14_135940,YNL270C,canonical,conserved,Verified,chrXIV,135940,137661,-
orf207921,chr14_137699,YNL269W,canonical,other,Verified,chrXIV,137699,138094,+
orf218252,chr14_137827,NA,noncanonical,denovo,None,chrXIV,137827,138069,-
orf204955,chr14_138550,YNL268W,canonical,conserved,Verified,chrXIV,138550,140385,+
orf210797,chr14_140490,NA,noncanonical,denovo,None,chrXIV,140490,140684,+
orf204956,chr14_140878,YNL267W,canonical,conserved,Verified,chrXIV,140878,144078,+
orf207958,chr14_144245,YNL266W,noncanonical,other,Dubious,chrXIV,144245,144664,+
NA,chr14_144280,YNL265C,canonical,conserved,Verified,chrXIV,144280,145281,-
orf221114,chr14_145434,NA,noncanonical,other,None,chrXIV,145434,145496,-
orf221113,chr14_145563,YNL264C,canonical,conserved,Verified,chrXIV,145563,146615,-
orf218223,chr14_146794,NA,noncanonical,denovo,None,chrXIV,146794,146859,-
orf218222,chr14_146896,YNL263C,canonical,conserved,Verified,chrXIV,146896,147840,-
orf210820,chr14_148212,YNL262W,canonical,conserved,Verified,chrXIV,148212,154880,+
orf210334,chr14_14832,YNL332W,canonical,conserved,Verified,chrXIV,14832,15854,+
orf207983,chr14_154877,NA,noncanonical,other,None,chrXIV,154877,154924,+
orf210821,chr14_155100,YNL261W,canonical,conserved,Verified,chrXIV,155100,156539,+
orf215288,chr14_156530,NA,noncanonical,denovo,None,chrXIV,156530,156613,-
orf218186,chr14_156859,YNL260C,canonical,conserved,Verified,chrXIV,156859,157455,-
orf221074,chr14_157467,NA,noncanonical,other,None,chrXIV,157467,157586,-
orf221073,chr14_157599,NA,noncanonical,denovo,None,chrXIV,157599,157643,-
orf221072,chr14_157644,YNL259C,canonical,conserved,Verified,chrXIV,157644,157865,-
orf221070,chr14_158109,YNL258C,canonical,conserved,Verified,chrXIV,158109,160373,-
orf218728,chr14_15994,NA,noncanonical,other,None,chrXIV,15994,16101,-
orf215265,chr14_160631,YNL257C,canonical,conserved,Verified,chrXIV,160631,164320,-
orf215773,chr14_16118,YNL331C,canonical,conserved,Verified,chrXIV,16118,17248,-
orf207492,chr14_16298,NA,noncanonical,other,None,chrXIV,16298,16555,+
orf205083,chr14_164503,YNL256W,canonical,conserved,Verified,chrXIV,164503,167097,+
orf207493,chr14_16568,NA,noncanonical,other,None,chrXIV,16568,16717,+
orf221043,chr14_167079,NA,noncanonical,denovo,None,chrXIV,167079,167159,-
orf218135,chr14_167329,YNL255C,canonical,conserved,Verified,chrXIV,167329,167790,-
orf218132,chr14_168043,YNL254C,canonical,conserved,Verified,chrXIV,168043,169248,-
orf218131,chr14_169264,NA,noncanonical,denovo,None,chrXIV,169264,169347,-
orf208041,chr14_170018,YNL253W,canonical,conserved,Verified,chrXIV,170018,171286,+
orf221018,chr14_171441,YNL252C,canonical,conserved,Verified,chrXIV,171441,172286,-
orf210338,chr14_17169,NA,noncanonical,other,None,chrXIV,17169,17291,+
orf218116,chr14_172588,YNL251C,canonical,conserved,Verified,chrXIV,172588,174315,-
orf210339,chr14_17328,NA,noncanonical,denovo,None,chrXIV,17328,17414,+
orf215218,chr14_174521,NA,noncanonical,denovo,None,chrXIV,174521,174613,-
orf205115,chr14_174937,NA,noncanonical,other,None,chrXIV,174937,175152,+
orf210885,chr14_175410,YNL250W,canonical,conserved,Verified,chrXIV,175410,179348,+
orf215771,chr14_17705,NA,noncanonical,other,None,chrXIV,17705,17908,-
orf220991,chr14_179394,YNL249C,canonical,conserved,Verified,chrXIV,179394,181022,-
orf218717,chr14_18001,YNL330C,canonical,conserved,Verified,chrXIV,18001,19302,-
orf215183,chr14_181361,YNL248C,canonical,conserved,Verified,chrXIV,181361,182608,-
orf205165,chr14_182875,YNL247W,canonical,conserved,Verified,chrXIV,182875,185178,+
orf205166,chr14_185197,NA,noncanonical,other,None,chrXIV,185197,185259,+
orf218068,chr14_185320,NA,noncanonical,other,None,chrXIV,185320,185544,-
NA,chr14_185460,YNL246W,canonical,conserved,Verified,chrXIV,185460,186349,+
orf218065,chr14_186346,YNL245C,canonical,conserved,Verified,chrXIV,186346,186885,-
orf215162,chr14_187079,NA,noncanonical,other,None,chrXIV,187079,187180,-
orf220970,chr14_187170,YNL244C,canonical,conserved,Verified,chrXIV,187170,187496,-
orf208109,chr14_188051,YNL243W,canonical,conserved,Verified,chrXIV,188051,190957,+
orf208110,chr14_191324,YNL242W,canonical,conserved,Verified,chrXIV,191324,196102,+
orf215767,chr14_19541,YNL329C,canonical,conserved,Verified,chrXIV,19541,22633,-
orf218023,chr14_196426,YNL241C,canonical,conserved,Verified,chrXIV,196426,197943,-
orf205191,chr14_197383,NA,noncanonical,other,None,chrXIV,197383,197634,+
orf208119,chr14_197903,NA,noncanonical,denovo,None,chrXIV,197903,198127,+
orf208120,chr14_198434,NA,noncanonical,denovo,None,chrXIV,198434,198652,+
orf218020,chr14_198502,YNL240C,canonical,conserved,Verified,chrXIV,198502,199977,-
orf210994,chr14_200271,NA,noncanonical,denovo,None,chrXIV,200271,200381,+
orf205198,chr14_200482,YNL239W,canonical,conserved,Verified,chrXIV,200482,201933,+
orf220913,chr14_201816,NA,noncanonical,other,None,chrXIV,201816,201995,-
orf211000,chr14_202428,YNL238W,canonical,conserved,Verified,chrXIV,202428,204872,+
orf218002,chr14_204919,NA,noncanonical,denovo,None,chrXIV,204919,205080,-
orf215101,chr14_205109,NA,noncanonical,other,None,chrXIV,205109,205303,-
orf211004,chr14_205188,YNL237W,canonical,conserved,Verified,chrXIV,205188,206567,+
orf217995,chr14_206368,NA,noncanonical,other,None,chrXIV,206368,206472,-
orf220887,chr14_206511,NA,noncanonical,denovo,None,chrXIV,206511,206597,-
orf211005,chr14_206667,NA,noncanonical,other,None,chrXIV,206667,206717,+
orf208152,chr14_206930,YNL236W,canonical,conserved,Verified,chrXIV,206930,209854,+
orf217986,chr14_209548,YNL235C,noncanonical,other,Dubious,chrXIV,209548,209979,-
orf208153,chr14_210233,YNL234W,canonical,conserved,Verified,chrXIV,210233,211513,+
orf208154,chr14_211922,YNL233W,canonical,conserved,Verified,chrXIV,211922,214600,+
orf211059,chr14_214923,YNL232W,canonical,conserved,Verified,chrXIV,214923,215801,+
orf215064,chr14_215987,YNL231C,canonical,conserved,Verified,chrXIV,215987,217042,-
orf217951,chr14_217144,NA,noncanonical,denovo,None,chrXIV,217144,217194,-
orf217950,chr14_217219,NA,noncanonical,other,None,chrXIV,217219,217275,-
orf215062,chr14_217523,YNL230C,canonical,conserved,Verified,chrXIV,217523,218662,-
orf220844,chr14_218919,NA,noncanonical,other,None,chrXIV,218919,219140,-
orf215059,chr14_219137,YNL229C,canonical,conserved,Verified,chrXIV,219137,220201,-
orf220839,chr14_220659,YNL227C,canonical,conserved,Verified,chrXIV,220659,222431,-
orf217923,chr14_222724,YNL225C,canonical,conserved,Verified,chrXIV,222724,224469,-
orf220823,chr14_224796,YNL224C,canonical,conserved,Verified,chrXIV,224796,227099,-
orf218697,chr14_22630,NA,noncanonical,other,None,chrXIV,22630,22680,-
orf211102,chr14_227334,YNL223W,canonical,conserved,Verified,chrXIV,227334,228854,+
orf218696,chr14_22834,YNL328C,canonical,conserved,Verified,chrXIV,22834,23274,-
orf208217,chr14_229094,YNL222W,canonical,conserved,Verified,chrXIV,229094,229714,+
orf217914,chr14_229327,NA,noncanonical,other,None,chrXIV,229327,229650,-
orf215012,chr14_229940,NA,noncanonical,denovo,None,chrXIV,229940,230095,-
orf217910,chr14_230461,NA,noncanonical,other,None,chrXIV,230461,230553,-
orf215008,chr14_231068,YNL221C,canonical,conserved,Verified,chrXIV,231068,233695,-
orf217887,chr14_233959,NA,noncanonical,other,None,chrXIV,233959,234096,-
orf221585,chr14_23433,NA,noncanonical,denovo,None,chrXIV,23433,23609,-
orf208240,chr14_234413,YNL220W,canonical,conserved,Verified,chrXIV,234413,235714,+
orf217879,chr14_235996,YNL219C,canonical,conserved,Verified,chrXIV,235996,237663,-
orf211157,chr14_237960,NA,noncanonical,denovo,None,chrXIV,237960,238139,+
orf208251,chr14_238238,YNL218W,canonical,conserved,Verified,chrXIV,238238,240001,+
orf205344,chr14_240331,YNL217W,canonical,conserved,Verified,chrXIV,240331,241311,+
orf210368,chr14_24048,YNL327W,canonical,conserved,Verified,chrXIV,24048,27173,+
orf205346,chr14_241453,NA,noncanonical,denovo,None,chrXIV,241453,241659,+
orf211177,chr14_241689,YNL216W,canonical,conserved,Verified,chrXIV,241689,244172,+
orf205369,chr14_244468,YNL215W,canonical,conserved,Verified,chrXIV,244468,245430,+
orf205370,chr14_245617,YNL214W,canonical,conserved,Verified,chrXIV,245617,246216,+
orf205371,chr14_246379,NA,noncanonical,other,None,chrXIV,246379,246435,+
orf217848,chr14_246460,YNL213C,canonical,conserved,Verified,chrXIV,246460,247104,-
orf211182,chr14_247461,YNL212W,canonical,conserved,Verified,chrXIV,247461,249809,+
orf220740,chr14_250002,NA,noncanonical,denovo,None,chrXIV,250002,250040,-
orf214944,chr14_250055,YNL211C,canonical,conserved,Uncharacterized,chrXIV,250055,250315,-
orf208288,chr14_250931,YNL210W,canonical,conserved,Verified,chrXIV,250931,251743,+
orf217833,chr14_251413,NA,noncanonical,other,None,chrXIV,251413,251592,-
orf208291,chr14_252059,YNL209W,canonical,conserved,Verified,chrXIV,252059,253900,+
orf217823,chr14_254056,NA,noncanonical,denovo,None,chrXIV,254056,254202,-
orf211204,chr14_254418,YNL208W,canonical,conserved,Verified,chrXIV,254418,255017,+
orf208294,chr14_255353,YNL207W,canonical,conserved,Verified,chrXIV,255353,256630,+
orf220714,chr14_256788,YNL206C,canonical,conserved,Verified,chrXIV,256788,258155,-
orf220712,chr14_258375,YNL204C,canonical,conserved,Verified,chrXIV,258375,259277,-
orf214906,chr14_259439,YNL203C,noncanonical,other,Dubious,chrXIV,259439,260050,-
orf211223,chr14_259569,YNL202W,canonical,conserved,Verified,chrXIV,259569,260456,+
orf214905,chr14_260093,NA,noncanonical,other,None,chrXIV,260093,260188,-
orf214903,chr14_260627,YNL201C,canonical,conserved,Verified,chrXIV,260627,263203,-
orf217782,chr14_263713,YNL200C,canonical,conserved,Verified,chrXIV,263713,264453,-
orf214896,chr14_264926,YNL199C,canonical,conserved,Verified,chrXIV,264926,266530,-
orf220692,chr14_267120,NA,noncanonical,denovo,None,chrXIV,267120,267236,-
orf217766,chr14_267529,NA,noncanonical,denovo,None,chrXIV,267529,267603,-
orf214889,chr14_267608,YNL197C,canonical,conserved,Verified,chrXIV,267608,269593,-
orf214888,chr14_270275,YNL196C,canonical,conserved,Verified,chrXIV,270275,271171,-
orf211278,chr14_270333,NA,noncanonical,other,None,chrXIV,270333,270536,+
orf214885,chr14_271523,YNL195C,canonical,conserved,Uncharacterized,chrXIV,271523,272308,-
orf215752,chr14_27197,NA,noncanonical,denovo,None,chrXIV,27197,27319,-
orf208354,chr14_272183,NA,noncanonical,other,None,chrXIV,272183,272380,+
orf217742,chr14_272377,NA,noncanonical,denovo,None,chrXIV,272377,272487,-
orf217741,chr14_272710,YNL194C,canonical,conserved,Verified,chrXIV,272710,273615,-
orf218666,chr14_27337,YNL326C,canonical,conserved,Verified,chrXIV,27337,28347,-
orf208359,chr14_273638,NA,noncanonical,denovo,None,chrXIV,273638,273742,+
orf211293,chr14_274368,YNL193W,canonical,conserved,Uncharacterized,chrXIV,274368,276044,+
orf205499,chr14_276502,YNL192W,canonical,conserved,Verified,chrXIV,276502,279897,+
orf214854,chr14_279959,NA,noncanonical,denovo,None,chrXIV,279959,280141,-
orf205503,chr14_280432,YNL191W,canonical,conserved,Verified,chrXIV,280432,281505,+
orf220651,chr14_281004,NA,noncanonical,other,None,chrXIV,281004,281303,-
orf205505,chr14_281818,NA,noncanonical,denovo,None,chrXIV,281818,281997,+
orf208398,chr14_282395,YNL190W,canonical,conserved,Verified,chrXIV,282395,283009,+
orf217705,chr14_282883,NA,noncanonical,other,None,chrXIV,282883,283092,-
orf208401,chr14_283595,NA,noncanonical,denovo,None,chrXIV,283595,283678,+
orf205510,chr14_284260,YNL189W,canonical,conserved,Verified,chrXIV,284260,285888,+
orf211318,chr14_286308,YNL188W,canonical,conserved,Verified,chrXIV,286308,287609,+
orf215745,chr14_28739,YNL325C,canonical,conserved,Verified,chrXIV,28739,31378,-
orf211320,chr14_287772,YNL187W,canonical,conserved,Verified,chrXIV,287772,289067,+
orf205535,chr14_289498,YNL186W,canonical,conserved,Verified,chrXIV,289498,291876,+
orf211325,chr14_291873,NA,noncanonical,other,None,chrXIV,291873,291926,+
orf214815,chr14_292046,NA,noncanonical,denovo,None,chrXIV,292046,292099,-
orf214814,chr14_292193,YNL185C,canonical,conserved,Verified,chrXIV,292193,292669,-
orf220612,chr14_292557,YNL184C,canonical,other,Uncharacterized,chrXIV,292557,292883,-
orf217672,chr14_293137,YNL183C,canonical,conserved,Verified,chrXIV,293137,295509,-
orf217670,chr14_295960,YNL182C,canonical,conserved,Verified,chrXIV,295960,297627,-
orf220582,chr14_297654,NA,noncanonical,denovo,None,chrXIV,297654,297809,-
orf220580,chr14_297906,NA,noncanonical,denovo,None,chrXIV,297906,298064,-
orf211355,chr14_298335,YNL181W,canonical,conserved,Uncharacterized,chrXIV,298335,299558,+
orf214792,chr14_299654,YNL180C,canonical,conserved,Verified,chrXIV,299654,300649,-
orf217654,chr14_301525,NA,noncanonical,denovo,None,chrXIV,301525,301632,-
orf205579,chr14_302680,YNL178W,canonical,conserved,Verified,chrXIV,302680,303402,+
orf217645,chr14_303412,NA,noncanonical,denovo,None,chrXIV,303412,303486,-
orf220563,chr14_303570,NA,noncanonical,denovo,None,chrXIV,303570,303632,-
orf214782,chr14_303686,YNL177C,canonical,conserved,Verified,chrXIV,303686,304615,-
orf220558,chr14_305070,YNL176C,canonical,conserved,Verified,chrXIV,305070,306980,-
orf220557,chr14_307401,YNL175C,canonical,conserved,Verified,chrXIV,307401,308612,-
orf214760,chr14_308957,YNL173C,canonical,conserved,Verified,chrXIV,308957,310057,-
orf205602,chr14_310636,YNL172W,canonical,conserved,Verified,chrXIV,310636,315882,+
orf220535,chr14_316107,NA,noncanonical,other,None,chrXIV,316107,316172,-
orf214736,chr14_316169,YNL169C,canonical,conserved,Verified,chrXIV,316169,317671,-
orf217589,chr14_317920,NA,noncanonical,other,None,chrXIV,317920,318030,-
orf220529,chr14_318030,YNL168C,canonical,conserved,Uncharacterized,chrXIV,318030,318809,-
orf211406,chr14_318744,NA,noncanonical,other,None,chrXIV,318744,318830,+
orf205615,chr14_319039,NA,noncanonical,other,None,chrXIV,319039,319098,+
orf208574,chr14_319118,NA,noncanonical,denovo,None,chrXIV,319118,319192,+
orf220526,chr14_319416,YNL167C,canonical,conserved,Verified,chrXIV,319416,321359,-
orf210392,chr14_31944,YNL323W,canonical,conserved,Verified,chrXIV,31944,33188,+
orf217582,chr14_322219,YNL166C,canonical,conserved,Verified,chrXIV,322219,323565,-
orf211418,chr14_323832,YNL165W,canonical,conserved,Uncharacterized,chrXIV,323832,325052,+
orf208592,chr14_325184,NA,noncanonical,denovo,None,chrXIV,325184,325255,+
orf214697,chr14_325265,YNL164C,canonical,conserved,Verified,chrXIV,325265,326320,-
orf214694,chr14_326741,YNL163C,canonical,conserved,Verified,chrXIV,326741,330073,-
orf218633,chr14_33001,NA,noncanonical,other,None,chrXIV,33001,33174,-
orf208615,chr14_330329,YNL162W-A,canonical,conserved,Uncharacterized,chrXIV,330329,330547,+
orf220493,chr14_330558,NA,noncanonical,denovo,None,chrXIV,330558,330662,-
orf205659,chr14_330613,NA,noncanonical,other,None,chrXIV,330613,330678,+
NA,chr14_331322,YNL162W,canonical,conserved,Verified,chrXIV,331322,332154,+
orf208623,chr14_332597,YNL161W,canonical,conserved,Verified,chrXIV,332597,334867,+
orf221557,chr14_33294,YNL322C,canonical,conserved,Verified,chrXIV,33294,34235,-
orf217520,chr14_334927,NA,noncanonical,denovo,None,chrXIV,334927,335073,-
orf211463,chr14_335034,NA,noncanonical,denovo,None,chrXIV,335034,335141,+
orf205669,chr14_335134,NA,noncanonical,denovo,None,chrXIV,335134,335238,+
orf217519,chr14_335173,NA,noncanonical,other,None,chrXIV,335173,335241,-
orf220478,chr14_335361,NA,noncanonical,denovo,None,chrXIV,335361,335468,-
orf211464,chr14_335373,NA,noncanonical,other,None,chrXIV,335373,335525,+
orf220477,chr14_335481,NA,noncanonical,other,None,chrXIV,335481,335537,-
orf208625,chr14_335579,NA,noncanonical,denovo,None,chrXIV,335579,335665,+
orf220474,chr14_335745,NA,noncanonical,denovo,None,chrXIV,335745,335900,-
orf214664,chr14_335912,NA,noncanonical,denovo,None,chrXIV,335912,336013,-
orf211469,chr14_336255,NA,noncanonical,denovo,None,chrXIV,336255,336404,+
orf208628,chr14_336545,YNL160W,canonical,conserved,Verified,chrXIV,336545,337609,+
orf208629,chr14_337745,NA,noncanonical,denovo,None,chrXIV,337745,337795,+
orf220462,chr14_337986,NA,noncanonical,denovo,None,chrXIV,337986,338048,-
orf220459,chr14_338478,YNL159C,canonical,conserved,Verified,chrXIV,338478,339347,-
orf211487,chr14_339612,YNL158W,canonical,conserved,Verified,chrXIV,339612,340208,+
orf205689,chr14_340288,NA,noncanonical,other,None,chrXIV,340288,340362,+
orf208639,chr14_340352,YNL157W,canonical,conserved,Verified,chrXIV,340352,340858,+
orf214644,chr14_341069,YNL156C,canonical,conserved,Verified,chrXIV,341069,341968,-
orf217491,chr14_341911,NA,noncanonical,other,None,chrXIV,341911,342135,-
orf211498,chr14_342516,YNL155W,canonical,conserved,Verified,chrXIV,342516,343340,+
orf217483,chr14_343636,YNL154C,canonical,conserved,Verified,chrXIV,343636,345276,-
orf220432,chr14_345669,YNL153C,canonical,conserved,Verified,chrXIV,345669,346058,-
orf205710,chr14_345742,NA,noncanonical,other,None,chrXIV,345742,346005,+
orf208656,chr14_346313,YNL152W,canonical,conserved,Verified,chrXIV,346313,347542,+
orf204556,chr14_34696,YNL321W,canonical,conserved,Verified,chrXIV,34696,37422,+
orf220422,chr14_347766,YNL151C,canonical,conserved,Verified,chrXIV,347766,348521,-
orf217478,chr14_348508,NA,noncanonical,other,None,chrXIV,348508,348654,-
orf217473,chr14_349186,NA,noncanonical,denovo,None,chrXIV,349186,349269,-
orf211526,chr14_349251,YNL150W,noncanonical,denovo,Dubious,chrXIV,349251,349658,+
orf214610,chr14_349367,YNL149C,canonical,conserved,Verified,chrXIV,349367,349756,-
orf214607,chr14_349907,YNL148C,canonical,conserved,Verified,chrXIV,349907,350671,-
orf211530,chr14_350724,NA,noncanonical,other,None,chrXIV,350724,350846,+
NA,chr14_350940,YNL147W,canonical,conserved,Verified,chrXIV,350940,351383,+
orf214604,chr14_351203,NA,noncanonical,other,None,chrXIV,351203,351316,-
orf214603,chr14_351386,YNL146C-A,canonical,denovo,Uncharacterized,chrXIV,351386,351580,-
orf217458,chr14_351679,NA,noncanonical,other,None,chrXIV,351679,351744,-
orf205733,chr14_351715,YNL146W,canonical,conserved,Uncharacterized,chrXIV,351715,352017,+
orf205737,chr14_352414,YNL145W,canonical,conserved,Verified,chrXIV,352414,352530,+
orf214594,chr14_352820,YNL144C,canonical,conserved,Uncharacterized,chrXIV,352820,355042,-
orf208679,chr14_354689,NA,noncanonical,denovo,None,chrXIV,354689,354964,+
orf208680,chr14_355208,NA,noncanonical,denovo,None,chrXIV,355208,355477,+
orf205747,chr14_355765,NA,noncanonical,other,None,chrXIV,355765,355839,+
orf208684,chr14_356126,NA,noncanonical,denovo,None,chrXIV,356126,356233,+
orf205751,chr14_356236,NA,noncanonical,denovo,None,chrXIV,356236,356379,+
orf211551,chr14_356379,NA,noncanonical,denovo,None,chrXIV,356379,356459,+
orf208685,chr14_356426,NA,noncanonical,other,None,chrXIV,356426,356533,+
orf214588,chr14_356504,NA,noncanonical,other,None,chrXIV,356504,356590,-
orf217428,chr14_356794,YNL143C,canonical,denovo,Uncharacterized,chrXIV,356794,357186,-
orf208688,chr14_356858,NA,noncanonical,other,None,chrXIV,356858,356992,+
orf208689,chr14_357227,NA,noncanonical,denovo,None,chrXIV,357227,357358,+
orf211554,chr14_357453,YNL142W,canonical,conserved,Verified,chrXIV,357453,358952,+
orf220382,chr14_358746,NA,noncanonical,denovo,None,chrXIV,358746,359006,-
orf220381,chr14_359082,NA,noncanonical,denovo,None,chrXIV,359082,359279,-
orf205770,chr14_359596,YNL141W,canonical,conserved,Verified,chrXIV,359596,360639,+
orf220375,chr14_360924,YNL139C,canonical,conserved,Verified,chrXIV,360924,365717,-
NA,chr14_366033,YNL138W-A,canonical,conserved,Verified,chrXIV,366033,366412,+
orf211589,chr14_366741,YNL138W,canonical,conserved,Verified,chrXIV,366741,368321,+
orf205797,chr14_368395,NA,noncanonical,denovo,None,chrXIV,368395,368454,+
orf220364,chr14_368595,YNL137C,canonical,conserved,Verified,chrXIV,368595,370055,-
orf211596,chr14_370368,YNL136W,canonical,conserved,Verified,chrXIV,370368,371645,+
NA,chr14_371,YNL339C,canonical,conserved,Verified,chrXIV,371,6098,-
orf214510,chr14_371456,NA,noncanonical,denovo,None,chrXIV,371456,371692,-
orf214509,chr14_371882,YNL135C,canonical,conserved,Verified,chrXIV,371882,372226,-
orf214508,chr14_372362,NA,noncanonical,other,None,chrXIV,372362,372433,-
orf217378,chr14_372451,YNL134C,canonical,conserved,Verified,chrXIV,372451,373581,-
orf208748,chr14_372557,NA,noncanonical,other,None,chrXIV,372557,372766,+
orf208755,chr14_373508,NA,noncanonical,other,None,chrXIV,373508,373621,+
orf208756,chr14_373799,NA,noncanonical,denovo,None,chrXIV,373799,373867,+
orf205820,chr14_373960,NA,noncanonical,other,None,chrXIV,373960,374058,+
orf211608,chr14_374055,NA,noncanonical,denovo,None,chrXIV,374055,374117,+
orf214501,chr14_374171,YNL133C,canonical,conserved,Verified,chrXIV,374171,374692,-
orf211609,chr14_374202,NA,noncanonical,other,None,chrXIV,374202,374375,+
orf211614,chr14_375321,YNL132W,canonical,conserved,Verified,chrXIV,375321,378491,+
orf207579,chr14_37700,YNL320W,canonical,conserved,Uncharacterized,chrXIV,37700,38554,+
orf208768,chr14_378767,YNL131W,canonical,conserved,Verified,chrXIV,378767,379225,+
orf217355,chr14_378832,NA,noncanonical,other,None,chrXIV,378832,379182,-
orf214482,chr14_379406,NA,noncanonical,other,None,chrXIV,379406,379480,-
orf214481,chr14_379484,NA,noncanonical,other,None,chrXIV,379484,379519,-
orf208771,chr14_379502,NA,noncanonical,other,None,chrXIV,379502,379561,+
NA,chr14_379558,YNL130C,canonical,conserved,Verified,chrXIV,379558,380831,-
orf220323,chr14_380754,NA,noncanonical,other,None,chrXIV,380754,380873,-
orf214476,chr14_381245,YNL130C-A,canonical,denovo,Uncharacterized,chrXIV,381245,381391,-
orf211632,chr14_381480,YNL129W,canonical,conserved,Verified,chrXIV,381480,382202,+
orf208783,chr14_382265,NA,noncanonical,denovo,None,chrXIV,382265,382318,+
orf211634,chr14_382359,YNL128W,canonical,conserved,Verified,chrXIV,382359,383663,+
orf208789,chr14_383987,YNL127W,canonical,conserved,Verified,chrXIV,383987,386848,+
orf205887,chr14_386983,NA,noncanonical,denovo,None,chrXIV,386983,387054,+
orf218611,chr14_38707,YNL318C,canonical,conserved,Verified,chrXIV,38707,40329,-
orf208793,chr14_387227,YNL126W,canonical,conserved,Verified,chrXIV,387227,389767,+
orf214436,chr14_390146,YNL125C,canonical,conserved,Verified,chrXIV,390146,392167,-
orf205907,chr14_392701,NA,noncanonical,denovo,None,chrXIV,392701,392793,+
orf211689,chr14_392892,YNL124W,canonical,conserved,Verified,chrXIV,392892,394370,+
orf211690,chr14_394398,NA,noncanonical,denovo,None,chrXIV,394398,394508,+
orf208804,chr14_394685,YNL123W,canonical,conserved,Verified,chrXIV,394685,397678,+
orf220256,chr14_397725,NA,noncanonical,denovo,None,chrXIV,397725,397799,-
orf220255,chr14_397890,NA,noncanonical,denovo,None,chrXIV,397890,398009,-
orf217290,chr14_398023,YNL122C,canonical,conserved,Verified,chrXIV,398023,398370,-
orf220252,chr14_398529,NA,noncanonical,denovo,None,chrXIV,398529,398600,-
orf214411,chr14_398684,YNL121C,canonical,conserved,Verified,chrXIV,398684,400537,-
orf211733,chr14_401040,YNL119W,canonical,conserved,Verified,chrXIV,401040,402521,+
orf217267,chr14_402652,YNL118C,canonical,conserved,Verified,chrXIV,402652,405564,-
orf207591,chr14_40619,YNL317W,canonical,conserved,Verified,chrXIV,40619,42016,+
orf208826,chr14_406358,YNL117W,canonical,conserved,Verified,chrXIV,406358,408022,+
orf217257,chr14_407557,NA,noncanonical,other,None,chrXIV,407557,407709,-
orf214392,chr14_407837,NA,noncanonical,denovo,None,chrXIV,407837,408064,-
orf208828,chr14_408341,YNL116W,canonical,conserved,Verified,chrXIV,408341,409909,+
orf217249,chr14_410119,YNL115C,canonical,conserved,Uncharacterized,chrXIV,410119,412053,-
orf217245,chr14_412684,YNL114C,noncanonical,denovo,Dubious,chrXIV,412684,413055,-
orf205993,chr14_412771,YNL113W,canonical,conserved,Verified,chrXIV,412771,413199,+
orf205994,chr14_413200,NA,noncanonical,denovo,None,chrXIV,413200,413283,+
NA,chr14_413639,YNL112W,canonical,conserved,Verified,chrXIV,413639,416281,+
orf220179,chr14_416085,NA,noncanonical,other,None,chrXIV,416085,416306,-
orf206002,chr14_416353,NA,noncanonical,denovo,None,chrXIV,416353,416427,+
orf211806,chr14_416559,NA,noncanonical,denovo,None,chrXIV,416559,416735,+
orf220175,chr14_416802,NA,noncanonical,denovo,None,chrXIV,416802,416840,-
orf220174,chr14_416940,YNL111C,canonical,conserved,Verified,chrXIV,416940,417302,-
orf217233,chr14_417826,YNL110C,canonical,conserved,Verified,chrXIV,417826,418488,-
orf208861,chr14_418964,YNL109W,noncanonical,other,Dubious,chrXIV,418964,419509,+
orf217229,chr14_419014,YNL108C,canonical,conserved,Verified,chrXIV,419014,419826,-
orf208865,chr14_420098,YNL107W,canonical,conserved,Verified,chrXIV,420098,420778,+
orf215710,chr14_42071,YNL316C,canonical,conserved,Verified,chrXIV,42071,43177,-
orf220153,chr14_420831,NA,noncanonical,other,None,chrXIV,420831,420911,-
orf214349,chr14_420944,YNL106C,canonical,conserved,Verified,chrXIV,420944,424495,-
orf214348,chr14_424895,YNL104C,canonical,conserved,Verified,chrXIV,424895,426754,-
orf208896,chr14_427106,NA,noncanonical,denovo,None,chrXIV,427106,427273,+
orf208897,chr14_427295,NA,noncanonical,denovo,None,chrXIV,427295,427492,+
orf206041,chr14_427735,YNL103W,canonical,conserved,Verified,chrXIV,427735,429753,+
orf206042,chr14_430087,YNL102W,canonical,conserved,Verified,chrXIV,430087,434493,+
orf215709,chr14_43184,NA,noncanonical,denovo,None,chrXIV,43184,43276,-
orf218591,chr14_43324,YNL315C,canonical,conserved,Verified,chrXIV,43324,44280,-
orf208957,chr14_434999,YNL101W,canonical,conserved,Verified,chrXIV,434999,437140,+
orf217139,chr14_435610,NA,noncanonical,denovo,None,chrXIV,435610,435930,-
orf211875,chr14_437613,YNL100W,canonical,conserved,Verified,chrXIV,437613,438317,+
orf217123,chr14_438388,NA,noncanonical,other,None,chrXIV,438388,438441,-
orf220096,chr14_438438,NA,noncanonical,denovo,None,chrXIV,438438,438518,-
orf206058,chr14_438511,NA,noncanonical,other,None,chrXIV,438511,438801,+
orf220095,chr14_438567,YNL099C,canonical,conserved,Verified,chrXIV,438567,439283,-
orf211879,chr14_439155,NA,noncanonical,other,None,chrXIV,439155,439352,+
orf220093,chr14_439602,YNL098C,canonical,conserved,Verified,chrXIV,439602,440570,-
orf206065,chr14_440335,NA,noncanonical,other,None,chrXIV,440335,440631,+
orf217119,chr14_440797,YNL097C-B,canonical,other,Uncharacterized,chrXIV,440797,440919,-
orf211883,chr14_440802,NA,noncanonical,denovo,None,chrXIV,440802,440930,+
orf208970,chr14_440918,NA,noncanonical,other,None,chrXIV,440918,441049,+
orf220089,chr14_441366,YNL097C,canonical,conserved,Verified,chrXIV,441366,442358,-
orf208972,chr14_441431,YNL097W-A,noncanonical,other,Dubious,chrXIV,441431,441586,+
orf211894,chr14_443091,NA,noncanonical,denovo,None,chrXIV,443091,443255,+
orf217114,chr14_443110,NA,noncanonical,denovo,None,chrXIV,443110,443253,-
orf220082,chr14_443256,NA,noncanonical,denovo,None,chrXIV,443256,443312,-
NA,chr14_443398,YNL096C,canonical,conserved,Verified,chrXIV,443398,444315,-
orf207602,chr14_44447,YNL314W,canonical,conserved,Verified,chrXIV,44447,45214,+
orf211903,chr14_444843,NA,noncanonical,denovo,None,chrXIV,444843,444950,+
orf220073,chr14_444912,YNL095C,canonical,conserved,Uncharacterized,chrXIV,444912,446840,-
orf206082,chr14_446371,NA,noncanonical,other,None,chrXIV,446371,446781,+
orf217102,chr14_446929,NA,noncanonical,denovo,None,chrXIV,446929,447075,-
orf208999,chr14_447611,YNL094W,canonical,conserved,Verified,chrXIV,447611,449374,+
orf206089,chr14_449437,NA,noncanonical,denovo,None,chrXIV,449437,449517,+
orf211926,chr14_449868,YNL093W,canonical,conserved,Verified,chrXIV,449868,450530,+
orf206097,chr14_450871,YNL092W,canonical,conserved,Verified,chrXIV,450871,452073,+
orf211930,chr14_452139,NA,noncanonical,denovo,None,chrXIV,452139,452279,+
orf209012,chr14_452408,YNL091W,canonical,conserved,Verified,chrXIV,452408,456130,+
orf210444,chr14_45249,NA,noncanonical,other,None,chrXIV,45249,45479,+
orf215699,chr14_45308,YNL313C,canonical,conserved,Verified,chrXIV,45308,48022,-
orf206099,chr14_456565,YNL090W,canonical,conserved,Verified,chrXIV,456565,457143,+
orf220025,chr14_456693,YNL089C,noncanonical,other,Dubious,chrXIV,456693,457169,-
orf211960,chr14_457161,NA,noncanonical,denovo,None,chrXIV,457161,457211,+
orf211963,chr14_457704,YNL088W,canonical,conserved,Verified,chrXIV,457704,461990,+
orf211965,chr14_462411,YNL087W,canonical,conserved,Verified,chrXIV,462411,465947,+
orf214204,chr14_464741,NA,noncanonical,other,None,chrXIV,464741,464914,-
orf220003,chr14_465981,NA,noncanonical,other,None,chrXIV,465981,466154,-
orf214201,chr14_466163,NA,noncanonical,denovo,None,chrXIV,466163,466375,-
orf209043,chr14_466334,YNL086W,canonical,conserved,Verified,chrXIV,466334,466642,+
orf206172,chr14_467131,YNL085W,canonical,conserved,Verified,chrXIV,467131,469623,+
orf206173,chr14_469633,NA,noncanonical,denovo,None,chrXIV,469633,469749,+
orf217010,chr14_470053,YNL084C,canonical,conserved,Verified,chrXIV,470053,471102,-
orf211976,chr14_470976,NA,noncanonical,denovo,None,chrXIV,470976,471194,+
orf209075,chr14_471377,YNL083W,canonical,conserved,Verified,chrXIV,471377,472861,+
orf211986,chr14_472755,NA,noncanonical,other,None,chrXIV,472755,473015,+
orf211989,chr14_473298,YNL082W,canonical,conserved,Verified,chrXIV,473298,476012,+
orf214166,chr14_476054,NA,noncanonical,denovo,None,chrXIV,476054,476140,-
orf216992,chr14_476188,YNL081C,canonical,conserved,Verified,chrXIV,476188,476619,-
orf216989,chr14_476932,YNL080C,canonical,conserved,Verified,chrXIV,476932,478032,-
orf214161,chr14_478289,NA,noncanonical,other,None,chrXIV,478289,478402,-
orf211998,chr14_478455,NA,noncanonical,denovo,None,chrXIV,478455,478748,+
orf219954,chr14_478566,YNL079C,canonical,conserved,Verified,chrXIV,478566,479165,-
orf206219,chr14_479692,NA,noncanonical,other,None,chrXIV,479692,479787,+
orf209108,chr14_479768,YNL078W,canonical,conserved,Verified,chrXIV,479768,480991,+
orf216979,chr14_480634,NA,noncanonical,other,None,chrXIV,480634,480876,-
orf209109,chr14_481391,YNL077W,canonical,conserved,Verified,chrXIV,481391,482977,+
NA,chr14_48287,YNL312W,canonical,conserved,Verified,chrXIV,48287,49216,+
orf209110,chr14_482999,NA,noncanonical,denovo,None,chrXIV,482999,483142,+
orf206227,chr14_483556,YNL076W,canonical,conserved,Verified,chrXIV,483556,485310,+
orf212023,chr14_485307,NA,noncanonical,other,None,chrXIV,485307,485450,+
orf212025,chr14_485607,YNL075W,canonical,conserved,Verified,chrXIV,485607,486479,+
orf219926,chr14_486654,NA,noncanonical,other,None,chrXIV,486654,486806,-
orf216954,chr14_486766,YNL074C,canonical,conserved,Verified,chrXIV,486766,488124,-
orf206247,chr14_488386,YNL073W,canonical,conserved,Verified,chrXIV,488386,490116,+
orf212037,chr14_490317,YNL072W,canonical,conserved,Verified,chrXIV,490317,491240,+
orf214123,chr14_490871,NA,noncanonical,other,None,chrXIV,490871,491044,-
orf212038,chr14_491523,YNL071W,canonical,conserved,Verified,chrXIV,491523,492971,+
orf206264,chr14_492979,NA,noncanonical,denovo,None,chrXIV,492979,493047,+
orf206266,chr14_493366,YNL070W,canonical,conserved,Verified,chrXIV,493366,493548,+
orf214109,chr14_493499,NA,noncanonical,denovo,None,chrXIV,493499,493687,-
NA,chr14_493956,YNL069C,canonical,conserved,Verified,chrXIV,493956,495001,-
orf215694,chr14_49397,YNL311C,canonical,conserved,Verified,chrXIV,49397,51688,-
orf219900,chr14_495498,NA,noncanonical,denovo,None,chrXIV,495498,495665,-
orf214101,chr14_495701,YNL068C,canonical,conserved,Verified,chrXIV,495701,498289,-
orf216906,chr14_498262,NA,noncanonical,other,None,chrXIV,498262,498300,-
orf206298,chr14_499681,YNL067W,canonical,conserved,Verified,chrXIV,499681,500256,+
orf212073,chr14_501159,NA,noncanonical,denovo,None,chrXIV,501159,501278,+
orf206302,chr14_501292,NA,noncanonical,denovo,None,chrXIV,501292,501468,+
orf209185,chr14_501515,YNL066W,canonical,conserved,Verified,chrXIV,501515,502777,+
orf212086,chr14_503724,YNL065W,canonical,conserved,Verified,chrXIV,503724,505484,+
orf214073,chr14_505868,YNL064C,canonical,conserved,Verified,chrXIV,505868,507097,-
orf216864,chr14_507745,NA,noncanonical,other,None,chrXIV,507745,508044,-
orf209199,chr14_507758,YNL063W,canonical,conserved,Verified,chrXIV,507758,508702,+
orf219858,chr14_508776,YNL062C,canonical,conserved,Verified,chrXIV,508776,510212,-
orf212105,chr14_510540,YNL061W,canonical,conserved,Verified,chrXIV,510540,512396,+
orf216849,chr14_512668,YNL059C,canonical,conserved,Verified,chrXIV,512668,514935,-
orf219825,chr14_515763,YNL058C,canonical,conserved,Uncharacterized,chrXIV,515763,516713,-
orf206361,chr14_516403,YNL057W,noncanonical,other,Dubious,chrXIV,516403,516735,+
orf206363,chr14_517249,YNL056W,canonical,conserved,Verified,chrXIV,517249,517842,+
orf212129,chr14_517839,NA,noncanonical,other,None,chrXIV,517839,517901,+
orf219817,chr14_517881,NA,noncanonical,denovo,None,chrXIV,517881,517952,-
orf209234,chr14_517931,NA,noncanonical,denovo,None,chrXIV,517931,518023,+
orf214035,chr14_517994,YNL055C,canonical,conserved,Verified,chrXIV,517994,518845,-
orf215692,chr14_51872,NA,noncanonical,other,None,chrXIV,51872,51910,-
orf214034,chr14_518957,NA,noncanonical,denovo,None,chrXIV,518957,519187,-
orf218539,chr14_51907,YNL310C,canonical,conserved,Verified,chrXIV,51907,52524,-
orf212135,chr14_519456,YNL054W-A,canonical,conserved,transposable_element_gene,chrXIV,519456,520778,+
orf206378,chr14_521257,NA,noncanonical,other,None,chrXIV,521257,524706,+
orf219785,chr14_525108,NA,noncanonical,denovo,None,chrXIV,525108,525218,-
orf210476,chr14_52545,YNL309W,canonical,conserved,Verified,chrXIV,52545,53924,+
orf212150,chr14_526086,YNL054W,canonical,conserved,Verified,chrXIV,526086,529583,+
orf209278,chr14_529757,NA,noncanonical,denovo,None,chrXIV,529757,529807,+
orf206413,chr14_529942,YNL053W,canonical,conserved,Verified,chrXIV,529942,531411,+
orf213985,chr14_529994,NA,noncanonical,other,None,chrXIV,529994,530125,-
orf209290,chr14_531725,YNL052W,canonical,conserved,Verified,chrXIV,531725,532186,+
orf212161,chr14_532659,YNL051W,canonical,conserved,Verified,chrXIV,532659,533870,+
NA,chr14_534079,YNL050C,canonical,conserved,Uncharacterized,chrXIV,534079,534982,-
orf219745,chr14_535281,YNL049C,canonical,conserved,Verified,chrXIV,535281,537911,-
orf212177,chr14_538173,YNL048W,canonical,conserved,Verified,chrXIV,538173,539819,+
orf209321,chr14_539819,NA,noncanonical,other,None,chrXIV,539819,539866,+
orf216746,chr14_539911,YNL047C,canonical,conserved,Verified,chrXIV,539911,541881,-
orf215685,chr14_54122,YNL308C,canonical,conserved,Verified,chrXIV,54122,55897,-
orf212187,chr14_542127,NA,noncanonical,other,None,chrXIV,542127,542237,+
orf212188,chr14_542304,YNL046W,canonical,conserved,Uncharacterized,chrXIV,542304,542822,+
orf213930,chr14_542579,NA,noncanonical,other,None,chrXIV,542579,542728,-
orf213929,chr14_542738,NA,noncanonical,other,None,chrXIV,542738,542851,-
orf209331,chr14_542963,YNL045W,canonical,conserved,Verified,chrXIV,542963,544978,+
NA,chr14_545268,YNL044W,canonical,conserved,Verified,chrXIV,545268,545877,+
orf219703,chr14_545589,YNL043C,noncanonical,other,Dubious,chrXIV,545589,545909,-
orf209336,chr14_545861,NA,noncanonical,other,None,chrXIV,545861,545995,+
orf209342,chr14_546428,NA,noncanonical,other,None,chrXIV,546428,546481,+
orf216722,chr14_546622,NA,noncanonical,other,None,chrXIV,546622,546726,-
orf209345,chr14_546725,NA,noncanonical,other,None,chrXIV,546725,546796,+
orf212204,chr14_547113,YNL042W-B,canonical,conserved,Uncharacterized,chrXIV,547113,547370,+
orf206487,chr14_548062,NA,noncanonical,other,None,chrXIV,548062,548103,+
orf212208,chr14_548100,YNL042W,canonical,conserved,Verified,chrXIV,548100,549290,+
orf213901,chr14_549173,NA,noncanonical,other,None,chrXIV,549173,549340,-
orf212209,chr14_549312,NA,noncanonical,other,None,chrXIV,549312,549374,+
orf213900,chr14_549344,NA,noncanonical,denovo,None,chrXIV,549344,549406,-
orf219691,chr14_549468,YNL041C,canonical,conserved,Verified,chrXIV,549468,551987,-
orf219689,chr14_552246,NA,noncanonical,other,None,chrXIV,552246,552356,-
orf212219,chr14_552285,NA,noncanonical,other,None,chrXIV,552285,552398,+
orf212223,chr14_553218,NA,noncanonical,other,None,chrXIV,553218,553373,+
orf212224,chr14_553380,YNL040W,canonical,conserved,Verified,chrXIV,553380,554750,+
orf212228,chr14_555048,YNL039W,canonical,conserved,Verified,chrXIV,555048,556832,+
NA,chr14_557020,YNL038W,canonical,conserved,Verified,chrXIV,557020,557783,+
orf216692,chr14_557920,YNL037C,canonical,conserved,Verified,chrXIV,557920,559002,-
orf209387,chr14_559814,YNL036W,canonical,conserved,Verified,chrXIV,559814,560479,+
orf209388,chr14_560573,NA,noncanonical,other,None,chrXIV,560573,560617,+
orf221465,chr14_56151,NA,noncanonical,denovo,None,chrXIV,56151,56237,-
orf209400,chr14_562013,NA,noncanonical,other,None,chrXIV,562013,562090,+
orf216671,chr14_562387,NA,noncanonical,other,None,chrXIV,562387,566427,-
orf215683,chr14_56321,NA,noncanonical,denovo,None,chrXIV,56321,56389,-
orf218512,chr14_56446,YNL307C,canonical,conserved,Verified,chrXIV,56446,57573,-
orf213821,chr14_567893,NA,noncanonical,other,None,chrXIV,567893,568018,-
orf206597,chr14_568390,NA,noncanonical,denovo,None,chrXIV,568390,568632,+
orf216657,chr14_568522,YNL035C,canonical,conserved,Verified,chrXIV,568522,569691,-
orf212286,chr14_570477,YNL034W,canonical,conserved,Uncharacterized,chrXIV,570477,572315,+
orf209449,chr14_572999,YNL033W,canonical,conserved,Uncharacterized,chrXIV,572999,573853,+
orf212292,chr14_574506,YNL032W,canonical,conserved,Verified,chrXIV,574506,575351,+
orf219571,chr14_575640,YNL031C,canonical,conserved,Verified,chrXIV,575640,576050,-
orf206631,chr14_576727,YNL030W,canonical,conserved,Verified,chrXIV,576727,577038,+
orf209464,chr14_577022,NA,noncanonical,other,None,chrXIV,577022,577096,+
orf212298,chr14_577134,NA,noncanonical,other,None,chrXIV,577134,577208,+
orf213788,chr14_577205,YNL029C,canonical,conserved,Verified,chrXIV,577205,578773,-
orf206641,chr14_579580,YNL027W,canonical,conserved,Verified,chrXIV,579580,581616,+
orf210494,chr14_58155,YNL306W,canonical,conserved,Verified,chrXIV,58155,58808,+
orf206642,chr14_581920,YNL026W,canonical,conserved,Verified,chrXIV,581920,583374,+
orf206643,chr14_583438,NA,noncanonical,other,None,chrXIV,583438,583509,+
orf213760,chr14_584216,NA,noncanonical,denovo,None,chrXIV,584216,584317,-
orf216594,chr14_584320,YNL025C,canonical,conserved,Verified,chrXIV,584320,585291,-
orf219534,chr14_586602,YNL024C-A,canonical,conserved,Verified,chrXIV,586602,586820,-
orf209522,chr14_586652,NA,noncanonical,other,None,chrXIV,586652,586807,+
orf216587,chr14_587107,YNL024C,canonical,conserved,Uncharacterized,chrXIV,587107,587847,-
orf209526,chr14_587501,NA,noncanonical,other,None,chrXIV,587501,587785,+
orf219527,chr14_588012,NA,noncanonical,denovo,None,chrXIV,588012,588134,-
orf213742,chr14_588263,YNL023C,canonical,conserved,Verified,chrXIV,588263,591160,-
orf215677,chr14_58898,YNL305C,canonical,conserved,Verified,chrXIV,58898,59791,-
orf216567,chr14_591427,YNL022C,canonical,conserved,Verified,chrXIV,591427,592899,-
orf206692,chr14_593227,YNL021W,canonical,conserved,Verified,chrXIV,593227,595347,+
orf209570,chr14_595469,NA,noncanonical,denovo,None,chrXIV,595469,595681,+
orf219478,chr14_595623,YNL020C,canonical,conserved,Verified,chrXIV,595623,597539,-
orf206709,chr14_598000,NA,noncanonical,other,None,chrXIV,598000,598068,+
orf213706,chr14_598376,YNL019C,canonical,conserved,Uncharacterized,chrXIV,598376,599230,-
orf213704,chr14_599936,YNL018C,canonical,conserved,Uncharacterized,chrXIV,599936,601774,-
orf213701,chr14_602138,YNL017C,noncanonical,other,Dubious,chrXIV,602138,602476,-
orf212402,chr14_602907,YNL016W,canonical,conserved,Verified,chrXIV,602907,604268,+
orf210504,chr14_60297,YNL304W,canonical,conserved,Verified,chrXIV,60297,61550,+
orf209596,chr14_604274,NA,noncanonical,other,None,chrXIV,604274,604339,+
orf213689,chr14_604526,NA,noncanonical,denovo,None,chrXIV,604526,604663,-
orf213688,chr14_604745,NA,noncanonical,other,None,chrXIV,604745,604843,-
orf212404,chr14_605004,NA,noncanonical,denovo,None,chrXIV,605004,605195,+
orf206742,chr14_605209,NA,noncanonical,other,None,chrXIV,605209,605280,+
orf212405,chr14_605268,NA,noncanonical,denovo,None,chrXIV,605268,605339,+
orf209599,chr14_605384,YNL015W,canonical,conserved,Verified,chrXIV,605384,605611,+
orf213685,chr14_605453,NA,noncanonical,other,None,chrXIV,605453,605602,-
orf206745,chr14_606319,YNL014W,canonical,conserved,Verified,chrXIV,606319,609453,+
NA,chr14_609686,YNL012W,canonical,conserved,Verified,chrXIV,609686,611665,+
orf216501,chr14_610828,NA,noncanonical,other,None,chrXIV,610828,610944,-
orf216498,chr14_611836,YNL011C,canonical,conserved,Uncharacterized,chrXIV,611836,613170,-
orf219420,chr14_613197,NA,noncanonical,denovo,None,chrXIV,613197,613253,-
orf212440,chr14_613635,YNL010W,canonical,conserved,Verified,chrXIV,613635,614360,+
orf216491,chr14_614371,NA,noncanonical,other,None,chrXIV,614371,614520,-
orf212441,chr14_614415,NA,noncanonical,denovo,None,chrXIV,614415,614540,+
orf206770,chr14_614821,YNL009W,canonical,conserved,Verified,chrXIV,614821,616083,+
orf213642,chr14_616211,YNL008C,canonical,conserved,Verified,chrXIV,616211,618241,-
orf219400,chr14_618507,YNL007C,canonical,conserved,Verified,chrXIV,618507,619565,-
NA,chr14_61958,YNL302C,canonical,conserved,Verified,chrXIV,61958,62943,-
orf212461,chr14_620067,YNL006W,canonical,conserved,Verified,chrXIV,620067,620978,+
orf219397,chr14_620178,NA,noncanonical,other,None,chrXIV,620178,620441,-
orf216458,chr14_621196,NA,noncanonical,denovo,None,chrXIV,621196,621291,-
orf216457,chr14_621313,YNL005C,canonical,conserved,Verified,chrXIV,621313,622428,-
NA,chr14_622915,YNL004W,canonical,conserved,Verified,chrXIV,622915,624621,+
orf219376,chr14_624975,YNL003C,canonical,conserved,Verified,chrXIV,624975,625829,-
orf213613,chr14_626174,YNL002C,canonical,conserved,Verified,chrXIV,626174,627142,-
orf212486,chr14_627456,YNL001W,canonical,conserved,Verified,chrXIV,627456,628616,+
orf216433,chr14_629365,NA,noncanonical,denovo,None,chrXIV,629365,629466,-
orf219360,chr14_629622,YNR001C,canonical,conserved,Verified,chrXIV,629622,631061,-
orf213593,chr14_631172,NA,noncanonical,other,None,chrXIV,631172,631255,-
orf213584,chr14_633008,YNR002C,canonical,conserved,Verified,chrXIV,633008,633856,-
orf212505,chr14_633483,NA,noncanonical,other,None,chrXIV,633483,633683,+
orf212507,chr14_633777,NA,noncanonical,denovo,None,chrXIV,633777,633881,+
orf216418,chr14_633979,NA,noncanonical,other,None,chrXIV,633979,634050,-
orf219346,chr14_634344,YNR003C,canonical,conserved,Verified,chrXIV,634344,635297,-
orf204666,chr14_63478,NA,noncanonical,other,None,chrXIV,63478,63729,+
orf209735,chr14_635555,NA,noncanonical,denovo,None,chrXIV,635555,635620,+
NA,chr14_63570,YNL301C,canonical,conserved,Verified,chrXIV,63570,64562,-
orf212514,chr14_635943,YNR004W,canonical,conserved,Verified,chrXIV,635943,636383,+
orf213575,chr14_636047,NA,noncanonical,other,None,chrXIV,636047,636373,-
orf219340,chr14_636330,NA,noncanonical,other,None,chrXIV,636330,636404,-
orf209739,chr14_636410,NA,noncanonical,denovo,None,chrXIV,636410,636460,+
orf209741,chr14_636986,YNR006W,canonical,conserved,Verified,chrXIV,636986,638854,+
orf213567,chr14_639182,YNR007C,canonical,conserved,Verified,chrXIV,639182,640114,-
orf206868,chr14_640396,YNR008W,canonical,conserved,Verified,chrXIV,640396,642381,+
orf219319,chr14_641550,NA,noncanonical,other,None,chrXIV,641550,641804,-
orf206869,chr14_642382,NA,noncanonical,other,None,chrXIV,642382,642543,+
orf212542,chr14_642690,YNR009W,canonical,conserved,Verified,chrXIV,642690,643439,+
orf206872,chr14_643744,YNR010W,canonical,conserved,Verified,chrXIV,643744,644193,+
orf212545,chr14_644199,NA,noncanonical,denovo,None,chrXIV,644199,644291,+
orf216372,chr14_644212,NA,noncanonical,denovo,None,chrXIV,644212,644301,-
orf216371,chr14_644320,YNR011C,canonical,conserved,Verified,chrXIV,644320,646950,-
orf209784,chr14_647432,YNR012W,canonical,conserved,Verified,chrXIV,647432,648937,+
orf204668,chr14_64891,NA,noncanonical,denovo,None,chrXIV,64891,65088,+
orf213536,chr14_649028,YNR013C,canonical,conserved,Verified,chrXIV,649028,651712,-
orf206898,chr14_652465,YNR014W,canonical,conserved,Uncharacterized,chrXIV,652465,653103,+
orf216348,chr14_652783,NA,noncanonical,other,None,chrXIV,652783,652944,-
orf219261,chr14_653037,NA,noncanonical,other,None,chrXIV,653037,653174,-
orf209801,chr14_653387,YNR015W,canonical,conserved,Verified,chrXIV,653387,654541,+
orf206900,chr14_654568,NA,noncanonical,denovo,None,chrXIV,654568,654621,+
orf216336,chr14_654673,YNR016C,canonical,conserved,Verified,chrXIV,654673,661374,-
orf207659,chr14_65744,YNL300W,canonical,conserved,Uncharacterized,chrXIV,65744,66052,+
orf218482,chr14_65821,NA,noncanonical,denovo,None,chrXIV,65821,66024,-
orf207660,chr14_66128,NA,noncanonical,denovo,None,chrXIV,66128,66277,+
orf212619,chr14_662913,YNR017W,canonical,conserved,Verified,chrXIV,662913,663581,+
orf209836,chr14_663578,NA,noncanonical,other,None,chrXIV,663578,663676,+
orf209837,chr14_663710,NA,noncanonical,denovo,None,chrXIV,663710,663859,+
orf209838,chr14_664184,NA,noncanonical,other,None,chrXIV,664184,664273,+
orf206940,chr14_664270,YNR018W,canonical,conserved,Verified,chrXIV,664270,664944,+
orf219214,chr14_664302,NA,noncanonical,other,None,chrXIV,664302,664691,-
orf204672,chr14_66517,YNL299W,canonical,conserved,Verified,chrXIV,66517,68445,+
orf209841,chr14_665339,YNR019W,canonical,conserved,Verified,chrXIV,665339,667267,+
orf219203,chr14_667410,YNR020C,canonical,conserved,Verified,chrXIV,667410,668222,-
orf206948,chr14_668377,YNR021W,canonical,conserved,Uncharacterized,chrXIV,668377,669591,+
orf219194,chr14_669774,YNR022C,canonical,conserved,Verified,chrXIV,669774,670193,-
orf209854,chr14_670418,YNR023W,canonical,conserved,Verified,chrXIV,670418,672118,+
orf206956,chr14_672409,YNR024W,canonical,conserved,Verified,chrXIV,672409,672969,+
orf213462,chr14_673274,YNR026C,canonical,conserved,Verified,chrXIV,673274,674689,-
orf206963,chr14_674923,YNR027W,canonical,conserved,Verified,chrXIV,674923,675876,+
orf206965,chr14_676177,YNR028W,canonical,conserved,Verified,chrXIV,676177,677103,+
orf219170,chr14_676200,NA,noncanonical,other,None,chrXIV,676200,676382,-
orf219167,chr14_677199,YNR029C,canonical,conserved,Uncharacterized,chrXIV,677199,678488,-
orf206975,chr14_678799,YNR030W,canonical,conserved,Verified,chrXIV,678799,680454,+
orf219151,chr14_680694,YNR031C,canonical,conserved,Verified,chrXIV,680694,685433,-
orf221413,chr14_68529,NA,noncanonical,denovo,None,chrXIV,68529,68729,-
orf212712,chr14_686010,YNR032W,canonical,conserved,Verified,chrXIV,686010,687116,+
orf219145,chr14_687060,NA,noncanonical,denovo,None,chrXIV,687060,687239,-
orf219144,chr14_687243,YNR032C-A,canonical,conserved,Verified,chrXIV,687243,687464,-
orf209923,chr14_687635,YNR033W,canonical,conserved,Verified,chrXIV,687635,689998,+
orf207677,chr14_68915,YNL298W,canonical,conserved,Verified,chrXIV,68915,71443,+
orf212736,chr14_690321,YNR034W,canonical,conserved,Verified,chrXIV,690321,691286,+
orf216224,chr14_691819,NA,noncanonical,other,None,chrXIV,691819,692013,-
orf212741,chr14_691941,NA,noncanonical,denovo,None,chrXIV,691941,692177,+
orf216222,chr14_692302,NA,noncanonical,other,None,chrXIV,692302,692472,-
orf209933,chr14_692561,YNR034W-A,canonical,conserved,Verified,chrXIV,692561,692857,+
orf216219,chr14_693019,YNR035C,canonical,conserved,Verified,chrXIV,693019,694047,-
orf213368,chr14_694361,YNR036C,canonical,conserved,Verified,chrXIV,694361,694822,-
orf219112,chr14_695052,YNR037C,canonical,conserved,Verified,chrXIV,695052,695327,-
orf212755,chr14_695595,YNR038W,canonical,conserved,Verified,chrXIV,695595,697484,+
orf219102,chr14_697614,YNR039C,canonical,conserved,Verified,chrXIV,697614,699431,-
orf212763,chr14_699690,YNR040W,canonical,conserved,Verified,chrXIV,699690,700460,+
orf209957,chr14_700481,NA,noncanonical,denovo,None,chrXIV,700481,700702,+
orf213343,chr14_700541,YNR041C,canonical,conserved,Verified,chrXIV,700541,701659,-
orf212770,chr14_701895,YNR043W,canonical,conserved,Verified,chrXIV,701895,703085,+
orf207082,chr14_703228,NA,noncanonical,denovo,None,chrXIV,703228,703308,+
orf207084,chr14_703699,YNR044W,canonical,conserved,Verified,chrXIV,703699,705876,+
orf219086,chr14_705504,NA,noncanonical,other,None,chrXIV,705504,705845,-
orf209970,chr14_706139,YNR045W,canonical,conserved,Verified,chrXIV,706139,707608,+
orf207089,chr14_707623,NA,noncanonical,denovo,None,chrXIV,707623,707700,+
orf207090,chr14_707788,YNR046W,canonical,conserved,Verified,chrXIV,707788,708195,+
orf207092,chr14_708523,YNR047W,canonical,conserved,Verified,chrXIV,708523,711204,+
orf212788,chr14_711630,YNR048W,canonical,conserved,Verified,chrXIV,711630,712811,+
orf216132,chr14_713023,YNR049C,canonical,conserved,Verified,chrXIV,713023,713655,-
orf219051,chr14_714048,YNR050C,canonical,conserved,Verified,chrXIV,714048,715388,-
orf216127,chr14_715579,NA,noncanonical,other,None,chrXIV,715579,715659,-
orf213257,chr14_715748,NA,noncanonical,denovo,None,chrXIV,715748,715828,-
orf212795,chr14_716157,NA,noncanonical,other,None,chrXIV,716157,716279,+
orf216124,chr14_716290,NA,noncanonical,denovo,None,chrXIV,716290,716373,-
orf221399,chr14_71673,YNL297C,canonical,conserved,Verified,chrXIV,71673,76583,-
orf213250,chr14_716780,YNR051C,canonical,conserved,Verified,chrXIV,716780,718327,-
orf216109,chr14_719056,NA,noncanonical,denovo,None,chrXIV,719056,719217,-
orf219036,chr14_719346,YNR052C,canonical,conserved,Verified,chrXIV,719346,720647,-
NA,chr14_721120,YNR053C,canonical,conserved,Verified,chrXIV,721120,723112,-
orf213236,chr14_723356,YNR054C,canonical,conserved,Verified,chrXIV,723356,724306,-
orf207148,chr14_724606,NA,noncanonical,denovo,None,chrXIV,724606,724677,+
orf207149,chr14_724696,NA,noncanonical,denovo,None,chrXIV,724696,724752,+
orf207151,chr14_724906,NA,noncanonical,denovo,None,chrXIV,724906,724983,+
orf210033,chr14_725228,NA,noncanonical,other,None,chrXIV,725228,725287,+
orf219020,chr14_725625,NA,noncanonical,denovo,None,chrXIV,725625,725870,-
orf213214,chr14_728105,NA,noncanonical,other,None,chrXIV,728105,728257,-
orf212841,chr14_728148,NA,noncanonical,other,None,chrXIV,728148,728297,+
orf213213,chr14_728426,YNR055C,canonical,conserved,Verified,chrXIV,728426,730186,-
orf207182,chr14_731350,NA,noncanonical,denovo,None,chrXIV,731350,731478,+
orf210058,chr14_731525,NA,noncanonical,denovo,None,chrXIV,731525,731680,+
orf213208,chr14_731618,YNR056C,canonical,conserved,Verified,chrXIV,731618,733303,-
orf212860,chr14_732390,NA,noncanonical,other,None,chrXIV,732390,732482,+
orf218990,chr14_733356,YNR057C,canonical,conserved,Verified,chrXIV,733356,734069,-
orf210069,chr14_734291,YNR058W,canonical,conserved,Verified,chrXIV,734291,735733,+
orf218981,chr14_735846,NA,noncanonical,denovo,None,chrXIV,735846,736013,-
orf213192,chr14_736127,NA,noncanonical,denovo,None,chrXIV,736127,736261,-
orf212882,chr14_736803,YNR059W,canonical,conserved,Verified,chrXIV,736803,738545,+
orf207221,chr14_739951,YNR060W,canonical,conserved,Verified,chrXIV,739951,742110,+
orf218952,chr14_741159,NA,noncanonical,other,None,chrXIV,741159,741488,-
orf212893,chr14_742365,NA,noncanonical,other,None,chrXIV,742365,742424,+
orf218947,chr14_742881,YNR061C,canonical,conserved,Verified,chrXIV,742881,743540,-
orf210110,chr14_743846,NA,noncanonical,other,None,chrXIV,743846,743938,+
orf207230,chr14_744034,NA,noncanonical,other,None,chrXIV,744034,744123,+
orf218943,chr14_744360,YNR062C,canonical,conserved,Verified,chrXIV,744360,745343,-
orf207233,chr14_744553,NA,noncanonical,other,None,chrXIV,744553,744750,+
orf210121,chr14_745892,NA,noncanonical,denovo,None,chrXIV,745892,745969,+
orf215991,chr14_746467,NA,noncanonical,denovo,None,chrXIV,746467,746586,-
orf212907,chr14_746943,YNR063W,canonical,conserved,Verified,chrXIV,746943,748766,+
orf218927,chr14_749136,YNR064C,canonical,conserved,Verified,chrXIV,749136,750008,-
orf213135,chr14_750350,YNR065C,canonical,conserved,Uncharacterized,chrXIV,750350,753700,-
orf213134,chr14_753725,YNR066C,canonical,conserved,Uncharacterized,chrXIV,753725,755035,-
orf210155,chr14_755267,NA,noncanonical,other,None,chrXIV,755267,755332,+
orf210156,chr14_755483,NA,noncanonical,other,None,chrXIV,755483,755635,+
orf212929,chr14_755697,NA,noncanonical,other,None,chrXIV,755697,755846,+
orf215938,chr14_755746,YNR067C,canonical,conserved,Verified,chrXIV,755746,759099,-
orf213122,chr14_760067,YNR068C,canonical,conserved,Uncharacterized,chrXIV,760067,760885,-
orf215922,chr14_760963,NA,noncanonical,denovo,None,chrXIV,760963,761052,-
orf213121,chr14_761123,YNR069C,canonical,conserved,Verified,chrXIV,761123,762592,-
orf218876,chr14_762672,NA,noncanonical,denovo,None,chrXIV,762672,762770,-
orf215914,chr14_762832,NA,noncanonical,denovo,None,chrXIV,762832,762972,-
orf218874,chr14_762927,NA,noncanonical,denovo,None,chrXIV,762927,763010,-
orf213116,chr14_763058,NA,noncanonical,denovo,None,chrXIV,763058,763270,-
orf210187,chr14_763460,NA,noncanonical,other,None,chrXIV,763460,763624,+
orf207323,chr14_764521,NA,noncanonical,denovo,None,chrXIV,764521,764634,+
orf215900,chr14_764887,NA,noncanonical,other,None,chrXIV,764887,764982,-
orf212975,chr14_765375,YNR070W,canonical,conserved,Verified,chrXIV,765375,769376,+
orf213088,chr14_768944,NA,noncanonical,other,None,chrXIV,768944,769090,-
orf207359,chr14_769333,NA,noncanonical,other,None,chrXIV,769333,769407,+
orf207706,chr14_76946,YNL295W,canonical,conserved,Uncharacterized,chrXIV,76946,78520,+
orf212977,chr14_769716,NA,noncanonical,other,None,chrXIV,769716,769880,+
orf215875,chr14_770440,YNR071C,canonical,conserved,Uncharacterized,chrXIV,770440,771468,-
orf207366,chr14_770608,NA,noncanonical,other,None,chrXIV,770608,770793,+
orf210210,chr14_770738,NA,noncanonical,other,None,chrXIV,770738,771088,+
orf207374,chr14_772657,YNR072W,canonical,conserved,Verified,chrXIV,772657,774351,+
orf218825,chr14_774792,YNR073C,canonical,conserved,Verified,chrXIV,774792,776300,-
orf213045,chr14_777602,YNR074C,canonical,conserved,Verified,chrXIV,777602,778738,-
orf213044,chr14_778844,NA,noncanonical,other,None,chrXIV,778844,778918,-
orf215845,chr14_779005,NA,noncanonical,denovo,None,chrXIV,779005,779100,-
orf213001,chr14_779409,NA,noncanonical,other,None,chrXIV,779409,779504,+
orf218817,chr14_779448,NA,noncanonical,other,None,chrXIV,779448,779609,-
orf213003,chr14_779916,YNR075W,canonical,conserved,Verified,chrXIV,779916,781040,+
orf213024,chr14_783287,YNR077C,canonical,other,Uncharacterized,chrXIV,783287,783541,-
orf218433,chr14_78511,NA,noncanonical,denovo,None,chrXIV,78511,78561,-
orf215577,chr14_78659,YNL294C,canonical,conserved,Verified,chrXIV,78659,80260,-
orf210591,chr14_80640,YNL293W,canonical,conserved,Verified,chrXIV,80640,82541,+
orf210592,chr14_82806,YNL292W,canonical,conserved,Verified,chrXIV,82806,84017,+
orf207460,chr14_8330,YNL336W,canonical,conserved,Verified,chrXIV,8330,9475,+
orf218406,chr14_84169,YNL291C,canonical,conserved,Verified,chrXIV,84169,85815,-
orf204741,chr14_86218,YNL290W,canonical,conserved,Verified,chrXIV,86218,87240,+
orf210605,chr14_87252,NA,noncanonical,other,None,chrXIV,87252,87305,+
orf210608,chr14_87897,YNL289W,canonical,conserved,Verified,chrXIV,87897,88736,+
orf218395,chr14_89017,NA,noncanonical,denovo,None,chrXIV,89017,89142,-
orf204756,chr14_89251,NA,noncanonical,denovo,None,chrXIV,89251,89286,+
orf221335,chr14_89316,NA,noncanonical,denovo,None,chrXIV,89316,89546,-
orf210615,chr14_90303,YNL288W,canonical,conserved,Verified,chrXIV,90303,91424,+
orf207753,chr14_91994,YNL287W,canonical,conserved,Verified,chrXIV,91994,94801,+
orf207756,chr14_94943,NA,noncanonical,other,None,chrXIV,94943,95092,+
orf221310,chr14_95001,NA,noncanonical,other,None,chrXIV,95001,95255,-
orf204773,chr14_95083,NA,noncanonical,denovo,None,chrXIV,95083,95217,+
orf210639,chr14_95223,YNL286W,canonical,conserved,Verified,chrXIV,95223,96080,+
orf218367,chr14_96964,NA,noncanonical,other,None,chrXIV,96964,100431,-
orf237968,chr15_1001147,YOR354C,canonical,conserved,Verified,chrXV,1001147,1003225,-
orf237965,chr15_1003910,NA,noncanonical,denovo,None,chrXV,1003910,1004017,-
orf233398,chr15_1003947,NA,noncanonical,other,None,chrXV,1003947,1004039,+
orf242051,chr15_1004242,NA,noncanonical,denovo,None,chrXV,1004242,1004337,-
orf229446,chr15_1005137,YOR355W,canonical,conserved,Verified,chrXV,1005137,1006705,+
orf225453,chr15_1007221,YOR356W,canonical,conserved,Verified,chrXV,1007221,1009116,+
orf233933,chr15_1007403,NA,noncanonical,other,None,chrXV,1007403,1007615,-
orf233927,chr15_1009224,YOR357C,canonical,conserved,Verified,chrXV,1009224,1009712,-
orf225457,chr15_1010161,YOR358W,canonical,conserved,Verified,chrXV,1010161,1010889,+
orf229471,chr15_1011014,NA,noncanonical,other,None,chrXV,1011014,1011112,+
orf233422,chr15_1011189,YOR359W,canonical,conserved,Verified,chrXV,1011189,1012760,+
orf229818,chr15_10119,YOL162W,canonical,conserved,Uncharacterized,chrXV,10119,10766,+
orf233911,chr15_1013241,YOR360C,canonical,conserved,Verified,chrXV,1013241,1014821,-
orf230167,chr15_101475,YOL115W,canonical,conserved,Verified,chrXV,101475,103229,+
orf237915,chr15_1015361,YOR361C,canonical,conserved,Verified,chrXV,1015361,1017652,-
orf237914,chr15_1017758,NA,noncanonical,denovo,None,chrXV,1017758,1017832,-
orf241993,chr15_1017880,YOR362C,canonical,conserved,Verified,chrXV,1017880,1018746,-
orf241990,chr15_1019050,NA,noncanonical,denovo,None,chrXV,1019050,1019160,-
orf233455,chr15_1019178,NA,noncanonical,denovo,None,chrXV,1019178,1019261,+
orf225496,chr15_1019740,NA,noncanonical,other,None,chrXV,1019740,1019835,+
orf233458,chr15_1019835,NA,noncanonical,other,None,chrXV,1019835,1019912,+
orf233889,chr15_1020222,YOR363C,canonical,conserved,Verified,chrXV,1020222,1023212,-
orf241980,chr15_1023175,NA,noncanonical,other,None,chrXV,1023175,1023261,-
orf237892,chr15_1023461,YOR365C,canonical,conserved,Uncharacterized,chrXV,1023461,1025572,-
orf233465,chr15_1023702,NA,noncanonical,other,None,chrXV,1023702,1023788,+
orf233477,chr15_1025781,NA,noncanonical,other,None,chrXV,1025781,1025939,+
orf225528,chr15_1026007,YOR367W,canonical,conserved,Verified,chrXV,1026007,1026609,+
orf237885,chr15_1026800,NA,noncanonical,other,None,chrXV,1026800,1026964,-
orf233481,chr15_1026843,YOR368W,canonical,conserved,Verified,chrXV,1026843,1028048,+
orf237877,chr15_1028138,NA,noncanonical,denovo,None,chrXV,1028138,1028185,-
orf241954,chr15_1028194,YOR369C,canonical,conserved,Verified,chrXV,1028194,1028625,-
orf233865,chr15_1029183,YOR370C,canonical,conserved,Verified,chrXV,1029183,1030994,-
orf237857,chr15_1031489,YOR371C,canonical,conserved,Verified,chrXV,1031489,1034182,-
orf237198,chr15_103317,YOL114C,canonical,conserved,Verified,chrXV,103317,103925,-
orf237855,chr15_1034498,NA,noncanonical,denovo,None,chrXV,1034498,1034653,-
orf241918,chr15_1034680,NA,noncanonical,other,None,chrXV,1034680,1034832,-
orf237854,chr15_1034807,YOR372C,canonical,conserved,Verified,chrXV,1034807,1036471,-
orf229563,chr15_1036763,NA,noncanonical,other,None,chrXV,1036763,1036891,+
orf225578,chr15_1036834,YOR373W,canonical,conserved,Verified,chrXV,1036834,1039389,+
orf233851,chr15_1038555,NA,noncanonical,other,None,chrXV,1038555,1038851,-
orf225581,chr15_1039840,YOR374W,canonical,conserved,Verified,chrXV,1039840,1041399,+
orf233845,chr15_1040364,NA,noncanonical,other,None,chrXV,1040364,1040666,-
orf241892,chr15_1041349,NA,noncanonical,denovo,None,chrXV,1041349,1041477,-
orf233518,chr15_1041495,NA,noncanonical,denovo,None,chrXV,1041495,1041545,+
orf233838,chr15_1041678,YOR375C,canonical,conserved,Verified,chrXV,1041678,1043042,-
orf230170,chr15_104250,NA,noncanonical,other,None,chrXV,104250,104363,+
orf222104,chr15_104326,YOL113W,canonical,conserved,Verified,chrXV,104326,106293,+
orf237835,chr15_1043564,NA,noncanonical,denovo,None,chrXV,1043564,1043716,-
orf233528,chr15_1044219,NA,noncanonical,other,None,chrXV,1044219,1044395,+
orf225592,chr15_1044580,NA,noncanonical,other,None,chrXV,1044580,1044774,+
orf229602,chr15_1044827,NA,noncanonical,denovo,None,chrXV,1044827,1045036,+
orf229603,chr15_1045196,YOR376W-A,canonical,other,Uncharacterized,chrXV,1045196,1045351,+
orf241878,chr15_1045534,NA,noncanonical,other,None,chrXV,1045534,1045623,-
orf233537,chr15_1046226,YOR377W,canonical,conserved,Verified,chrXV,1046226,1047803,+
orf241864,chr15_1048687,NA,noncanonical,other,None,chrXV,1048687,1048806,-
orf233813,chr15_1049037,NA,noncanonical,denovo,None,chrXV,1049037,1049090,-
orf233544,chr15_1049511,YOR378W,canonical,conserved,Verified,chrXV,1049511,1051058,+
orf241859,chr15_1050031,NA,noncanonical,other,None,chrXV,1050031,1050213,-
orf233810,chr15_1050726,YOR379C,noncanonical,denovo,Dubious,chrXV,1050726,1051064,-
orf233545,chr15_1051173,NA,noncanonical,denovo,None,chrXV,1051173,1051250,+
orf241853,chr15_1051213,NA,noncanonical,other,None,chrXV,1051213,1051488,-
orf233546,chr15_1051290,YOR380W,canonical,conserved,Verified,chrXV,1051290,1052930,+
orf225648,chr15_1054711,NA,noncanonical,denovo,None,chrXV,1054711,1054836,+
orf229631,chr15_1055117,NA,noncanonical,other,None,chrXV,1055117,1055173,+
orf229632,chr15_1055174,NA,noncanonical,denovo,None,chrXV,1055174,1055446,+
orf225652,chr15_1055545,YOR381W,canonical,conserved,Verified,chrXV,1055545,1057680,+
orf233781,chr15_1057731,NA,noncanonical,denovo,None,chrXV,1057731,1057829,-
orf229654,chr15_1058138,NA,noncanonical,other,None,chrXV,1058138,1058320,+
orf229655,chr15_1058423,YOR381W-A,canonical,other,Uncharacterized,chrXV,1058423,1058590,+
orf229656,chr15_1058729,NA,noncanonical,other,None,chrXV,1058729,1058815,+
orf225659,chr15_1059091,NA,noncanonical,other,None,chrXV,1059091,1059231,+
orf229658,chr15_1059281,NA,noncanonical,other,None,chrXV,1059281,1059397,+
orf225660,chr15_1059382,NA,noncanonical,denovo,None,chrXV,1059382,1059447,+
orf229659,chr15_1059440,NA,noncanonical,other,None,chrXV,1059440,1059613,+
orf233561,chr15_1059531,YOR382W,canonical,conserved,Verified,chrXV,1059531,1059992,+
orf241812,chr15_1060441,YOR383C,canonical,conserved,Verified,chrXV,1060441,1061055,-
orf233768,chr15_1061073,NA,noncanonical,other,None,chrXV,1061073,1061171,-
orf229665,chr15_1061564,YOR384W,canonical,conserved,Verified,chrXV,1061564,1063648,+
orf226244,chr15_106352,NA,noncanonical,denovo,None,chrXV,106352,106606,+
orf237753,chr15_1064171,NA,noncanonical,denovo,None,chrXV,1064171,1064251,-
orf237751,chr15_1064315,NA,noncanonical,denovo,None,chrXV,1064315,1064365,-
orf229670,chr15_1064429,NA,noncanonical,denovo,None,chrXV,1064429,1064515,+
orf233586,chr15_1064628,NA,noncanonical,other,None,chrXV,1064628,1064729,+
orf241790,chr15_1064695,NA,noncanonical,other,None,chrXV,1064695,1064829,-
orf229672,chr15_1064816,NA,noncanonical,denovo,None,chrXV,1064816,1064905,+
orf233588,chr15_1064892,NA,noncanonical,denovo,None,chrXV,1064892,1064957,+
orf225675,chr15_1065043,YOR385W,canonical,conserved,Uncharacterized,chrXV,1065043,1065915,+
orf233594,chr15_1066839,YOR386W,canonical,conserved,Verified,chrXV,1066839,1068536,+
orf230178,chr15_106710,YOL112W,canonical,conserved,Verified,chrXV,106710,108188,+
orf225690,chr15_1068619,NA,noncanonical,denovo,None,chrXV,1068619,1068663,+
orf241770,chr15_1069621,YOR387C,canonical,conserved,Uncharacterized,chrXV,1069621,1070241,-
orf241767,chr15_1070746,NA,noncanonical,other,None,chrXV,1070746,1070880,-
orf241763,chr15_1071793,YOR388C,canonical,conserved,Verified,chrXV,1071793,1072923,-
orf225719,chr15_1073698,NA,noncanonical,denovo,None,chrXV,1073698,1073859,+
orf233614,chr15_1074213,YOR389W,canonical,conserved,Uncharacterized,chrXV,1074213,1076087,+
orf233620,chr15_1076784,YOR390W,canonical,conserved,Verified,chrXV,1076784,1077911,+
orf233621,chr15_1078146,NA,noncanonical,other,None,chrXV,1078146,1078277,+
orf233702,chr15_1078545,YOR391C,canonical,conserved,Verified,chrXV,1078545,1079258,-
orf237186,chr15_108258,YOL111C,canonical,conserved,Verified,chrXV,108258,108896,-
orf237680,chr15_1084202,YOR394C-A,canonical,other,Uncharacterized,chrXV,1084202,1084369,-
orf230182,chr15_109176,YOL110W,canonical,conserved,Verified,chrXV,109176,109889,+
orf222125,chr15_110110,NA,noncanonical,denovo,None,chrXV,110110,110223,+
orf226253,chr15_110297,YOL109W,canonical,conserved,Verified,chrXV,110297,110638,+
orf226254,chr15_110711,NA,noncanonical,other,None,chrXV,110711,110749,+
orf241313,chr15_111431,YOL108C,canonical,conserved,Verified,chrXV,111431,111886,-
orf226258,chr15_111737,NA,noncanonical,denovo,None,chrXV,111737,112021,+
orf222129,chr15_112102,YOL107W,canonical,conserved,Uncharacterized,chrXV,112102,113130,+
orf241305,chr15_113969,NA,noncanonical,other,None,chrXV,113969,114052,-
orf237170,chr15_114138,YOL105C,canonical,conserved,Verified,chrXV,114138,115808,-
orf241647,chr15_11549,YOL161C,canonical,conserved,Verified,chrXV,11549,11911,-
orf241295,chr15_116396,YOL104C,canonical,conserved,Verified,chrXV,116396,117454,-
orf241293,chr15_117611,NA,noncanonical,other,None,chrXV,117611,117682,-
orf226287,chr15_117662,NA,noncanonical,other,None,chrXV,117662,117781,+
orf222154,chr15_118000,YOL103W-A,canonical,conserved,transposable_element_gene,chrXV,118000,119322,+
orf245266,chr15_123637,NA,noncanonical,denovo,None,chrXV,123637,123846,-
orf226303,chr15_123992,YOL103W,canonical,conserved,Verified,chrXV,123992,125830,+
orf237118,chr15_125997,YOL102C,canonical,conserved,Verified,chrXV,125997,126689,-
orf226307,chr15_126632,NA,noncanonical,denovo,None,chrXV,126632,126850,+
orf245254,chr15_126982,YOL101C,canonical,conserved,Verified,chrXV,126982,127920,-
orf230267,chr15_127689,NA,noncanonical,other,None,chrXV,127689,127847,+
orf230273,chr15_129237,YOL100W,canonical,conserved,Verified,chrXV,129237,132482,+
orf241233,chr15_132017,YOL099C,noncanonical,other,Dubious,chrXV,132017,132508,-
orf241232,chr15_132725,YOL098C,canonical,conserved,Verified,chrXV,132725,135838,-
orf245668,chr15_13603,NA,noncanonical,other,None,chrXV,13603,13779,-
orf230290,chr15_136185,NA,noncanonical,other,None,chrXV,136185,136232,+
orf226330,chr15_136220,YOL097W-A,canonical,other,Uncharacterized,chrXV,136220,136405,+
orf237080,chr15_136527,YOL097C,canonical,conserved,Verified,chrXV,136527,137825,-
orf241218,chr15_138107,YOL096C,canonical,conserved,Verified,chrXV,138107,139057,-
orf237075,chr15_139227,YOL095C,canonical,conserved,Verified,chrXV,139227,141347,-
orf241201,chr15_141584,YOL094C,canonical,conserved,Verified,chrXV,141584,142555,-
orf230322,chr15_142815,YOL093W,canonical,conserved,Verified,chrXV,142815,143696,+
orf229835,chr15_14313,YOL160W,canonical,other,Uncharacterized,chrXV,14313,14654,+
orf230326,chr15_144204,YOL092W,canonical,conserved,Verified,chrXV,144204,145130,+
orf226369,chr15_145334,YOL091W,canonical,conserved,Verified,chrXV,145334,147163,+
orf221742,chr15_14677,NA,noncanonical,other,None,chrXV,14677,14925,+
orf222275,chr15_147382,YOL090W,canonical,conserved,Verified,chrXV,147382,150276,+
orf245661,chr15_14773,NA,noncanonical,other,None,chrXV,14773,15045,-
orf237040,chr15_150243,NA,noncanonical,denovo,None,chrXV,150243,150350,-
orf241172,chr15_150398,YOL089C,canonical,conserved,Verified,chrXV,150398,153490,-
orf225868,chr15_15125,NA,noncanonical,other,None,chrXV,15125,15220,+
orf221743,chr15_15217,NA,noncanonical,other,None,chrXV,15217,15291,+
orf241630,chr15_15233,YOL159C-A,canonical,other,Verified,chrXV,15233,15505,-
orf241168,chr15_153809,NA,noncanonical,other,None,chrXV,153809,153925,-
orf237032,chr15_153912,YOL088C,canonical,conserved,Verified,chrXV,153912,154745,-
orf237030,chr15_155064,NA,noncanonical,other,None,chrXV,155064,155144,-
orf237029,chr15_155190,NA,noncanonical,other,None,chrXV,155190,155315,-
orf245113,chr15_155287,YOL087C,canonical,conserved,Verified,chrXV,155287,158637,-
orf241628,chr15_15665,NA,noncanonical,denovo,None,chrXV,15665,15742,-
orf245658,chr15_15784,NA,noncanonical,other,None,chrXV,15784,15852,-
orf229838,chr15_15825,NA,noncanonical,other,None,chrXV,15825,15929,+
orf245111,chr15_159103,NA,noncanonical,denovo,None,chrXV,159103,159393,-
orf226436,chr15_159173,YOL086W-A,canonical,conserved,Verified,chrXV,159173,159445,+
orf241149,chr15_159548,YOL086C,canonical,conserved,Verified,chrXV,159548,160594,-
orf241148,chr15_160718,NA,noncanonical,denovo,None,chrXV,160718,160861,-
orf236998,chr15_160929,NA,noncanonical,denovo,None,chrXV,160929,161006,-
orf226438,chr15_161063,NA,noncanonical,other,None,chrXV,161063,161152,+
orf245106,chr15_161233,NA,noncanonical,other,None,chrXV,161233,161283,-
orf236996,chr15_161331,NA,noncanonical,denovo,None,chrXV,161331,161387,-
orf245105,chr15_161398,NA,noncanonical,denovo,None,chrXV,161398,161499,-
orf222315,chr15_161512,NA,noncanonical,other,None,chrXV,161512,161667,+
orf226441,chr15_161579,YOL085W-A,noncanonical,denovo,Dubious,chrXV,161579,161791,+
orf236993,chr15_161673,YOL085C,canonical,other,Uncharacterized,chrXV,161673,162014,-
orf226443,chr15_162356,YOL084W,canonical,conserved,Verified,chrXV,162356,165331,+
orf237587,chr15_16305,NA,noncanonical,other,None,chrXV,16305,16388,-
orf237651,chr15_1647,YOL165C,canonical,conserved,Verified,chrXV,1647,2078,-
orf229843,chr15_16500,NA,noncanonical,other,None,chrXV,16500,16634,+
orf230423,chr15_165714,YOL083W,canonical,conserved,Verified,chrXV,165714,166952,+
orf245655,chr15_16639,NA,noncanonical,other,None,chrXV,16639,16782,-
orf229844,chr15_16647,NA,noncanonical,other,None,chrXV,16647,16757,+
orf222340,chr15_167431,NA,noncanonical,other,None,chrXV,167431,167607,+
orf245072,chr15_167752,NA,noncanonical,denovo,None,chrXV,167752,167823,-
orf241118,chr15_168476,NA,noncanonical,denovo,None,chrXV,168476,168628,-
orf222343,chr15_168727,YOL082W,canonical,conserved,Verified,chrXV,168727,169974,+
orf221749,chr15_16894,NA,noncanonical,other,None,chrXV,16894,17100,+
orf222344,chr15_169999,NA,noncanonical,other,None,chrXV,169999,170202,+
orf236967,chr15_170181,NA,noncanonical,denovo,None,chrXV,170181,170324,-
orf236966,chr15_170349,NA,noncanonical,denovo,None,chrXV,170349,170555,-
orf222346,chr15_171070,YOL081W,canonical,conserved,Verified,chrXV,171070,180309,+
orf245652,chr15_17281,YOL159C,canonical,conserved,Verified,chrXV,17281,17796,-
orf241619,chr15_17813,NA,noncanonical,other,None,chrXV,17813,17971,-
orf236913,chr15_180558,YOL080C,canonical,conserved,Verified,chrXV,180558,181427,-
orf226531,chr15_181682,YOL078W,canonical,conserved,Verified,chrXV,181682,185212,+
orf229854,chr15_18369,NA,noncanonical,other,None,chrXV,18369,18437,+
orf226533,chr15_185438,YOL077W-A,canonical,conserved,Verified,chrXV,185438,185644,+
orf225882,chr15_18551,NA,noncanonical,other,None,chrXV,18551,18640,+
orf230492,chr15_185637,NA,noncanonical,other,None,chrXV,185637,185732,+
orf244991,chr15_185848,YOL077C,canonical,conserved,Verified,chrXV,185848,186723,-
orf222360,chr15_187024,YOL076W,canonical,conserved,Verified,chrXV,187024,189414,+
orf230502,chr15_189411,NA,noncanonical,other,None,chrXV,189411,189482,+
orf244981,chr15_189658,YOL075C,canonical,conserved,Verified,chrXV,189658,193542,-
orf241610,chr15_19301,NA,noncanonical,other,None,chrXV,19301,19393,-
orf222374,chr15_193558,NA,noncanonical,denovo,None,chrXV,193558,193785,+
orf241018,chr15_193832,YOL073C,canonical,conserved,Verified,chrXV,193832,194800,-
orf237570,chr15_19491,YOL158C,canonical,conserved,Verified,chrXV,19491,21311,-
orf230532,chr15_194970,YOL072W,canonical,conserved,Verified,chrXV,194970,196337,+
orf222390,chr15_196507,YOL071W,canonical,conserved,Verified,chrXV,196507,196995,+
orf236842,chr15_197220,YOL070C,canonical,conserved,Verified,chrXV,197220,198725,-
orf230542,chr15_198942,YOL069W,canonical,conserved,Verified,chrXV,198942,200297,+
orf244967,chr15_200368,YOL068C,canonical,conserved,Verified,chrXV,200368,201879,-
orf244966,chr15_201985,YOL067C,canonical,conserved,Verified,chrXV,201985,202518,-
orf226600,chr15_202241,NA,noncanonical,other,None,chrXV,202241,202381,+
orf244965,chr15_202696,YOL066C,canonical,conserved,Verified,chrXV,202696,204471,-
orf244964,chr15_204511,NA,noncanonical,denovo,None,chrXV,204511,204591,-
orf240975,chr15_204608,NA,noncanonical,denovo,None,chrXV,204608,204694,-
orf240974,chr15_204731,YOL065C,canonical,conserved,Verified,chrXV,204731,205885,-
orf236804,chr15_206103,YOL064C,canonical,conserved,Verified,chrXV,206103,207176,-
orf240961,chr15_207392,YOL063C,canonical,conserved,Verified,chrXV,207392,210265,-
orf244921,chr15_210520,YOL062C,canonical,conserved,Verified,chrXV,210520,211995,-
orf222460,chr15_212179,NA,noncanonical,other,None,chrXV,212179,212253,+
orf230575,chr15_212244,YOL061W,canonical,conserved,Verified,chrXV,212244,213734,+
orf222470,chr15_213724,NA,noncanonical,other,None,chrXV,213724,213801,+
orf241599,chr15_21401,NA,noncanonical,other,None,chrXV,21401,21484,-
orf236772,chr15_214017,YOL060C,canonical,conserved,Verified,chrXV,214017,216137,-
orf222477,chr15_215227,NA,noncanonical,other,None,chrXV,215227,215505,+
orf230590,chr15_216729,NA,noncanonical,denovo,None,chrXV,216729,216857,+
orf222485,chr15_217126,YOL059W,canonical,conserved,Verified,chrXV,217126,218448,+
orf240922,chr15_218297,NA,noncanonical,other,None,chrXV,218297,218515,-
orf230594,chr15_218673,NA,noncanonical,denovo,None,chrXV,218673,218741,+
orf222488,chr15_219211,YOL058W,canonical,conserved,Verified,chrXV,219211,220473,+
orf221772,chr15_21943,NA,noncanonical,other,None,chrXV,21943,22005,+
orf244897,chr15_219988,NA,noncanonical,denovo,None,chrXV,219988,220101,-
orf229861,chr15_22002,NA,noncanonical,other,None,chrXV,22002,22127,+
orf240916,chr15_220040,NA,noncanonical,denovo,None,chrXV,220040,220156,-
orf236750,chr15_220197,NA,noncanonical,other,None,chrXV,220197,220415,-
orf225896,chr15_22049,NA,noncanonical,other,None,chrXV,22049,22207,+
orf230598,chr15_220767,YOL057W,canonical,conserved,Verified,chrXV,220767,222902,+
orf230599,chr15_223107,NA,noncanonical,denovo,None,chrXV,223107,223265,+
orf226679,chr15_223268,YOL056W,canonical,conserved,Verified,chrXV,223268,224179,+
orf240894,chr15_224420,YOL055C,canonical,conserved,Verified,chrXV,224420,226075,-
orf245631,chr15_22525,YOL157C,canonical,conserved,Verified,chrXV,22525,24294,-
orf230611,chr15_225330,NA,noncanonical,other,None,chrXV,225330,225584,+
orf230612,chr15_225594,NA,noncanonical,other,None,chrXV,225594,225869,+
orf230615,chr15_226935,NA,noncanonical,denovo,None,chrXV,226935,227042,+
orf230618,chr15_227793,NA,noncanonical,other,None,chrXV,227793,228077,+
orf226698,chr15_228614,YOL054W,canonical,conserved,Verified,chrXV,228614,229834,+
orf230634,chr15_230085,YOL053W,canonical,conserved,Verified,chrXV,230085,231272,+
orf222543,chr15_231301,NA,noncanonical,other,None,chrXV,231301,231372,+
orf236696,chr15_231570,YOL052C-A,canonical,conserved,Verified,chrXV,231570,231755,-
orf236692,chr15_232446,YOL052C,canonical,conserved,Verified,chrXV,232446,233636,-
orf222554,chr15_233416,NA,noncanonical,other,None,chrXV,233416,233514,+
orf230644,chr15_234303,NA,noncanonical,other,None,chrXV,234303,234443,+
orf222563,chr15_234940,YOL051W,canonical,conserved,Verified,chrXV,234940,238185,+
orf226745,chr15_238619,YOL049W,canonical,conserved,Verified,chrXV,238619,240094,+
NA,chr15_240204,YOL048C,canonical,conserved,Verified,chrXV,240204,241310,-
NA,chr15_241614,YOL047C,canonical,conserved,Verified,chrXV,241614,242747,-
orf226759,chr15_242963,NA,noncanonical,denovo,None,chrXV,242963,243067,+
orf226760,chr15_243497,YOL045W,canonical,conserved,Verified,chrXV,243497,246802,+
orf222588,chr15_247150,YOL044W,canonical,conserved,Verified,chrXV,247150,248301,+
orf244793,chr15_248392,YOL043C,canonical,conserved,Verified,chrXV,248392,249534,-
orf226771,chr15_249158,NA,noncanonical,other,None,chrXV,249158,249391,+
orf222594,chr15_249715,NA,noncanonical,denovo,None,chrXV,249715,249822,+
orf230711,chr15_249825,YOL042W,canonical,conserved,Verified,chrXV,249825,250916,+
orf240793,chr15_251267,YOL041C,canonical,conserved,Verified,chrXV,251267,252646,-
orf221783,chr15_25273,YOL156W,canonical,conserved,Verified,chrXV,25273,26976,+
orf230720,chr15_253122,NA,noncanonical,other,None,chrXV,253122,253589,+
orf236621,chr15_253149,YOL040C,canonical,conserved,Verified,chrXV,253149,253577,-
orf226788,chr15_254297,YOL039W,canonical,conserved,Verified,chrXV,254297,254617,+
orf244772,chr15_254314,NA,noncanonical,other,None,chrXV,254314,254595,-
orf226790,chr15_254906,NA,noncanonical,denovo,None,chrXV,254906,255073,+
orf244767,chr15_254926,YOL038C-A,canonical,denovo,Uncharacterized,chrXV,254926,255021,-
orf222618,chr15_255337,YOL038W,canonical,conserved,Verified,chrXV,255337,256101,+
orf226799,chr15_256238,NA,noncanonical,denovo,None,chrXV,256238,256321,+
orf230728,chr15_256491,NA,noncanonical,other,None,chrXV,256491,256529,+
orf244757,chr15_256666,YOL037C,noncanonical,other,Dubious,chrXV,256666,257019,-
orf226800,chr15_256745,YOL036W,canonical,conserved,Uncharacterized,chrXV,256745,259030,+
orf230747,chr15_259923,YOL034W,canonical,conserved,Verified,chrXV,259923,263204,+
orf230749,chr15_263475,YOL033W,canonical,conserved,Verified,chrXV,263475,265085,+
orf240743,chr15_264179,NA,noncanonical,other,None,chrXV,264179,264676,-
orf222669,chr15_265429,YOL032W,canonical,conserved,Verified,chrXV,265429,266169,+
orf240736,chr15_266264,YOL031C,canonical,conserved,Verified,chrXV,266264,267529,-
orf230753,chr15_266637,NA,noncanonical,other,None,chrXV,266637,267026,+
orf226827,chr15_267893,NA,noncanonical,denovo,None,chrXV,267893,268069,+
orf226828,chr15_268187,YOL030W,canonical,conserved,Verified,chrXV,268187,269641,+
orf244708,chr15_269815,YOL029C,canonical,conserved,Uncharacterized,chrXV,269815,270420,-
orf236554,chr15_270633,YOL028C,canonical,conserved,Verified,chrXV,270633,271370,-
orf240719,chr15_272003,YOL027C,canonical,conserved,Verified,chrXV,272003,273724,-
orf244692,chr15_274012,YOL026C,canonical,conserved,Verified,chrXV,274012,274353,-
orf222702,chr15_274957,YOL025W,canonical,conserved,Verified,chrXV,274957,276939,+
orf230788,chr15_277086,YOL024W,canonical,conserved,Uncharacterized,chrXV,277086,277604,+
orf222709,chr15_278056,YOL023W,canonical,conserved,Verified,chrXV,278056,280086,+
orf236523,chr15_280272,YOL022C,canonical,conserved,Verified,chrXV,280272,281498,-
orf226891,chr15_281840,NA,noncanonical,denovo,None,chrXV,281840,281965,+
orf244651,chr15_282421,YOL021C,canonical,conserved,Verified,chrXV,282421,285426,-
orf221792,chr15_28495,NA,noncanonical,other,None,chrXV,28495,28572,+
orf222734,chr15_285907,NA,noncanonical,denovo,None,chrXV,285907,286086,+
orf226907,chr15_286172,YOL020W,canonical,conserved,Verified,chrXV,286172,287950,+
orf241576,chr15_28703,YOL155C,canonical,conserved,Verified,chrXV,28703,31606,-
orf230828,chr15_288651,NA,noncanonical,denovo,None,chrXV,288651,288884,+
orf222740,chr15_288898,YOL019W,canonical,conserved,Uncharacterized,chrXV,288898,290553,+
orf230830,chr15_290655,NA,noncanonical,other,None,chrXV,290655,290780,+
orf244629,chr15_290881,YOL018C,canonical,conserved,Verified,chrXV,290881,292074,-
orf226926,chr15_292529,YOL017W,canonical,conserved,Verified,chrXV,292529,294673,+
orf236445,chr15_294777,YOL016C,canonical,conserved,Verified,chrXV,294777,296120,-
orf226934,chr15_296411,NA,noncanonical,denovo,None,chrXV,296411,296536,+
orf230864,chr15_296685,NA,noncanonical,denovo,None,chrXV,296685,296771,+
orf230865,chr15_297078,YOL015W,canonical,conserved,Verified,chrXV,297078,298838,+
orf222778,chr15_299638,NA,noncanonical,other,None,chrXV,299638,299721,+
orf226944,chr15_299693,YOL014W,canonical,conserved,Uncharacterized,chrXV,299693,300067,+
orf226946,chr15_300287,NA,noncanonical,other,None,chrXV,300287,300424,+
orf230874,chr15_300690,YOL013W-B,noncanonical,other,Dubious,chrXV,300690,300980,+
orf230875,chr15_301047,YOL013W-A,canonical,conserved,Uncharacterized,chrXV,301047,301238,+
orf236420,chr15_301380,YOL013C,canonical,conserved,Verified,chrXV,301380,303035,-
orf222794,chr15_303448,NA,noncanonical,denovo,None,chrXV,303448,303633,+
orf236418,chr15_303579,YOL012C,canonical,conserved,Verified,chrXV,303579,303983,-
orf222795,chr15_303697,NA,noncanonical,other,None,chrXV,303697,303810,+
orf226967,chr15_304136,NA,noncanonical,denovo,None,chrXV,304136,304228,+
orf230889,chr15_304341,NA,noncanonical,denovo,None,chrXV,304341,304451,+
orf244595,chr15_304600,NA,noncanonical,denovo,None,chrXV,304600,304788,-
orf226970,chr15_304646,NA,noncanonical,denovo,None,chrXV,304646,304717,+
orf226971,chr15_304790,NA,noncanonical,other,None,chrXV,304790,304828,+
orf222800,chr15_304915,NA,noncanonical,denovo,None,chrXV,304915,304971,+
orf222802,chr15_305131,NA,noncanonical,denovo,None,chrXV,305131,305244,+
orf230892,chr15_305349,YOL011W,canonical,conserved,Verified,chrXV,305349,307409,+
orf230895,chr15_307938,YOL010W,canonical,conserved,Verified,chrXV,307938,309041,+
orf236402,chr15_309324,YOL009C,canonical,conserved,Verified,chrXV,309324,310139,-
orf222829,chr15_310312,YOL008W,canonical,conserved,Verified,chrXV,310312,310935,+
orf240577,chr15_311009,NA,noncanonical,denovo,None,chrXV,311009,311170,-
orf240575,chr15_311342,YOL007C,canonical,conserved,Verified,chrXV,311342,312367,-
orf240574,chr15_312413,NA,noncanonical,denovo,None,chrXV,312413,312580,-
orf244556,chr15_313078,YOL006C,canonical,conserved,Verified,chrXV,313078,315387,-
orf222847,chr15_315355,NA,noncanonical,denovo,None,chrXV,315355,315450,+
orf227015,chr15_315614,NA,noncanonical,other,None,chrXV,315614,315697,+
orf244553,chr15_315709,NA,noncanonical,denovo,None,chrXV,315709,315771,-
orf236376,chr15_315813,YOL005C,canonical,conserved,Verified,chrXV,315813,316175,-
orf230920,chr15_315981,NA,noncanonical,other,None,chrXV,315981,316121,+
orf244552,chr15_316261,NA,noncanonical,denovo,None,chrXV,316261,316395,-
orf245604,chr15_31639,NA,noncanonical,other,None,chrXV,31639,31890,-
orf230923,chr15_316938,YOL004W,canonical,conserved,Verified,chrXV,316938,321548,+
orf221821,chr15_32083,NA,noncanonical,other,None,chrXV,32083,32151,+
orf227031,chr15_321716,NA,noncanonical,denovo,None,chrXV,321716,321781,+
orf236349,chr15_321858,YOL003C,canonical,conserved,Verified,chrXV,321858,322994,-
orf221822,chr15_32269,NA,noncanonical,other,None,chrXV,32269,32328,+
orf227037,chr15_323240,NA,noncanonical,denovo,None,chrXV,323240,323365,+
orf240533,chr15_323411,YOL002C,canonical,conserved,Verified,chrXV,323411,324394,-
orf244525,chr15_324397,NA,noncanonical,other,None,chrXV,324397,324444,-
orf230933,chr15_324708,NA,noncanonical,other,None,chrXV,324708,324776,+
orf244522,chr15_324880,NA,noncanonical,other,None,chrXV,324880,325008,-
orf227046,chr15_324962,NA,noncanonical,denovo,None,chrXV,324962,325054,+
orf222900,chr15_325249,YOL001W,canonical,conserved,Verified,chrXV,325249,326130,+
orf236337,chr15_326328,NA,noncanonical,other,None,chrXV,326328,326432,-
orf230939,chr15_326832,YOR001W,canonical,conserved,Verified,chrXV,326832,329033,+
orf227059,chr15_329417,YOR002W,canonical,conserved,Verified,chrXV,329417,331051,+
orf230951,chr15_331455,YOR003W,canonical,conserved,Verified,chrXV,331455,332891,+
orf236313,chr15_331473,NA,noncanonical,denovo,None,chrXV,331473,331739,-
orf222945,chr15_332857,NA,noncanonical,other,None,chrXV,332857,332976,+
orf222948,chr15_333592,YOR004W,canonical,conserved,Verified,chrXV,333592,334356,+
orf230956,chr15_334446,NA,noncanonical,denovo,None,chrXV,334446,334706,+
orf236304,chr15_334509,YOR005C,canonical,conserved,Verified,chrXV,334509,337343,-
orf236303,chr15_337680,YOR006C,canonical,conserved,Verified,chrXV,337680,338621,-
orf244457,chr15_338782,NA,noncanonical,denovo,None,chrXV,338782,338874,-
orf244456,chr15_338938,YOR007C,canonical,conserved,Verified,chrXV,338938,339978,-
orf244448,chr15_341278,YOR008C,canonical,conserved,Verified,chrXV,341278,342414,-
orf227102,chr15_343664,NA,noncanonical,denovo,None,chrXV,343664,343831,+
orf230993,chr15_343929,YOR008W-B,noncanonical,other,Dubious,chrXV,343929,344030,+
orf222979,chr15_344335,YOR009W,canonical,conserved,Verified,chrXV,344335,345798,+
orf221834,chr15_34498,NA,noncanonical,other,None,chrXV,34498,34554,+
orf244439,chr15_346195,YOR010C,canonical,conserved,Verified,chrXV,346195,346950,-
orf227110,chr15_346322,NA,noncanonical,other,None,chrXV,346322,346726,+
orf225937,chr15_34658,YOL154W,canonical,conserved,Verified,chrXV,34658,35407,+
orf240432,chr15_347156,NA,noncanonical,denovo,None,chrXV,347156,347227,-
orf236268,chr15_347415,NA,noncanonical,denovo,None,chrXV,347415,347609,-
orf222990,chr15_348925,NA,noncanonical,denovo,None,chrXV,348925,349032,+
orf240425,chr15_349271,NA,noncanonical,denovo,None,chrXV,349271,349342,-
orf244431,chr15_349522,NA,noncanonical,denovo,None,chrXV,349522,349641,-
orf227121,chr15_349679,YOR011W,canonical,conserved,Verified,chrXV,349679,353863,+
orf227123,chr15_354479,NA,noncanonical,other,None,chrXV,354479,354595,+
orf231039,chr15_354831,NA,noncanonical,other,None,chrXV,354831,354932,+
orf244400,chr15_356017,NA,noncanonical,denovo,None,chrXV,356017,356235,-
orf236227,chr15_356337,NA,noncanonical,denovo,None,chrXV,356337,356387,-
orf236226,chr15_356505,NA,noncanonical,denovo,None,chrXV,356505,356555,-
orf227132,chr15_356543,YOR012W,canonical,conserved,Uncharacterized,chrXV,356543,356956,+
orf231050,chr15_356751,YOR013W,noncanonical,other,Dubious,chrXV,356751,357221,+
orf236224,chr15_356856,NA,noncanonical,other,None,chrXV,356856,356960,-
orf223014,chr15_357259,NA,noncanonical,denovo,None,chrXV,357259,357465,+
orf227133,chr15_357674,YOR014W,canonical,conserved,Verified,chrXV,357674,359947,+
orf231068,chr15_359907,NA,noncanonical,other,None,chrXV,359907,360107,+
orf240379,chr15_359960,NA,noncanonical,denovo,None,chrXV,359960,360202,-
orf237511,chr15_35997,NA,noncanonical,other,None,chrXV,35997,36176,-
orf227134,chr15_359993,YOR015W,canonical,other,Uncharacterized,chrXV,359993,360352,+
orf244389,chr15_360199,NA,noncanonical,denovo,None,chrXV,360199,360363,-
orf240378,chr15_360461,YOR016C,canonical,conserved,Verified,chrXV,360461,361084,-
orf227138,chr15_361412,YOR017W,canonical,conserved,Verified,chrXV,361412,363814,+
orf223029,chr15_364369,YOR018W,canonical,conserved,Verified,chrXV,364369,366882,+
orf227156,chr15_366923,NA,noncanonical,other,None,chrXV,366923,367024,+
orf231103,chr15_368127,YOR019W,canonical,conserved,Verified,chrXV,368127,370319,+
orf237507,chr15_36822,NA,noncanonical,other,None,chrXV,36822,37154,-
orf240343,chr15_369728,NA,noncanonical,other,None,chrXV,369728,370027,-
orf244352,chr15_370174,NA,noncanonical,other,None,chrXV,370174,370338,-
orf227172,chr15_370361,NA,noncanonical,denovo,None,chrXV,370361,370456,+
orf240342,chr15_370427,NA,noncanonical,other,None,chrXV,370427,370579,-
orf231104,chr15_370488,NA,noncanonical,denovo,None,chrXV,370488,370718,+
orf236174,chr15_370524,YOR020C,canonical,conserved,Verified,chrXV,370524,370844,-
orf223056,chr15_371269,NA,noncanonical,other,None,chrXV,371269,371337,+
orf231110,chr15_371685,YOR020W-A,canonical,conserved,Uncharacterized,chrXV,371685,371957,+
orf240333,chr15_371774,NA,noncanonical,other,None,chrXV,371774,371995,-
orf227178,chr15_372092,NA,noncanonical,other,None,chrXV,372092,372127,+
orf240330,chr15_372521,NA,noncanonical,other,None,chrXV,372521,372643,-
orf237506,chr15_37272,NA,noncanonical,other,None,chrXV,37272,38066,-
orf236165,chr15_372798,YOR021C,canonical,conserved,Verified,chrXV,372798,373439,-
orf236164,chr15_373710,YOR022C,canonical,conserved,Verified,chrXV,373710,375857,-
orf244336,chr15_376012,YOR023C,canonical,conserved,Verified,chrXV,376012,377712,-
orf231131,chr15_378219,YOR025W,canonical,conserved,Verified,chrXV,378219,379562,+
orf227207,chr15_379781,YOR026W,canonical,conserved,Verified,chrXV,379781,380806,+
orf244325,chr15_379906,NA,noncanonical,other,None,chrXV,379906,380127,-
orf236145,chr15_380244,NA,noncanonical,other,None,chrXV,380244,380492,-
orf231140,chr15_380796,NA,noncanonical,other,None,chrXV,380796,380834,+
orf227208,chr15_380831,NA,noncanonical,other,None,chrXV,380831,380926,+
orf227209,chr15_381053,YOR027W,canonical,conserved,Verified,chrXV,381053,382822,+
orf237505,chr15_38175,NA,noncanonical,other,None,chrXV,38175,38567,-
orf223104,chr15_382894,NA,noncanonical,other,None,chrXV,382894,382947,+
orf244311,chr15_383533,YOR028C,canonical,conserved,Verified,chrXV,383533,384420,-
orf227214,chr15_383636,NA,noncanonical,other,None,chrXV,383636,383917,+
orf244310,chr15_384529,NA,noncanonical,denovo,None,chrXV,384529,384612,-
orf227218,chr15_385328,NA,noncanonical,other,None,chrXV,385328,385429,+
orf227219,chr15_385523,NA,noncanonical,denovo,None,chrXV,385523,385606,+
orf244304,chr15_386122,NA,noncanonical,denovo,None,chrXV,386122,386223,-
orf227222,chr15_386825,YOR030W,canonical,conserved,Verified,chrXV,386825,388684,+
orf244289,chr15_388681,NA,noncanonical,other,None,chrXV,388681,388749,-
orf229925,chr15_38889,NA,noncanonical,other,None,chrXV,38889,39047,+
orf223133,chr15_389683,NA,noncanonical,denovo,None,chrXV,389683,389793,+
orf240261,chr15_389771,YOR032C,canonical,conserved,Verified,chrXV,389771,391075,-
orf231186,chr15_390549,NA,noncanonical,other,None,chrXV,390549,390686,+
orf231189,chr15_391431,NA,noncanonical,other,None,chrXV,391431,391580,+
orf245572,chr15_39163,NA,noncanonical,denovo,None,chrXV,39163,39243,-
orf225965,chr15_39206,NA,noncanonical,denovo,None,chrXV,39206,39283,+
orf223141,chr15_392176,YOR032W-A,canonical,denovo,Uncharacterized,chrXV,392176,392376,+
orf244269,chr15_392416,YOR033C,canonical,conserved,Verified,chrXV,392416,394524,-
orf225967,chr15_39422,NA,noncanonical,denovo,None,chrXV,39422,39502,+
orf244267,chr15_394837,YOR034C,canonical,conserved,Verified,chrXV,394837,397086,-
orf221853,chr15_39493,NA,noncanonical,other,None,chrXV,39493,39627,+
orf237496,chr15_39663,NA,noncanonical,other,None,chrXV,39663,39719,-
orf236078,chr15_397173,NA,noncanonical,other,None,chrXV,397173,397292,-
orf244266,chr15_397426,YOR034C-A,canonical,other,Uncharacterized,chrXV,397426,397668,-
orf244265,chr15_397735,YOR035C,canonical,conserved,Verified,chrXV,397735,400104,-
orf225968,chr15_39857,NA,noncanonical,denovo,None,chrXV,39857,39949,+
orf237493,chr15_39990,NA,noncanonical,other,None,chrXV,39990,40097,-
orf223157,chr15_400348,YOR036W,canonical,conserved,Verified,chrXV,400348,401214,+
orf236057,chr15_400734,NA,noncanonical,other,None,chrXV,400734,400889,-
orf241540,chr15_40094,NA,noncanonical,other,None,chrXV,40094,40192,-
orf244264,chr15_401107,NA,noncanonical,denovo,None,chrXV,401107,401250,-
orf236055,chr15_401262,NA,noncanonical,other,None,chrXV,401262,401381,-
orf223158,chr15_401281,NA,noncanonical,other,None,chrXV,401281,401451,+
orf227274,chr15_401441,YOR037W,canonical,conserved,Verified,chrXV,401441,402655,+
orf240232,chr15_402761,YOR038C,canonical,conserved,Verified,chrXV,402761,405388,-
orf221856,chr15_40330,NA,noncanonical,other,None,chrXV,40330,40497,+
orf231252,chr15_405768,YOR039W,canonical,conserved,Verified,chrXV,405768,406544,+
orf231255,chr15_407064,YOR040W,canonical,conserved,Verified,chrXV,407064,407921,+
orf225975,chr15_40748,YOL152W,canonical,conserved,Verified,chrXV,40748,42610,+
orf240221,chr15_407978,NA,noncanonical,other,None,chrXV,407978,408031,-
orf227287,chr15_408215,NA,noncanonical,denovo,None,chrXV,408215,408319,+
orf244229,chr15_408358,YOR041C,noncanonical,other,Dubious,chrXV,408358,408789,-
orf227288,chr15_408425,YOR042W,canonical,conserved,Verified,chrXV,408425,409660,+
orf231270,chr15_410238,NA,noncanonical,other,None,chrXV,410238,410375,+
orf231271,chr15_410430,NA,noncanonical,other,None,chrXV,410430,410507,+
orf227294,chr15_410870,YOR043W,canonical,conserved,Verified,chrXV,410870,412330,+
orf245563,chr15_41182,NA,noncanonical,other,None,chrXV,41182,41352,-
orf244216,chr15_411826,NA,noncanonical,other,None,chrXV,411826,412263,-
orf227296,chr15_412874,NA,noncanonical,other,None,chrXV,412874,412924,+
orf231279,chr15_413007,YOR044W,canonical,conserved,Verified,chrXV,413007,413480,+
orf227298,chr15_413492,NA,noncanonical,other,None,chrXV,413492,413683,+
orf227300,chr15_413852,YOR045W,canonical,conserved,Verified,chrXV,413852,414037,+
orf231284,chr15_414168,NA,noncanonical,denovo,None,chrXV,414168,414260,+
orf227302,chr15_414299,NA,noncanonical,denovo,None,chrXV,414299,414481,+
orf236010,chr15_414459,YOR046C,canonical,conserved,Verified,chrXV,414459,415907,-
orf244203,chr15_416347,YOR047C,canonical,conserved,Verified,chrXV,416347,417681,-
orf235998,chr15_418041,NA,noncanonical,other,None,chrXV,418041,418202,-
orf231301,chr15_418329,NA,noncanonical,denovo,None,chrXV,418329,418385,+
orf244199,chr15_418630,YOR048C,canonical,conserved,Verified,chrXV,418630,421650,-
orf231323,chr15_422625,NA,noncanonical,denovo,None,chrXV,422625,422678,+
orf244196,chr15_422668,YOR049C,canonical,conserved,Verified,chrXV,422668,423816,-
orf227326,chr15_422717,NA,noncanonical,denovo,None,chrXV,422717,422992,+
orf227332,chr15_423530,NA,noncanonical,denovo,None,chrXV,423530,423742,+
orf231327,chr15_423954,NA,noncanonical,denovo,None,chrXV,423954,424103,+
orf227334,chr15_424346,NA,noncanonical,denovo,None,chrXV,424346,424552,+
orf244193,chr15_424846,YOR051C,canonical,conserved,Verified,chrXV,424846,426084,-
orf237480,chr15_42558,NA,noncanonical,other,None,chrXV,42558,42668,-
orf241671,chr15_4259,NA,noncanonical,other,None,chrXV,4259,4405,-
orf240161,chr15_426173,NA,noncanonical,denovo,None,chrXV,426173,426352,-
orf244189,chr15_426709,NA,noncanonical,denovo,None,chrXV,426709,426762,-
orf244188,chr15_426772,YOR052C,canonical,conserved,Verified,chrXV,426772,427224,-
orf231338,chr15_427344,NA,noncanonical,denovo,None,chrXV,427344,427583,+
orf235941,chr15_427833,YOR054C,canonical,conserved,Verified,chrXV,427833,429857,-
orf241527,chr15_42995,NA,noncanonical,other,None,chrXV,42995,43102,-
orf240146,chr15_430247,YOR056C,canonical,conserved,Verified,chrXV,430247,431626,-
orf231347,chr15_432186,YOR057W,canonical,conserved,Verified,chrXV,432186,433373,+
orf240139,chr15_433688,YOR058C,canonical,conserved,Verified,chrXV,433688,436345,-
orf231359,chr15_435798,NA,noncanonical,other,None,chrXV,435798,436010,+
orf231361,chr15_436221,NA,noncanonical,denovo,None,chrXV,436221,436376,+
orf225977,chr15_43694,YOL151W,canonical,conserved,Verified,chrXV,43694,44722,+
orf240136,chr15_437126,NA,noncanonical,denovo,None,chrXV,437126,437221,-
orf244144,chr15_437494,NA,noncanonical,denovo,None,chrXV,437494,437646,-
orf227384,chr15_437585,NA,noncanonical,other,None,chrXV,437585,437689,+
orf235920,chr15_437844,NA,noncanonical,other,None,chrXV,437844,437972,-
orf240134,chr15_438077,NA,noncanonical,other,None,chrXV,438077,438163,-
orf235918,chr15_438216,NA,noncanonical,other,None,chrXV,438216,438332,-
orf235911,chr15_438906,YOR059C,canonical,conserved,Verified,chrXV,438906,440258,-
orf240122,chr15_440390,YOR060C,canonical,conserved,Verified,chrXV,440390,441163,-
orf231387,chr15_441534,YOR061W,canonical,conserved,Verified,chrXV,441534,442553,+
orf235904,chr15_442725,YOR062C,canonical,conserved,Uncharacterized,chrXV,442725,443531,-
orf245542,chr15_44284,NA,noncanonical,other,None,chrXV,44284,44412,-
orf231395,chr15_444069,NA,noncanonical,denovo,None,chrXV,444069,444206,+
orf227408,chr15_444686,YOR063W,canonical,conserved,Verified,chrXV,444686,445849,+
orf245541,chr15_44473,YOL150C,noncanonical,other,Dubious,chrXV,44473,44784,-
orf235893,chr15_446079,YOR064C,canonical,conserved,Verified,chrXV,446079,446738,-
orf231403,chr15_446193,NA,noncanonical,denovo,None,chrXV,446193,446387,+
orf231405,chr15_446520,NA,noncanonical,denovo,None,chrXV,446520,446621,+
orf244117,chr15_446683,NA,noncanonical,other,None,chrXV,446683,446793,-
orf240093,chr15_447227,NA,noncanonical,denovo,None,chrXV,447227,447382,-
orf223325,chr15_447439,YOR065W,canonical,conserved,Verified,chrXV,447439,448368,+
orf223326,chr15_448447,NA,noncanonical,denovo,None,chrXV,448447,448479,+
orf223328,chr15_448786,NA,noncanonical,other,None,chrXV,448786,448887,+
orf221866,chr15_44938,YOL149W,canonical,conserved,Verified,chrXV,44938,45633,+
orf231409,chr15_449436,YOR066W,canonical,conserved,Verified,chrXV,449436,451325,+
orf244094,chr15_451729,YOR067C,canonical,conserved,Verified,chrXV,451729,453462,-
orf231421,chr15_453768,YOR069W,canonical,conserved,Verified,chrXV,453768,455795,+
orf235858,chr15_455907,YOR070C,canonical,conserved,Verified,chrXV,455907,457820,-
orf245537,chr15_45760,YOL148C,canonical,conserved,Verified,chrXV,45760,47574,-
orf223379,chr15_458626,NA,noncanonical,other,None,chrXV,458626,458760,+
orf235849,chr15_458862,NA,noncanonical,other,None,chrXV,458862,458912,-
orf240041,chr15_458954,NA,noncanonical,other,None,chrXV,458954,459121,-
orf240039,chr15_459287,NA,noncanonical,other,None,chrXV,459287,459523,-
orf235848,chr15_459480,YOR071C,canonical,conserved,Verified,chrXV,459480,461276,-
orf223386,chr15_460339,NA,noncanonical,other,None,chrXV,460339,460485,+
orf231446,chr15_461502,YOR072W,canonical,other,Uncharacterized,chrXV,461502,461816,+
orf231453,chr15_463317,NA,noncanonical,other,None,chrXV,463317,463400,+
orf231458,chr15_464469,YOR072W-B,canonical,conserved,Uncharacterized,chrXV,464469,464630,+
orf227474,chr15_464771,YOR073W,canonical,conserved,Verified,chrXV,464771,466543,+
orf223412,chr15_466540,NA,noncanonical,other,None,chrXV,466540,466596,+
orf244039,chr15_466675,YOR074C,canonical,conserved,Verified,chrXV,466675,467589,-
orf227482,chr15_468212,YOR075W,canonical,conserved,Verified,chrXV,468212,469252,+
orf235817,chr15_469377,YOR076C,canonical,conserved,Verified,chrXV,469377,471620,-
orf227496,chr15_471899,YOR077W,canonical,conserved,Verified,chrXV,471899,472597,+
orf231508,chr15_472725,YOR078W,canonical,conserved,Verified,chrXV,472725,473369,+
orf235809,chr15_473475,YOR079C,canonical,conserved,Verified,chrXV,473475,474416,-
orf231517,chr15_474552,YOR080W,canonical,conserved,Verified,chrXV,474552,476792,+
orf245700,chr15_4753,NA,noncanonical,other,None,chrXV,4753,4812,-
orf239964,chr15_476939,YOR081C,canonical,conserved,Verified,chrXV,476939,479188,-
orf241514,chr15_47816,NA,noncanonical,denovo,None,chrXV,47816,47890,-
orf227518,chr15_478760,NA,noncanonical,denovo,None,chrXV,478760,478978,+
orf241513,chr15_47933,YOL147C,canonical,conserved,Verified,chrXV,47933,48643,-
orf223477,chr15_479533,YOR083W,canonical,conserved,Verified,chrXV,479533,480420,+
orf227524,chr15_480587,YOR084W,canonical,conserved,Verified,chrXV,480587,481750,+
orf227526,chr15_482033,YOR085W,canonical,conserved,Verified,chrXV,482033,483085,+
orf243982,chr15_482311,NA,noncanonical,other,None,chrXV,482311,482724,-
orf237636,chr15_4830,NA,noncanonical,other,None,chrXV,4830,4889,-
orf235785,chr15_483219,YOR086C,canonical,conserved,Verified,chrXV,483219,486779,-
orf229976,chr15_48738,YOL146W,canonical,conserved,Verified,chrXV,48738,49448,+
orf231555,chr15_487707,YOR087W,canonical,conserved,Verified,chrXV,487707,489734,+
orf227561,chr15_490112,NA,noncanonical,denovo,None,chrXV,490112,490408,+
orf239908,chr15_490196,YOR089C,canonical,conserved,Verified,chrXV,490196,490828,-
orf235775,chr15_490857,NA,noncanonical,denovo,None,chrXV,490857,490994,-
orf239906,chr15_491123,YOR090C,canonical,conserved,Verified,chrXV,491123,492841,-
orf231565,chr15_493077,NA,noncanonical,denovo,None,chrXV,493077,493205,+
orf227570,chr15_493265,YOR091W,canonical,conserved,Verified,chrXV,493265,494470,+
orf243930,chr15_493420,NA,noncanonical,other,None,chrXV,493420,494400,-
orf223537,chr15_494545,NA,noncanonical,denovo,None,chrXV,494545,494649,+
orf223538,chr15_494806,NA,noncanonical,denovo,None,chrXV,494806,494913,+
orf223539,chr15_495127,YOR092W,canonical,conserved,Verified,chrXV,495127,496968,+
orf245528,chr15_49555,YOL145C,canonical,conserved,Verified,chrXV,49555,52788,-
orf243916,chr15_497506,YOR093C,canonical,conserved,Uncharacterized,chrXV,497506,502452,-
orf223569,chr15_502795,YOR094W,canonical,conserved,Verified,chrXV,502795,503346,+
orf239871,chr15_503261,NA,noncanonical,other,None,chrXV,503261,503398,-
orf239870,chr15_503552,YOR095C,canonical,conserved,Verified,chrXV,503552,504328,-
orf231618,chr15_505593,NA,noncanonical,other,None,chrXV,505593,505673,+
NA,chr15_505794,YOR096W,canonical,conserved,Verified,chrXV,505794,506767,+
orf235697,chr15_506817,NA,noncanonical,denovo,None,chrXV,506817,506969,-
orf239853,chr15_506978,YOR097C,canonical,conserved,Uncharacterized,chrXV,506978,507505,-
orf231624,chr15_507309,NA,noncanonical,other,None,chrXV,507309,507569,+
orf227623,chr15_507722,NA,noncanonical,denovo,None,chrXV,507722,507847,+
orf235694,chr15_507948,YOR098C,canonical,conserved,Verified,chrXV,507948,511178,-
orf223595,chr15_511825,YOR099W,canonical,conserved,Verified,chrXV,511825,513006,+
orf243877,chr15_513295,YOR100C,canonical,conserved,Verified,chrXV,513295,514278,-
orf231648,chr15_515244,YOR101W,canonical,conserved,Verified,chrXV,515244,516173,+
orf231651,chr15_516423,YOR102W,noncanonical,other,Dubious,chrXV,516423,516773,+
orf239816,chr15_516449,YOR103C,canonical,conserved,Verified,chrXV,516449,516850,-
orf243866,chr15_516937,NA,noncanonical,other,None,chrXV,516937,517005,-
orf239815,chr15_517082,NA,noncanonical,denovo,None,chrXV,517082,517150,-
orf239813,chr15_517286,NA,noncanonical,denovo,None,chrXV,517286,517390,-
orf223614,chr15_517642,YOR104W,canonical,conserved,Verified,chrXV,517642,518490,+
orf231658,chr15_518901,NA,noncanonical,denovo,None,chrXV,518901,519050,+
orf223616,chr15_519121,YOR106W,canonical,conserved,Verified,chrXV,519121,519972,+
orf223620,chr15_521353,YOR107W,canonical,conserved,Verified,chrXV,521353,522282,+
orf235653,chr15_521565,NA,noncanonical,other,None,chrXV,521565,521762,-
orf243850,chr15_522205,NA,noncanonical,other,None,chrXV,522205,522330,-
orf237634,chr15_5223,NA,noncanonical,other,None,chrXV,5223,5450,-
orf231669,chr15_522564,NA,noncanonical,denovo,None,chrXV,522564,522668,+
orf223625,chr15_523027,YOR108W,canonical,conserved,Verified,chrXV,523027,524841,+
orf227712,chr15_525278,YOR109W,canonical,conserved,Verified,chrXV,525278,528601,+
orf231697,chr15_528606,NA,noncanonical,denovo,None,chrXV,528606,528701,+
orf227714,chr15_528941,YOR110W,canonical,conserved,Verified,chrXV,528941,530248,+
orf231708,chr15_530232,NA,noncanonical,other,None,chrXV,530232,530429,+
orf227715,chr15_530429,YOR111W,canonical,conserved,Uncharacterized,chrXV,530429,531127,+
orf221898,chr15_53098,YOL144W,canonical,conserved,Verified,chrXV,53098,54552,+
orf231715,chr15_531105,NA,noncanonical,other,None,chrXV,531105,531230,+
orf223643,chr15_531394,NA,noncanonical,denovo,None,chrXV,531394,531504,+
orf223644,chr15_531508,YOR112W,canonical,conserved,Verified,chrXV,531508,533793,+
orf231721,chr15_534075,YOR113W,canonical,conserved,Verified,chrXV,534075,536819,+
orf231726,chr15_537570,YOR114W,canonical,conserved,Uncharacterized,chrXV,537570,538454,+
orf227735,chr15_538619,NA,noncanonical,denovo,None,chrXV,538619,538675,+
orf235584,chr15_538659,YOR115C,canonical,conserved,Verified,chrXV,538659,539465,-
orf235582,chr15_539763,YOR116C,canonical,conserved,Verified,chrXV,539763,544145,-
orf223693,chr15_545029,YOR117W,canonical,conserved,Verified,chrXV,545029,546333,+
orf245521,chr15_54595,YOL143C,canonical,conserved,Verified,chrXV,54595,55104,-
orf227771,chr15_546326,NA,noncanonical,other,None,chrXV,546326,546385,+
orf227774,chr15_546857,YOR118W,canonical,conserved,Verified,chrXV,546857,548560,+
orf235566,chr15_548733,NA,noncanonical,other,None,chrXV,548733,548792,-
orf239670,chr15_548792,YOR119C,canonical,conserved,Verified,chrXV,548792,550246,-
orf235564,chr15_550401,NA,noncanonical,other,None,chrXV,550401,550490,-
orf223711,chr15_550702,NA,noncanonical,denovo,None,chrXV,550702,550848,+
orf227790,chr15_551114,YOR120W,canonical,conserved,Verified,chrXV,551114,552052,+
orf223713,chr15_552115,NA,noncanonical,other,None,chrXV,552115,552165,+
orf243746,chr15_552166,NA,noncanonical,denovo,None,chrXV,552166,552294,-
NA,chr15_552298,YOR122C,canonical,conserved,Verified,chrXV,552298,552887,-
orf235552,chr15_553176,YOR123C,canonical,conserved,Verified,chrXV,553176,554570,-
orf223717,chr15_553201,NA,noncanonical,other,None,chrXV,553201,553446,+
orf243739,chr15_554824,YOR124C,canonical,conserved,Verified,chrXV,554824,558642,-
orf221902,chr15_55558,YOL142W,canonical,conserved,Verified,chrXV,55558,56280,+
orf245699,chr15_5560,NA,noncanonical,other,None,chrXV,5560,5661,-
orf237403,chr15_55806,NA,noncanonical,other,None,chrXV,55806,56120,-
orf243735,chr15_559030,YOR125C,canonical,conserved,Verified,chrXV,559030,559848,-
orf239641,chr15_559961,YOR126C,canonical,conserved,Verified,chrXV,559961,560677,-
orf227830,chr15_561170,YOR127W,canonical,conserved,Verified,chrXV,561170,564193,+
orf239626,chr15_564476,YOR128C,canonical,conserved,Verified,chrXV,564476,566191,-
orf221904,chr15_56452,YOL141W,canonical,conserved,Verified,chrXV,56452,58539,+
orf243696,chr15_566755,NA,noncanonical,other,None,chrXV,566755,566805,-
orf235492,chr15_566877,YOR129C,canonical,conserved,Verified,chrXV,566877,569558,-
orf243687,chr15_569929,YOR130C,canonical,conserved,Verified,chrXV,569929,570807,-
orf235486,chr15_570807,NA,noncanonical,other,None,chrXV,570807,570872,-
orf231865,chr15_571041,NA,noncanonical,denovo,None,chrXV,571041,571226,+
orf227859,chr15_571133,NA,noncanonical,other,None,chrXV,571133,571285,+
orf243677,chr15_572182,YOR131C,canonical,conserved,Verified,chrXV,572182,572838,-
orf235475,chr15_572856,NA,noncanonical,denovo,None,chrXV,572856,573002,-
orf223795,chr15_573175,YOR132W,canonical,conserved,Verified,chrXV,573175,574830,+
orf223796,chr15_575098,YOR133W,canonical,conserved,Verified,chrXV,575098,577626,+
orf237632,chr15_5769,NA,noncanonical,other,None,chrXV,5769,5816,-
orf223798,chr15_577789,NA,noncanonical,denovo,None,chrXV,577789,577848,+
orf243667,chr15_577831,NA,noncanonical,denovo,None,chrXV,577831,577932,-
orf223801,chr15_578197,NA,noncanonical,other,None,chrXV,578197,578268,+
orf227896,chr15_578564,YOR134W,canonical,conserved,Verified,chrXV,578564,579793,+
orf243663,chr15_578956,NA,noncanonical,other,None,chrXV,578956,579090,-
orf243660,chr15_579538,NA,noncanonical,other,None,chrXV,579538,579687,-
orf243655,chr15_580159,YOR135C,noncanonical,other,Dubious,chrXV,580159,580500,-
orf227898,chr15_580250,YOR136W,canonical,conserved,Verified,chrXV,580250,581359,+
orf223808,chr15_581464,NA,noncanonical,denovo,None,chrXV,581464,581547,+
orf239559,chr15_581813,YOR137C,canonical,conserved,Verified,chrXV,581813,583681,-
orf243637,chr15_584125,NA,noncanonical,denovo,None,chrXV,584125,584256,-
orf239557,chr15_584309,YOR138C,canonical,conserved,Verified,chrXV,584309,586324,-
orf231920,chr15_584325,NA,noncanonical,denovo,None,chrXV,584325,584582,+
orf223832,chr15_586981,YOR140W,canonical,conserved,Verified,chrXV,586981,589281,+
orf221905,chr15_58759,YOL140W,canonical,conserved,Verified,chrXV,58759,60030,+
orf223834,chr15_589648,NA,noncanonical,denovo,None,chrXV,589648,589776,+
orf243611,chr15_589942,YOR141C,canonical,conserved,Verified,chrXV,589942,592587,-
orf227941,chr15_593057,YOR142W,canonical,conserved,Verified,chrXV,593057,594046,+
orf231948,chr15_594063,NA,noncanonical,other,None,chrXV,594063,594128,+
orf245697,chr15_5950,NA,noncanonical,other,None,chrXV,5950,6150,-
orf226073,chr15_60050,NA,noncanonical,denovo,None,chrXV,60050,60274,+
orf235350,chr15_601383,YOR143C,canonical,conserved,Verified,chrXV,601383,602342,-
orf239491,chr15_602717,YOR144C,canonical,conserved,Verified,chrXV,602717,605092,-
orf241473,chr15_60383,YOL139C,canonical,conserved,Verified,chrXV,60383,61024,-
orf243543,chr15_605347,YOR145C,canonical,conserved,Verified,chrXV,605347,606171,-
orf227982,chr15_605873,YOR146W,noncanonical,other,Dubious,chrXV,605873,606178,+
orf223907,chr15_606514,YOR147W,canonical,conserved,Verified,chrXV,606514,608475,+
orf225826,chr15_6086,NA,noncanonical,other,None,chrXV,6086,6178,+
orf235323,chr15_608640,YOR148C,canonical,conserved,Verified,chrXV,608640,609197,-
orf243528,chr15_609838,YOR149C,canonical,conserved,Verified,chrXV,609838,611388,-
orf228023,chr15_611999,YOR150W,canonical,conserved,Verified,chrXV,611999,612490,+
orf228024,chr15_612545,NA,noncanonical,other,None,chrXV,612545,612610,+
orf235302,chr15_612759,NA,noncanonical,denovo,None,chrXV,612759,612830,-
orf243523,chr15_612997,YOR151C,canonical,conserved,Verified,chrXV,612997,616671,-
orf241471,chr15_61325,YOL138C,canonical,conserved,Verified,chrXV,61325,65350,-
orf232031,chr15_617130,NA,noncanonical,denovo,None,chrXV,617130,617393,+
orf221716,chr15_6175,YOL164W,canonical,conserved,Verified,chrXV,6175,8115,+
orf243519,chr15_617518,YOR152C,canonical,conserved,Verified,chrXV,617518,618288,-
orf235263,chr15_618489,NA,noncanonical,other,None,chrXV,618489,618611,-
orf223954,chr15_618634,NA,noncanonical,denovo,None,chrXV,618634,618888,+
orf235262,chr15_618645,NA,noncanonical,other,None,chrXV,618645,618740,-
orf232041,chr15_619116,NA,noncanonical,other,None,chrXV,619116,619409,+
orf223958,chr15_619840,YOR153W,canonical,conserved,Verified,chrXV,619840,624375,+
orf232057,chr15_624729,YOR154W,canonical,conserved,Verified,chrXV,624729,626492,+
orf235230,chr15_626628,YOR155C,canonical,conserved,Verified,chrXV,626628,627980,-
orf243484,chr15_628360,YOR156C,canonical,conserved,Verified,chrXV,628360,630540,-
orf235208,chr15_630966,YOR157C,canonical,conserved,Verified,chrXV,630966,631751,-
orf223991,chr15_631477,NA,noncanonical,other,None,chrXV,631477,631725,+
orf223993,chr15_632164,YOR158W,canonical,conserved,Verified,chrXV,632164,633120,+
orf235205,chr15_632865,NA,noncanonical,other,None,chrXV,632865,633035,-
orf232078,chr15_633147,NA,noncanonical,denovo,None,chrXV,633147,633221,+
orf235204,chr15_633282,YOR159C,canonical,conserved,Verified,chrXV,633282,633566,-
orf223994,chr15_633406,NA,noncanonical,other,None,chrXV,633406,633612,+
orf228112,chr15_633839,YOR160W,canonical,conserved,Verified,chrXV,633839,636757,+
orf235187,chr15_636939,YOR161C,canonical,conserved,Verified,chrXV,636939,638558,-
orf224015,chr15_637975,YOR161W-B,noncanonical,other,Dubious,chrXV,637975,638235,+
orf232111,chr15_638430,NA,noncanonical,denovo,None,chrXV,638430,638579,+
orf243464,chr15_638848,NA,noncanonical,denovo,None,chrXV,638848,639006,-
orf243463,chr15_639121,YOR161C-C,canonical,other,Uncharacterized,chrXV,639121,639267,-
orf243460,chr15_639496,NA,noncanonical,other,None,chrXV,639496,639579,-
orf239352,chr15_639560,YOR162C,canonical,conserved,Verified,chrXV,639560,641992,-
orf232127,chr15_642741,YOR163W,canonical,conserved,Verified,chrXV,642741,643307,+
orf239347,chr15_643214,NA,noncanonical,denovo,None,chrXV,643214,643339,-
orf232128,chr15_643338,NA,noncanonical,denovo,None,chrXV,643338,643505,+
orf239346,chr15_643394,YOR164C,canonical,conserved,Verified,chrXV,643394,644332,-
orf224042,chr15_644566,YOR165W,canonical,conserved,Verified,chrXV,644566,646896,+
orf228171,chr15_646898,NA,noncanonical,denovo,None,chrXV,646898,647095,+
orf239338,chr15_647126,YOR166C,canonical,conserved,Verified,chrXV,647126,648502,-
orf235151,chr15_648804,YOR167C,canonical,conserved,Verified,chrXV,648804,649007,-
orf224052,chr15_648850,NA,noncanonical,other,None,chrXV,648850,649035,+
orf224053,chr15_649303,YOR168W,canonical,conserved,Verified,chrXV,649303,651732,+
orf245695,chr15_6511,NA,noncanonical,denovo,None,chrXV,6511,6801,-
orf232152,chr15_651741,NA,noncanonical,denovo,None,chrXV,651741,651803,+
orf239324,chr15_651848,NA,noncanonical,denovo,None,chrXV,651848,651934,-
orf239323,chr15_652010,YOR171C,canonical,conserved,Verified,chrXV,652010,653884,-
orf232163,chr15_654210,YOR172W,canonical,conserved,Verified,chrXV,654210,656570,+
orf226091,chr15_65621,YOL137W,canonical,conserved,Verified,chrXV,65621,67114,+
orf224077,chr15_656857,NA,noncanonical,denovo,None,chrXV,656857,656952,+
orf239313,chr15_657059,NA,noncanonical,other,None,chrXV,657059,657262,-
orf232165,chr15_657132,YOR173W,canonical,conserved,Verified,chrXV,657132,658325,+
orf239310,chr15_657542,NA,noncanonical,other,None,chrXV,657542,657754,-
orf224090,chr15_658747,YOR174W,canonical,conserved,Verified,chrXV,658747,659601,+
orf243344,chr15_659815,YOR175C,canonical,conserved,Verified,chrXV,659815,661674,-
orf235102,chr15_662040,NA,noncanonical,denovo,None,chrXV,662040,662129,-
orf224100,chr15_662194,NA,noncanonical,denovo,None,chrXV,662194,662316,+
orf235100,chr15_662394,NA,noncanonical,other,None,chrXV,662394,662537,-
orf224101,chr15_662401,YOR176W,canonical,conserved,Verified,chrXV,662401,663582,+
orf228248,chr15_664727,NA,noncanonical,other,None,chrXV,664727,664783,+
orf243324,chr15_665230,NA,noncanonical,denovo,None,chrXV,665230,665364,-
orf243321,chr15_665785,YOR177C,canonical,conserved,Verified,chrXV,665785,667179,-
orf243318,chr15_667702,NA,noncanonical,denovo,None,chrXV,667702,667755,-
orf235069,chr15_667860,YOR178C,canonical,conserved,Verified,chrXV,667860,670241,-
orf243314,chr15_670285,NA,noncanonical,denovo,None,chrXV,670285,670329,-
orf235068,chr15_670548,NA,noncanonical,other,None,chrXV,670548,670697,-
orf230040,chr15_67098,NA,noncanonical,other,None,chrXV,67098,67172,+
orf243307,chr15_671845,YOR179C,canonical,conserved,Verified,chrXV,671845,672411,-
orf224135,chr15_672796,NA,noncanonical,other,None,chrXV,672796,672942,+
orf239249,chr15_673058,NA,noncanonical,other,None,chrXV,673058,673225,-
orf237351,chr15_67329,NA,noncanonical,denovo,None,chrXV,67329,67445,-
orf243297,chr15_674092,NA,noncanonical,other,None,chrXV,674092,674160,-
orf235051,chr15_674352,YOR180C,canonical,conserved,Verified,chrXV,674352,675167,-
orf243295,chr15_675415,NA,noncanonical,denovo,None,chrXV,675415,675477,-
orf245453,chr15_67561,YOL136C,canonical,conserved,Verified,chrXV,67561,68754,-
orf232230,chr15_675939,YOR181W,canonical,conserved,Verified,chrXV,675939,677840,+
orf224160,chr15_677890,NA,noncanonical,denovo,None,chrXV,677890,677961,+
NA,chr15_678191,YOR182C,canonical,conserved,Verified,chrXV,678191,678793,-
orf228308,chr15_678872,YOR183W,canonical,denovo,Uncharacterized,chrXV,678872,679261,+
orf224168,chr15_679357,YOR184W,canonical,conserved,Verified,chrXV,679357,680544,+
orf224169,chr15_680557,NA,noncanonical,denovo,None,chrXV,680557,680610,+
orf224172,chr15_680791,NA,noncanonical,other,None,chrXV,680791,680937,+
orf224174,chr15_681019,NA,noncanonical,denovo,None,chrXV,681019,681156,+
orf228318,chr15_681260,NA,noncanonical,denovo,None,chrXV,681260,681394,+
orf235025,chr15_681444,YOR185C,canonical,conserved,Verified,chrXV,681444,682106,-
orf232248,chr15_682827,NA,noncanonical,other,None,chrXV,682827,683111,+
orf228323,chr15_683111,YOR186W,canonical,conserved,Uncharacterized,chrXV,683111,683545,+
orf232252,chr15_684030,YOR187W,canonical,conserved,Verified,chrXV,684030,685343,+
orf228325,chr15_685352,NA,noncanonical,denovo,None,chrXV,685352,685420,+
orf232253,chr15_685767,YOR188W,canonical,conserved,Verified,chrXV,685767,689180,+
orf228338,chr15_689624,YOR189W,canonical,conserved,Verified,chrXV,689624,689974,+
orf239182,chr15_690170,NA,noncanonical,denovo,None,chrXV,690170,690274,-
orf234994,chr15_690480,NA,noncanonical,denovo,None,chrXV,690480,690584,-
orf228343,chr15_690560,NA,noncanonical,denovo,None,chrXV,690560,690670,+
orf228344,chr15_690695,YOR190W,canonical,conserved,Verified,chrXV,690695,692032,+
orf239177,chr15_690986,NA,noncanonical,other,None,chrXV,690986,691129,-
orf243229,chr15_691219,NA,noncanonical,other,None,chrXV,691219,691416,-
orf239175,chr15_691397,NA,noncanonical,other,None,chrXV,691397,691585,-
orf239172,chr15_691886,NA,noncanonical,denovo,None,chrXV,691886,692029,-
orf232278,chr15_692475,YOR191W,canonical,conserved,Verified,chrXV,692475,697334,+
orf245451,chr15_69376,YOL135C,canonical,conserved,Verified,chrXV,69376,70044,-
orf239150,chr15_697913,NA,noncanonical,other,None,chrXV,697913,697996,-
orf234967,chr15_698229,NA,noncanonical,denovo,None,chrXV,698229,698387,-
orf234965,chr15_698688,NA,noncanonical,other,None,chrXV,698688,698768,-
orf239146,chr15_698768,YOR192C,canonical,conserved,Verified,chrXV,698768,700567,-
orf243190,chr15_701413,NA,noncanonical,other,None,chrXV,701413,701532,-
orf239141,chr15_701597,NA,noncanonical,other,None,chrXV,701597,701689,-
orf228363,chr15_701702,NA,noncanonical,denovo,None,chrXV,701702,701842,+
orf224274,chr15_701938,NA,noncanonical,other,None,chrXV,701938,702102,+
orf234957,chr15_702003,NA,noncanonical,other,None,chrXV,702003,702113,-
orf228366,chr15_702068,NA,noncanonical,other,None,chrXV,702068,702127,+
orf228367,chr15_702182,NA,noncanonical,other,None,chrXV,702182,702244,+
orf228370,chr15_702389,NA,noncanonical,other,None,chrXV,702389,702526,+
orf228372,chr15_702686,NA,noncanonical,other,None,chrXV,702686,702805,+
orf224278,chr15_702928,NA,noncanonical,other,None,chrXV,702928,703005,+
orf232312,chr15_703137,NA,noncanonical,other,None,chrXV,703137,703253,+
orf226107,chr15_70325,YOL133W,canonical,conserved,Verified,chrXV,70325,70690,+
orf239129,chr15_703988,YOR192C-C,canonical,conserved,Uncharacterized,chrXV,703988,704224,-
orf243170,chr15_704419,NA,noncanonical,other,None,chrXV,704419,708459,-
orf239118,chr15_708416,YOR192C-A,canonical,conserved,transposable_element_gene,chrXV,708416,709852,-
orf224324,chr15_710446,YOR193W,canonical,conserved,Verified,chrXV,710446,711576,+
orf243155,chr15_711523,NA,noncanonical,denovo,None,chrXV,711523,711654,-
orf239110,chr15_711683,YOR194C,canonical,conserved,Verified,chrXV,711683,712543,-
orf232351,chr15_712032,NA,noncanonical,other,None,chrXV,712032,712370,+
orf228420,chr15_712568,NA,noncanonical,denovo,None,chrXV,712568,712801,+
orf232354,chr15_712866,YOR195W,canonical,conserved,Verified,chrXV,712866,715331,+
orf226110,chr15_71300,YOL132W,canonical,conserved,Verified,chrXV,71300,72715,+
orf224357,chr15_715318,NA,noncanonical,other,None,chrXV,715318,715446,+
orf234888,chr15_715593,YOR196C,canonical,conserved,Verified,chrXV,715593,716837,-
orf228428,chr15_717023,YOR197W,canonical,conserved,Verified,chrXV,717023,718384,+
orf228429,chr15_718391,NA,noncanonical,denovo,None,chrXV,718391,718483,+
orf239087,chr15_718472,NA,noncanonical,denovo,None,chrXV,718472,718585,-
orf234882,chr15_718653,YOR198C,canonical,conserved,Verified,chrXV,718653,720065,-
orf232375,chr15_720417,YOR200W,noncanonical,other,Dubious,chrXV,720417,720815,+
orf239075,chr15_720470,YOR201C,canonical,conserved,Verified,chrXV,720470,721708,-
orf228439,chr15_721946,YOR202W,canonical,conserved,Verified,chrXV,721946,722608,+
orf239071,chr15_722300,NA,noncanonical,other,None,chrXV,722300,722503,-
orf232387,chr15_722565,YOR203W,noncanonical,other,Dubious,chrXV,722565,722918,+
orf224376,chr15_722911,YOR204W,canonical,conserved,Verified,chrXV,722911,724725,+
orf228448,chr15_724991,NA,noncanonical,denovo,None,chrXV,724991,725035,+
orf234868,chr15_725445,NA,noncanonical,other,None,chrXV,725445,725570,-
orf239061,chr15_725564,YOR205C,canonical,conserved,Verified,chrXV,725564,727234,-
orf232401,chr15_727512,YOR206W,canonical,conserved,Verified,chrXV,727512,729644,+
orf234857,chr15_730008,YOR207C,canonical,conserved,Verified,chrXV,730008,733457,-
orf226113,chr15_73031,YOL131W,canonical,conserved,Uncharacterized,chrXV,73031,73357,+
orf228475,chr15_733925,YOR208W,canonical,conserved,Verified,chrXV,733925,736177,+
orf243056,chr15_736255,NA,noncanonical,denovo,None,chrXV,736255,736311,-
orf234843,chr15_736437,YOR209C,canonical,conserved,Verified,chrXV,736437,737726,-
orf228482,chr15_738320,YOR210W,canonical,conserved,Verified,chrXV,738320,738532,+
orf228483,chr15_738545,NA,noncanonical,denovo,None,chrXV,738545,738685,+
orf234838,chr15_738924,YOR211C,canonical,conserved,Verified,chrXV,738924,741632,-
orf238981,chr15_741947,NA,noncanonical,denovo,None,chrXV,741947,742099,-
orf228496,chr15_742910,YOR212W,canonical,conserved,Verified,chrXV,742910,744181,+
orf230078,chr15_74400,YOL130W,canonical,conserved,Verified,chrXV,74400,76979,+
orf234828,chr15_744423,NA,noncanonical,denovo,None,chrXV,744423,744494,-
orf232477,chr15_744522,NA,noncanonical,denovo,None,chrXV,744522,744614,+
orf243036,chr15_744535,YOR213C,canonical,conserved,Verified,chrXV,744535,745281,-
orf234819,chr15_745593,YOR214C,canonical,conserved,Verified,chrXV,745593,746303,-
orf238963,chr15_746606,NA,noncanonical,other,None,chrXV,746606,746647,-
orf243034,chr15_746725,YOR215C,canonical,conserved,Verified,chrXV,746725,747282,-
orf234813,chr15_747525,YOR216C,canonical,conserved,Verified,chrXV,747525,748979,-
orf232494,chr15_749301,YOR217W,canonical,conserved,Verified,chrXV,749301,751886,+
orf234799,chr15_751995,NA,noncanonical,denovo,None,chrXV,751995,752093,-
orf234796,chr15_752214,YOR219C,canonical,conserved,Verified,chrXV,752214,755009,-
orf232507,chr15_755328,YOR220W,canonical,conserved,Verified,chrXV,755328,756125,+
orf232508,chr15_756207,NA,noncanonical,denovo,None,chrXV,756207,756308,+
orf238905,chr15_756476,YOR221C,canonical,conserved,Verified,chrXV,756476,757558,-
orf224511,chr15_757882,NA,noncanonical,denovo,None,chrXV,757882,757959,+
orf228549,chr15_758330,YOR222W,canonical,conserved,Verified,chrXV,758330,759253,+
orf242990,chr15_758911,NA,noncanonical,other,None,chrXV,758911,759114,-
orf228551,chr15_759782,YOR223W,canonical,conserved,Verified,chrXV,759782,760660,+
orf242983,chr15_760825,YOR224C,canonical,conserved,Verified,chrXV,760825,761265,-
orf238891,chr15_761537,NA,noncanonical,denovo,None,chrXV,761537,761593,-
orf242980,chr15_761614,YOR226C,canonical,conserved,Verified,chrXV,761614,762084,-
orf238890,chr15_762176,NA,noncanonical,denovo,None,chrXV,762176,762391,-
orf232538,chr15_762474,NA,noncanonical,other,None,chrXV,762474,762557,+
orf242977,chr15_762646,NA,noncanonical,denovo,None,chrXV,762646,762864,-
orf232540,chr15_762825,YOR227W,canonical,conserved,Verified,chrXV,762825,766565,+
orf242957,chr15_766636,NA,noncanonical,denovo,None,chrXV,766636,766743,-
orf234752,chr15_766869,YOR228C,canonical,conserved,Verified,chrXV,766869,767777,-
orf234751,chr15_767979,NA,noncanonical,denovo,None,chrXV,767979,768212,-
orf224561,chr15_768409,YOR229W,canonical,conserved,Verified,chrXV,768409,769812,+
orf228580,chr15_770195,NA,noncanonical,denovo,None,chrXV,770195,770278,+
orf232553,chr15_770295,NA,noncanonical,other,None,chrXV,770295,770471,+
orf238865,chr15_770426,NA,noncanonical,denovo,None,chrXV,770426,770545,-
orf224564,chr15_770800,YOR230W,canonical,conserved,Verified,chrXV,770800,772113,+
orf232557,chr15_772119,NA,noncanonical,denovo,None,chrXV,772119,772232,+
orf228594,chr15_772601,YOR231W,canonical,conserved,Verified,chrXV,772601,774127,+
orf224569,chr15_774151,NA,noncanonical,denovo,None,chrXV,774151,774228,+
orf232575,chr15_774573,YOR232W,canonical,conserved,Verified,chrXV,774573,775259,+
orf234716,chr15_775188,NA,noncanonical,denovo,None,chrXV,775188,775448,-
orf221994,chr15_77560,YOL129W,canonical,conserved,Verified,chrXV,77560,78114,+
orf224578,chr15_775846,YOR233W,canonical,conserved,Verified,chrXV,775846,778248,+
orf237304,chr15_77727,NA,noncanonical,other,None,chrXV,77727,77963,-
orf224579,chr15_778366,NA,noncanonical,denovo,None,chrXV,778366,778518,+
NA,chr15_778555,YOR234C,canonical,conserved,Verified,chrXV,778555,779405,-
orf228626,chr15_779870,YOR235W,canonical,other,Uncharacterized,chrXV,779870,780184,+
orf224586,chr15_780346,NA,noncanonical,denovo,None,chrXV,780346,780402,+
orf242901,chr15_780418,NA,noncanonical,other,None,chrXV,780418,780531,-
orf238830,chr15_780854,NA,noncanonical,other,None,chrXV,780854,781138,-
orf232589,chr15_780906,YOR236W,canonical,conserved,Verified,chrXV,780906,781541,+
orf241422,chr15_78116,NA,noncanonical,denovo,None,chrXV,78116,78235,-
orf228632,chr15_781538,NA,noncanonical,other,None,chrXV,781538,781654,+
orf228633,chr15_781994,YOR237W,canonical,conserved,Verified,chrXV,781994,783298,+
orf237302,chr15_78216,NA,noncanonical,denovo,None,chrXV,78216,78311,-
orf245412,chr15_78352,YOL128C,canonical,conserved,Verified,chrXV,78352,79479,-
orf228636,chr15_783668,YOR238W,canonical,conserved,Uncharacterized,chrXV,783668,784588,+
NA,chr15_784857,YOR239W,canonical,conserved,Verified,chrXV,784857,786744,+
orf228643,chr15_786995,YOR241W,canonical,conserved,Verified,chrXV,786995,788641,+
orf234648,chr15_788742,YOR242C,canonical,conserved,Verified,chrXV,788742,789857,-
orf238792,chr15_790211,YOR243C,canonical,conserved,Verified,chrXV,790211,792241,-
orf232637,chr15_792531,YOR244W,canonical,conserved,Verified,chrXV,792531,793868,+
orf242837,chr15_793960,NA,noncanonical,denovo,None,chrXV,793960,794073,-
orf234640,chr15_794076,YOR245C,canonical,conserved,Verified,chrXV,794076,795332,-
orf241418,chr15_79472,NA,noncanonical,other,None,chrXV,79472,79552,-
orf234638,chr15_795801,YOR246C,canonical,conserved,Verified,chrXV,795801,796793,-
orf238776,chr15_796787,NA,noncanonical,other,None,chrXV,796787,796990,-
orf232653,chr15_797676,YOR247W,canonical,conserved,Verified,chrXV,797676,798308,+
orf234634,chr15_798318,NA,noncanonical,denovo,None,chrXV,798318,798485,-
orf224659,chr15_798478,NA,noncanonical,other,None,chrXV,798478,798513,+
orf232655,chr15_798585,NA,noncanonical,denovo,None,chrXV,798585,798686,+
orf238772,chr15_798674,YOR249C,canonical,conserved,Verified,chrXV,798674,800731,-
orf234627,chr15_800970,YOR250C,canonical,conserved,Verified,chrXV,800970,802307,-
orf238762,chr15_802550,YOR251C,canonical,conserved,Verified,chrXV,802550,803464,-
NA,chr15_80348,YOL127W,canonical,conserved,Verified,chrXV,80348,81190,+
orf232673,chr15_803667,YOR252W,canonical,conserved,Verified,chrXV,803667,804203,+
orf234622,chr15_804324,NA,noncanonical,denovo,None,chrXV,804324,804398,-
orf228693,chr15_804377,YOR253W,canonical,conserved,Verified,chrXV,804377,804907,+
orf228694,chr15_804911,NA,noncanonical,denovo,None,chrXV,804911,805003,+
orf234619,chr15_805032,YOR254C,canonical,conserved,Verified,chrXV,805032,807023,-
orf224699,chr15_807271,YOR255W,canonical,conserved,Verified,chrXV,807271,808107,+
orf234612,chr15_808254,YOR256C,canonical,conserved,Verified,chrXV,808254,810683,-
orf232704,chr15_811008,YOR257W,canonical,conserved,Verified,chrXV,811008,811493,+
orf232707,chr15_811671,YOR258W,canonical,conserved,Verified,chrXV,811671,812324,+
orf242769,chr15_812395,YOR259C,canonical,conserved,Verified,chrXV,812395,813708,-
orf232711,chr15_813984,YOR260W,canonical,conserved,Verified,chrXV,813984,815720,+
orf229813,chr15_8154,NA,noncanonical,other,None,chrXV,8154,8252,+
orf238702,chr15_815915,YOR261C,canonical,conserved,Verified,chrXV,815915,816931,-
orf245402,chr15_81706,NA,noncanonical,denovo,None,chrXV,81706,81762,-
orf228753,chr15_817292,YOR262W,canonical,conserved,Verified,chrXV,817292,818335,+
orf245401,chr15_81787,YOL126C,canonical,conserved,Verified,chrXV,81787,83058,-
orf224745,chr15_818866,YOR264W,canonical,conserved,Verified,chrXV,818866,820158,+
orf228768,chr15_820454,YOR265W,canonical,conserved,Verified,chrXV,820454,820774,+
orf232741,chr15_820881,NA,noncanonical,other,None,chrXV,820881,820970,+
orf224750,chr15_821023,YOR266W,canonical,conserved,Verified,chrXV,821023,822294,+
orf234562,chr15_821139,NA,noncanonical,other,None,chrXV,821139,821330,-
orf234558,chr15_822588,YOR267C,canonical,conserved,Verified,chrXV,822588,824867,-
orf228788,chr15_826385,YOR269W,canonical,conserved,Verified,chrXV,826385,827869,+
orf242723,chr15_828052,YOR270C,canonical,conserved,Verified,chrXV,828052,830574,-
orf238636,chr15_831059,YOR271C,canonical,conserved,Uncharacterized,chrXV,831059,832042,-
orf238633,chr15_832388,NA,noncanonical,other,None,chrXV,832388,832486,-
orf224781,chr15_832813,YOR272W,canonical,conserved,Verified,chrXV,832813,834195,+
orf234520,chr15_834159,NA,noncanonical,denovo,None,chrXV,834159,834311,-
orf238624,chr15_834452,YOR273C,canonical,conserved,Verified,chrXV,834452,836431,-
orf238623,chr15_836552,NA,noncanonical,denovo,None,chrXV,836552,836662,-
orf238620,chr15_836915,NA,noncanonical,other,None,chrXV,836915,836962,-
orf242696,chr15_836983,NA,noncanonical,denovo,None,chrXV,836983,837057,-
orf238618,chr15_837107,NA,noncanonical,denovo,None,chrXV,837107,837343,-
orf232809,chr15_837240,NA,noncanonical,denovo,None,chrXV,837240,837359,+
orf228830,chr15_837398,NA,noncanonical,other,None,chrXV,837398,837436,+
orf242693,chr15_837529,NA,noncanonical,denovo,None,chrXV,837529,837675,-
orf228833,chr15_837674,YOR274W,canonical,conserved,Verified,chrXV,837674,838960,+
orf222021,chr15_83788,NA,noncanonical,other,None,chrXV,83788,83847,+
orf238615,chr15_837911,NA,noncanonical,other,None,chrXV,837911,838012,-
orf226162,chr15_83834,YOL125W,canonical,conserved,Verified,chrXV,83834,85264,+
orf238612,chr15_839084,YOR275C,canonical,conserved,Verified,chrXV,839084,841069,-
orf224811,chr15_841333,YOR276W,canonical,conserved,Verified,chrXV,841333,841818,+
orf242668,chr15_841378,NA,noncanonical,other,None,chrXV,841378,841518,-
orf232831,chr15_841977,NA,noncanonical,other,None,chrXV,841977,842066,+
orf224813,chr15_842434,NA,noncanonical,other,None,chrXV,842434,842469,+
orf228843,chr15_842477,NA,noncanonical,other,None,chrXV,842477,842560,+
orf232835,chr15_842817,YOR278W,canonical,conserved,Verified,chrXV,842817,843644,+
orf238596,chr15_843470,NA,noncanonical,other,None,chrXV,843470,843658,-
orf238595,chr15_843698,YOR279C,canonical,conserved,Verified,chrXV,843698,844630,-
orf234487,chr15_844992,YOR280C,canonical,conserved,Verified,chrXV,844992,845792,-
orf238584,chr15_846269,YOR281C,canonical,conserved,Verified,chrXV,846269,847129,-
orf224837,chr15_847453,YOR283W,canonical,conserved,Verified,chrXV,847453,848145,+
orf232852,chr15_848478,YOR284W,canonical,conserved,Verified,chrXV,848478,849209,+
orf242629,chr15_849259,NA,noncanonical,denovo,None,chrXV,849259,849381,-
orf228868,chr15_849635,YOR285W,canonical,conserved,Verified,chrXV,849635,850054,+
orf238576,chr15_849692,NA,noncanonical,denovo,None,chrXV,849692,849802,-
orf224849,chr15_850072,NA,noncanonical,other,None,chrXV,850072,850218,+
orf228870,chr15_850280,YOR286W,canonical,conserved,Verified,chrXV,850280,850729,+
orf232861,chr15_850869,NA,noncanonical,other,None,chrXV,850869,850931,+
orf238572,chr15_850937,YOR287C,canonical,conserved,Verified,chrXV,850937,851839,-
orf242619,chr15_852121,YOR288C,canonical,conserved,Verified,chrXV,852121,853077,-
orf237273,chr15_85272,NA,noncanonical,denovo,None,chrXV,85272,85454,-
orf224860,chr15_853357,YOR289W,canonical,conserved,Uncharacterized,chrXV,853357,854112,+
orf234454,chr15_853623,NA,noncanonical,other,None,chrXV,853623,853826,-
orf245393,chr15_85456,YOL124C,canonical,conserved,Verified,chrXV,85456,86757,-
orf228887,chr15_854711,NA,noncanonical,other,None,chrXV,854711,854806,+
orf234450,chr15_855147,YOR290C,canonical,conserved,Verified,chrXV,855147,860258,-
orf224887,chr15_861175,YOR291W,canonical,conserved,Verified,chrXV,861175,865593,+
orf234432,chr15_865653,YOR292C,canonical,conserved,Uncharacterized,chrXV,865653,866582,-
NA,chr15_867098,YOR293W,canonical,conserved,Verified,chrXV,867098,867852,+
orf232923,chr15_867927,NA,noncanonical,other,None,chrXV,867927,867971,+
orf228948,chr15_868340,YOR294W,canonical,conserved,Verified,chrXV,868340,868951,+
orf238492,chr15_869099,NA,noncanonical,other,None,chrXV,869099,869209,-
orf232931,chr15_869208,YOR295W,canonical,conserved,Verified,chrXV,869208,869894,+
orf224910,chr15_870202,YOR296W,canonical,conserved,Uncharacterized,chrXV,870202,874071,+
orf242556,chr15_874498,NA,noncanonical,denovo,None,chrXV,874498,874599,-
orf232947,chr15_874713,NA,noncanonical,denovo,None,chrXV,874713,874958,+
orf234392,chr15_874743,YOR297C,canonical,conserved,Verified,chrXV,874743,875321,-
orf224920,chr15_875374,NA,noncanonical,denovo,None,chrXV,875374,875484,+
orf224921,chr15_875599,YOR298W,canonical,conserved,Verified,chrXV,875599,877038,+
orf238457,chr15_876740,NA,noncanonical,other,None,chrXV,876740,876937,-
orf234382,chr15_876921,NA,noncanonical,denovo,None,chrXV,876921,877052,-
orf238456,chr15_877049,NA,noncanonical,other,None,chrXV,877049,877147,-
orf242547,chr15_877144,NA,noncanonical,other,None,chrXV,877144,877233,-
orf234379,chr15_877230,YOR298C-A,canonical,conserved,Verified,chrXV,877230,877685,-
orf228997,chr15_878435,YOR299W,canonical,conserved,Verified,chrXV,878435,880675,+
orf222031,chr15_87844,YOL123W,canonical,conserved,Verified,chrXV,87844,89448,+
orf242535,chr15_879862,NA,noncanonical,other,None,chrXV,879862,880515,-
orf232974,chr15_880965,YOR301W,canonical,conserved,Verified,chrXV,880965,882272,+
orf232975,chr15_882765,YOR302W,canonical,conserved,Verified,chrXV,882765,882842,+
orf229002,chr15_882899,YOR303W,canonical,conserved,Verified,chrXV,882899,884134,+
orf232986,chr15_884514,YOR304W,canonical,conserved,Verified,chrXV,884514,887876,+
orf229816,chr15_8883,NA,noncanonical,other,None,chrXV,8883,8930,+
orf242497,chr15_888391,NA,noncanonical,denovo,None,chrXV,888391,888501,-
orf242496,chr15_888520,YOR304C-A,canonical,conserved,Verified,chrXV,888520,888750,-
orf229017,chr15_889022,YOR305W,canonical,conserved,Verified,chrXV,889022,889750,+
orf242488,chr15_889867,YOR306C,canonical,conserved,Verified,chrXV,889867,891432,-
orf242487,chr15_891535,NA,noncanonical,denovo,None,chrXV,891535,891591,-
orf238407,chr15_891815,NA,noncanonical,other,None,chrXV,891815,891940,-
orf238406,chr15_891968,NA,noncanonical,denovo,None,chrXV,891968,892108,-
orf238405,chr15_892139,NA,noncanonical,denovo,None,chrXV,892139,892201,-
orf229028,chr15_892253,NA,noncanonical,denovo,None,chrXV,892253,892402,+
orf234316,chr15_892731,YOR307C,canonical,conserved,Verified,chrXV,892731,894092,-
orf225002,chr15_893701,NA,noncanonical,other,None,chrXV,893701,893946,+
orf234315,chr15_894624,YOR308C,canonical,conserved,Verified,chrXV,894624,896387,-
orf245386,chr15_89575,NA,noncanonical,denovo,None,chrXV,89575,89637,-
orf238377,chr15_896825,YOR310C,canonical,conserved,Verified,chrXV,896825,898360,-
orf245385,chr15_89692,YOL122C,canonical,conserved,Verified,chrXV,89692,91419,-
orf242465,chr15_899056,YOR311C,canonical,conserved,Verified,chrXV,899056,899928,-
NA,chr15_900250,YOR312C,canonical,conserved,Verified,chrXV,900250,901194,-
orf242457,chr15_901858,YOR313C,canonical,conserved,Verified,chrXV,901858,902874,-
orf234284,chr15_903072,NA,noncanonical,denovo,None,chrXV,903072,903248,-
orf229077,chr15_904760,YOR315W,canonical,conserved,Verified,chrXV,904760,905800,+
orf233068,chr15_905886,NA,noncanonical,denovo,None,chrXV,905886,906140,+
orf238357,chr15_906236,YOR316C,canonical,conserved,Verified,chrXV,906236,907555,-
orf226189,chr15_90731,NA,noncanonical,other,None,chrXV,90731,91102,+
orf238356,chr15_907601,NA,noncanonical,other,None,chrXV,907601,907726,-
orf242438,chr15_907726,YOR316C-A,canonical,denovo,Uncharacterized,chrXV,907726,907935,-
orf233075,chr15_908064,NA,noncanonical,denovo,None,chrXV,908064,908192,+
orf242435,chr15_908755,NA,noncanonical,denovo,None,chrXV,908755,908820,-
orf234268,chr15_908955,NA,noncanonical,denovo,None,chrXV,908955,909044,-
orf225057,chr15_909343,YOR317W,canonical,conserved,Verified,chrXV,909343,911445,+
orf221717,chr15_9106,NA,noncanonical,other,None,chrXV,9106,9249,+
orf242423,chr15_911311,NA,noncanonical,denovo,None,chrXV,911311,911481,-
orf229112,chr15_911537,NA,noncanonical,denovo,None,chrXV,911537,911626,+
orf233090,chr15_912660,NA,noncanonical,denovo,None,chrXV,912660,912758,+
orf233091,chr15_912822,YOR319W,canonical,conserved,Verified,chrXV,912822,913463,+
orf242414,chr15_913474,NA,noncanonical,denovo,None,chrXV,913474,913536,-
orf238335,chr15_913619,YOR320C,canonical,conserved,Verified,chrXV,913619,915094,-
orf238334,chr15_915125,NA,noncanonical,denovo,None,chrXV,915125,915217,-
orf225082,chr15_916030,YOR321W,canonical,conserved,Verified,chrXV,916030,918291,+
orf242392,chr15_918463,NA,noncanonical,denovo,None,chrXV,918463,918507,-
orf234232,chr15_918606,YOR322C,canonical,conserved,Verified,chrXV,918606,921062,-
NA,chr15_92026,YOL121C,canonical,conserved,Verified,chrXV,92026,92850,-
orf242383,chr15_921535,YOR323C,canonical,conserved,Verified,chrXV,921535,922905,-
orf229161,chr15_922409,NA,noncanonical,other,None,chrXV,922409,922807,+
orf234219,chr15_923232,YOR324C,canonical,conserved,Verified,chrXV,923232,925040,-
orf225103,chr15_924577,YOR325W,noncanonical,denovo,Dubious,chrXV,924577,925050,+
orf229177,chr15_925721,YOR326W,canonical,conserved,Verified,chrXV,925721,930445,+
orf221718,chr15_9298,NA,noncanonical,other,None,chrXV,9298,9360,+
orf233178,chr15_930564,NA,noncanonical,denovo,None,chrXV,930564,930650,+
orf242361,chr15_930625,NA,noncanonical,denovo,None,chrXV,930625,930717,-
orf238269,chr15_930734,YOR327C,canonical,conserved,Verified,chrXV,930734,931081,-
orf233183,chr15_931803,YOR328W,canonical,conserved,Verified,chrXV,931803,936497,+
orf245378,chr15_93244,NA,noncanonical,denovo,None,chrXV,93244,93384,-
NA,chr15_93395,YOL120C,canonical,conserved,Verified,chrXV,93395,94402,-
orf238243,chr15_936731,YOR329C,canonical,conserved,Verified,chrXV,936731,939349,-
orf221719,chr15_9379,NA,noncanonical,other,None,chrXV,9379,9480,+
orf234171,chr15_939621,YOR330C,canonical,conserved,Verified,chrXV,939621,943463,-
orf233212,chr15_943656,YOR332W,canonical,conserved,Verified,chrXV,943656,944357,+
orf234169,chr15_944541,YOR333C,noncanonical,other,Dubious,chrXV,944541,944957,-
orf225183,chr15_944596,YOR334W,canonical,conserved,Verified,chrXV,944596,946008,+
orf234161,chr15_946173,NA,noncanonical,other,None,chrXV,946173,946208,-
orf234160,chr15_946233,YOR335C,canonical,conserved,Verified,chrXV,946233,949109,-
orf241365,chr15_94856,YOL119C,canonical,conserved,Verified,chrXV,94856,96361,-
orf233229,chr15_949773,YOR336W,canonical,conserved,Verified,chrXV,949773,953870,+
orf229260,chr15_954344,YOR337W,canonical,conserved,Verified,chrXV,954344,956623,+
orf233249,chr15_956898,YOR338W,canonical,conserved,Uncharacterized,chrXV,956898,957989,+
orf225246,chr15_958063,NA,noncanonical,other,None,chrXV,958063,958116,+
orf229263,chr15_958103,NA,noncanonical,denovo,None,chrXV,958103,958156,+
orf234122,chr15_958362,YOR339C,canonical,conserved,Verified,chrXV,958362,958832,-
orf229264,chr15_958484,NA,noncanonical,other,None,chrXV,958484,958609,+
orf234120,chr15_959202,YOR340C,canonical,conserved,Verified,chrXV,959202,960182,-
orf229817,chr15_9597,YOL163W,canonical,conserved,Uncharacterized,chrXV,9597,10106,+
orf233256,chr15_960987,YOR341W,canonical,conserved,Verified,chrXV,960987,965981,+
orf237219,chr15_96531,NA,noncanonical,other,None,chrXV,96531,96668,-
orf233257,chr15_966069,NA,noncanonical,denovo,None,chrXV,966069,966197,+
orf241363,chr15_96608,YOL118C,canonical,denovo,Uncharacterized,chrXV,96608,96916,-
orf242229,chr15_966538,NA,noncanonical,denovo,None,chrXV,966538,966606,-
orf226209,chr15_96656,NA,noncanonical,denovo,None,chrXV,96656,96823,+
orf238103,chr15_966560,NA,noncanonical,denovo,None,chrXV,966560,966640,-
orf234087,chr15_966666,YOR342C,canonical,conserved,Verified,chrXV,966666,967625,-
orf238094,chr15_967667,NA,noncanonical,denovo,None,chrXV,967667,967903,-
orf234086,chr15_967848,NA,noncanonical,other,None,chrXV,967848,967931,-
orf229290,chr15_968075,NA,noncanonical,denovo,None,chrXV,968075,968302,+
orf234084,chr15_968148,YOR343C,canonical,denovo,Uncharacterized,chrXV,968148,968474,-
orf225309,chr15_968509,NA,noncanonical,other,None,chrXV,968509,968688,+
orf242220,chr15_968704,NA,noncanonical,other,None,chrXV,968704,968775,-
orf233273,chr15_969057,NA,noncanonical,other,None,chrXV,969057,969104,+
orf229294,chr15_969392,NA,noncanonical,other,None,chrXV,969392,969511,+
orf225310,chr15_969508,NA,noncanonical,other,None,chrXV,969508,969612,+
orf238085,chr15_969572,NA,noncanonical,other,None,chrXV,969572,969637,-
orf234078,chr15_969768,NA,noncanonical,other,None,chrXV,969768,969896,-
orf229298,chr15_969992,NA,noncanonical,other,None,chrXV,969992,970102,+
orf225312,chr15_970105,NA,noncanonical,other,None,chrXV,970105,970266,+
orf230147,chr15_97014,NA,noncanonical,other,None,chrXV,97014,97076,+
orf233280,chr15_970578,YOR343W-A,canonical,conserved,transposable_element_gene,chrXV,970578,971894,+
orf230148,chr15_97182,NA,noncanonical,denovo,None,chrXV,97182,97274,+
orf225323,chr15_971851,NA,noncanonical,other,None,chrXV,971851,975891,+
orf230150,chr15_97368,NA,noncanonical,denovo,None,chrXV,97368,97481,+
orf230151,chr15_97551,YOL117W,canonical,conserved,Verified,chrXV,97551,99488,+
orf242180,chr15_976630,NA,noncanonical,denovo,None,chrXV,976630,976743,-
orf238051,chr15_976787,NA,noncanonical,other,None,chrXV,976787,976843,-
orf242179,chr15_976861,NA,noncanonical,denovo,None,chrXV,976861,976974,-
orf233296,chr15_976947,NA,noncanonical,denovo,None,chrXV,976947,977129,+
orf242177,chr15_977194,YOR344C,canonical,conserved,Verified,chrXV,977194,978069,-
orf233302,chr15_978480,NA,noncanonical,denovo,None,chrXV,978480,978608,+
orf225335,chr15_978859,NA,noncanonical,other,None,chrXV,978859,978909,+
orf233307,chr15_979293,NA,noncanonical,other,None,chrXV,979293,979346,+
orf229355,chr15_979547,NA,noncanonical,denovo,None,chrXV,979547,979621,+
orf233309,chr15_979731,NA,noncanonical,other,None,chrXV,979731,979793,+
orf229360,chr15_980681,NA,noncanonical,other,None,chrXV,980681,980809,+
orf238034,chr15_981236,NA,noncanonical,other,None,chrXV,981236,981271,-
orf238033,chr15_981371,NA,noncanonical,other,None,chrXV,981371,981427,-
orf233323,chr15_981828,YOR346W,canonical,conserved,Verified,chrXV,981828,984785,+
orf234015,chr15_984942,YOR347C,canonical,conserved,Verified,chrXV,984942,986462,-
orf238004,chr15_986633,NA,noncanonical,denovo,None,chrXV,986633,986788,-
orf242145,chr15_986794,NA,noncanonical,other,None,chrXV,986794,986829,-
orf242144,chr15_986899,YOR348C,canonical,conserved,Verified,chrXV,986899,988782,-
orf229386,chr15_988934,NA,noncanonical,denovo,None,chrXV,988934,989041,+
orf233995,chr15_989010,NA,noncanonical,denovo,None,chrXV,989010,989279,-
orf229389,chr15_989609,NA,noncanonical,denovo,None,chrXV,989609,989707,+
orf229390,chr15_989789,YOR349W,canonical,conserved,Verified,chrXV,989789,992833,+
orf237984,chr15_992864,YOR350C,canonical,conserved,Verified,chrXV,992864,994855,-
orf237982,chr15_995018,YOR351C,canonical,conserved,Verified,chrXV,995018,996511,-
orf230152,chr15_99669,NA,noncanonical,other,None,chrXV,99669,99731,+
orf225414,chr15_997213,YOR352W,canonical,conserved,Verified,chrXV,997213,998244,+
orf226217,chr15_99809,YOL116W,canonical,conserved,Verified,chrXV,99809,100957,+
orf237972,chr15_998453,YOR353C,canonical,conserved,Verified,chrXV,998453,1000828,-
orf246069,chr16_100138,NA,noncanonical,denovo,None,chrXVI,100138,100233,+
orf249529,chr16_100496,YPL237W,canonical,conserved,Verified,chrXVI,100496,101353,+
orf259295,chr16_101608,YPL236C,canonical,conserved,Verified,chrXVI,101608,102702,-
orf266345,chr16_102755,NA,noncanonical,denovo,None,chrXVI,102755,102814,-
orf249537,chr16_103232,YPL235W,canonical,conserved,Verified,chrXVI,103232,104647,+
orf262763,chr16_104946,YPL234C,canonical,conserved,Verified,chrXVI,104946,105440,-
orf246083,chr16_105229,NA,noncanonical,other,None,chrXVI,105229,105522,+
orf253144,chr16_105969,NA,noncanonical,other,None,chrXVI,105969,106067,+
orf249541,chr16_106172,YPL233W,canonical,conserved,Verified,chrXVI,106172,106822,+
orf246086,chr16_106858,NA,noncanonical,denovo,None,chrXVI,106858,106923,+
orf246087,chr16_106978,NA,noncanonical,denovo,None,chrXVI,106978,107022,+
orf246088,chr16_107275,YPL232W,canonical,conserved,Verified,chrXVI,107275,108147,+
orf246090,chr16_108652,YPL231W,canonical,conserved,Verified,chrXVI,108652,114315,+
orf253159,chr16_115014,NA,noncanonical,other,None,chrXVI,115014,115214,+
orf246093,chr16_115312,YPL230W,canonical,conserved,Verified,chrXVI,115312,116487,+
orf259253,chr16_115393,NA,noncanonical,other,None,chrXVI,115393,115614,-
orf249591,chr16_116906,NA,noncanonical,other,None,chrXVI,116906,117070,+
orf246095,chr16_117067,YPL229W,canonical,conserved,Uncharacterized,chrXVI,117067,117687,+
orf249597,chr16_118382,YPL228W,canonical,conserved,Verified,chrXVI,118382,120031,+
orf245768,chr16_11887,YPL280W,canonical,conserved,Verified,chrXVI,11887,12600,+
orf259237,chr16_120163,YPL227C,canonical,conserved,Verified,chrXVI,120163,121167,-
orf259235,chr16_121309,NA,noncanonical,other,None,chrXVI,121309,121392,-
orf253192,chr16_121767,YPL226W,canonical,conserved,Verified,chrXVI,121767,125357,+
orf253194,chr16_126006,YPL225W,canonical,conserved,Verified,chrXVI,126006,126446,+
orf259211,chr16_126634,YPL224C,canonical,conserved,Verified,chrXVI,126634,128088,-
orf262668,chr16_128568,NA,noncanonical,other,None,chrXVI,128568,128672,-
orf259207,chr16_128632,YPL223C,canonical,conserved,Verified,chrXVI,128632,129138,-
orf246159,chr16_129028,NA,noncanonical,other,None,chrXVI,129028,129126,+
orf259206,chr16_129256,NA,noncanonical,denovo,None,chrXVI,129256,129348,-
orf266258,chr16_129422,NA,noncanonical,denovo,None,chrXVI,129422,129577,-
orf259203,chr16_129613,NA,noncanonical,denovo,None,chrXVI,129613,129750,-
orf246163,chr16_130162,YPL222W,canonical,conserved,Uncharacterized,chrXVI,130162,132228,+
orf266247,chr16_131870,YPL222C-A,noncanonical,other,Dubious,chrXVI,131870,132115,-
orf259617,chr16_13228,YPL279C,canonical,conserved,Verified,chrXVI,13228,14355,-
orf249650,chr16_133043,YPL221W,canonical,conserved,Verified,chrXVI,133043,135424,+
orf259181,chr16_134947,NA,noncanonical,denovo,None,chrXVI,134947,135402,-
orf253228,chr16_135516,NA,noncanonical,denovo,None,chrXVI,135516,135641,+
orf246172,chr16_135790,YPL220W,canonical,conserved,Verified,chrXVI,135790,136443,+
orf246173,chr16_136750,YPL219W,canonical,conserved,Verified,chrXVI,136750,138228,+
orf253233,chr16_138432,NA,noncanonical,denovo,None,chrXVI,138432,138689,+
NA,chr16_138698,YPL218W,canonical,conserved,Verified,chrXVI,138698,139409,+
orf249675,chr16_139388,NA,noncanonical,other,None,chrXVI,139388,139450,+
orf262622,chr16_139620,YPL217C,canonical,conserved,Verified,chrXVI,139620,143171,-
orf246193,chr16_143821,YPL216W,canonical,conserved,Uncharacterized,chrXVI,143821,147129,+
orf262614,chr16_145527,NA,noncanonical,denovo,None,chrXVI,145527,145685,-
orf266186,chr16_146483,NA,noncanonical,other,None,chrXVI,146483,146596,-
orf259157,chr16_146593,NA,noncanonical,denovo,None,chrXVI,146593,146736,-
orf249723,chr16_147416,YPL215W,canonical,conserved,Verified,chrXVI,147416,148423,+
orf262603,chr16_148569,YPL214C,canonical,conserved,Verified,chrXVI,148569,150191,-
orf246198,chr16_148813,NA,noncanonical,other,None,chrXVI,148813,149121,+
orf266666,chr16_15053,YPL278C,canonical,conserved,Uncharacterized,chrXVI,15053,15355,-
orf249735,chr16_150614,YPL213W,canonical,conserved,Verified,chrXVI,150614,151330,+
orf262596,chr16_151515,YPL212C,canonical,conserved,Verified,chrXVI,151515,153149,-
orf253286,chr16_153495,YPL211W,canonical,conserved,Verified,chrXVI,153495,154040,+
orf263139,chr16_15405,YPL277C,canonical,conserved,Uncharacterized,chrXVI,15405,16868,-
orf259131,chr16_154180,NA,noncanonical,denovo,None,chrXVI,154180,154254,-
orf262587,chr16_154290,YPL210C,canonical,conserved,Verified,chrXVI,154290,156230,-
orf259127,chr16_156490,YPL209C,canonical,conserved,Verified,chrXVI,156490,157593,-
orf253302,chr16_157842,YPL208W,canonical,conserved,Verified,chrXVI,157842,159593,+
orf253305,chr16_159909,YPL207W,canonical,conserved,Verified,chrXVI,159909,162341,+
orf266108,chr16_162632,YPL206C,canonical,conserved,Verified,chrXVI,162632,163597,-
orf249781,chr16_164276,YPL204W,canonical,conserved,Verified,chrXVI,164276,165760,+
orf249783,chr16_166256,YPL203W,canonical,conserved,Verified,chrXVI,166256,167398,+
orf253336,chr16_167349,NA,noncanonical,other,None,chrXVI,167349,167645,+
orf259075,chr16_168088,YPL202C,canonical,conserved,Verified,chrXVI,168088,169338,-
orf249788,chr16_168467,NA,noncanonical,other,None,chrXVI,168467,168871,+
orf262535,chr16_169770,YPL201C,canonical,conserved,Verified,chrXVI,169770,171155,-
orf246305,chr16_171484,YPL200W,canonical,conserved,Verified,chrXVI,171484,171954,+
orf259071,chr16_172033,YPL199C,canonical,conserved,Uncharacterized,chrXVI,172033,172755,-
NA,chr16_173152,YPL198W,canonical,conserved,Verified,chrXVI,173152,174702,+
orf249810,chr16_175043,YPL196W,canonical,conserved,Verified,chrXVI,175043,175864,+
orf253370,chr16_176223,YPL195W,canonical,conserved,Verified,chrXVI,176223,179021,+
orf253373,chr16_179277,YPL194W,canonical,conserved,Verified,chrXVI,179277,181115,+
orf249821,chr16_181403,YPL193W,canonical,conserved,Verified,chrXVI,181403,182548,+
orf246372,chr16_182572,NA,noncanonical,denovo,None,chrXVI,182572,182652,+
orf262488,chr16_182655,YPL192C,canonical,conserved,Verified,chrXVI,182655,183056,-
orf262487,chr16_183438,NA,noncanonical,denovo,None,chrXVI,183438,183485,-
orf259041,chr16_183499,NA,noncanonical,other,None,chrXVI,183499,183555,-
orf262486,chr16_183597,YPL191C,canonical,conserved,Verified,chrXVI,183597,184679,-
orf259039,chr16_184777,NA,noncanonical,denovo,None,chrXVI,184777,184977,-
orf262485,chr16_184953,NA,noncanonical,other,None,chrXVI,184953,185075,-
orf259038,chr16_185317,YPL190C,canonical,conserved,Verified,chrXVI,185317,187725,-
orf246391,chr16_187444,NA,noncanonical,denovo,None,chrXVI,187444,187629,+
orf259036,chr16_188062,NA,noncanonical,other,None,chrXVI,188062,188115,-
orf262466,chr16_188307,YPL189C-A,canonical,conserved,Verified,chrXVI,188307,188513,-
orf246396,chr16_189154,YPL189W,canonical,conserved,Verified,chrXVI,189154,190983,+
orf253425,chr16_191406,YPL188W,canonical,conserved,Verified,chrXVI,191406,192650,+
orf246409,chr16_192643,NA,noncanonical,other,None,chrXVI,192643,192708,+
orf249869,chr16_192782,NA,noncanonical,other,None,chrXVI,192782,192868,+
orf246413,chr16_193648,YPL187W,canonical,conserved,Verified,chrXVI,193648,194145,+
orf259001,chr16_194512,YPL186C,canonical,conserved,Verified,chrXVI,194512,195426,-
orf246418,chr16_195253,YPL185W,noncanonical,denovo,Dubious,chrXVI,195253,195648,+
orf266639,chr16_19556,NA,noncanonical,other,None,chrXVI,19556,19690,-
orf265978,chr16_195950,YPL184C,canonical,conserved,Verified,chrXVI,195950,197788,-
orf262419,chr16_198402,NA,noncanonical,denovo,None,chrXVI,198402,198548,-
orf262418,chr16_198585,NA,noncanonical,denovo,None,chrXVI,198585,198767,-
orf249889,chr16_198590,NA,noncanonical,denovo,None,chrXVI,198590,198739,+
orf253444,chr16_199095,YPL183W-A,canonical,conserved,Verified,chrXVI,199095,199376,+
orf253445,chr16_199473,NA,noncanonical,other,None,chrXVI,199473,199574,+
orf258980,chr16_199495,YPL183C,canonical,conserved,Verified,chrXVI,199495,202536,-
orf249209,chr16_20222,NA,noncanonical,other,None,chrXVI,20222,20383,+
orf265960,chr16_203306,YPL182C,noncanonical,denovo,Dubious,chrXVI,203306,203689,-
orf253464,chr16_203421,YPL181W,canonical,conserved,Verified,chrXVI,203421,204941,+
orf249210,chr16_20387,NA,noncanonical,other,None,chrXVI,20387,20476,+
orf246460,chr16_204928,NA,noncanonical,other,None,chrXVI,204928,205170,+
orf253466,chr16_205248,YPL180W,canonical,conserved,Verified,chrXVI,205248,207647,+
orf249916,chr16_208157,YPL179W,canonical,conserved,Verified,chrXVI,208157,209806,+
orf246487,chr16_209983,NA,noncanonical,other,None,chrXVI,209983,210057,+
orf266637,chr16_21056,NA,noncanonical,other,None,chrXVI,21056,21139,-
orf262344,chr16_210957,NA,noncanonical,other,None,chrXVI,210957,211130,-
orf246492,chr16_211054,NA,noncanonical,other,None,chrXVI,211054,211212,+
orf246502,chr16_212158,YPL178W,canonical,conserved,Verified,chrXVI,212158,212784,+
orf266636,chr16_21239,NA,noncanonical,other,None,chrXVI,21239,21301,-
orf265924,chr16_212948,NA,noncanonical,denovo,None,chrXVI,212948,213031,-
orf262339,chr16_213042,YPL177C,canonical,conserved,Verified,chrXVI,213042,213962,-
orf265919,chr16_213959,NA,noncanonical,other,None,chrXVI,213959,213997,-
orf266635,chr16_21449,NA,noncanonical,other,None,chrXVI,21449,21544,-
orf245797,chr16_21550,NA,noncanonical,other,None,chrXVI,21550,21690,+
orf249947,chr16_215501,NA,noncanonical,denovo,None,chrXVI,215501,215572,+
orf253496,chr16_215745,NA,noncanonical,denovo,None,chrXVI,215745,215837,+
orf246511,chr16_215821,NA,noncanonical,denovo,None,chrXVI,215821,215910,+
orf262331,chr16_216012,YPL176C,canonical,conserved,Verified,chrXVI,216012,218363,-
orf266634,chr16_21758,NA,noncanonical,other,None,chrXVI,21758,21817,-
NA,chr16_218630,YPL175W,canonical,conserved,Verified,chrXVI,218630,220088,+
orf262321,chr16_220167,YPL174C,canonical,conserved,Verified,chrXVI,220167,222773,-
orf249218,chr16_22157,NA,noncanonical,other,None,chrXVI,22157,22276,+
orf253520,chr16_223143,YPL173W,canonical,conserved,Verified,chrXVI,223143,224036,+
orf258906,chr16_224353,YPL172C,canonical,conserved,Verified,chrXVI,224353,225741,-
orf258904,chr16_226093,NA,noncanonical,denovo,None,chrXVI,226093,226164,-
orf265852,chr16_226169,YPL171C,canonical,conserved,Verified,chrXVI,226169,227371,-
orf249999,chr16_228314,YPL170W,canonical,conserved,Verified,chrXVI,228314,228772,+
orf265846,chr16_228986,NA,noncanonical,other,None,chrXVI,228986,229039,-
orf258887,chr16_229039,YPL169C,canonical,conserved,Verified,chrXVI,229039,230838,-
orf252823,chr16_22938,YPL274W,canonical,conserved,Verified,chrXVI,22938,24701,+
orf246570,chr16_231217,YPL168W,canonical,conserved,Uncharacterized,chrXVI,231217,232509,+
orf262279,chr16_231303,NA,noncanonical,other,None,chrXVI,231303,231644,-
orf265839,chr16_232427,NA,noncanonical,other,None,chrXVI,232427,232603,-
orf262274,chr16_232593,YPL167C,canonical,conserved,Verified,chrXVI,232593,237107,-
orf250036,chr16_237338,YPL166W,canonical,conserved,Verified,chrXVI,237338,237979,+
orf265801,chr16_237956,YPL165C,canonical,conserved,Verified,chrXVI,237956,239077,-
orf258852,chr16_239350,YPL164C,canonical,conserved,Verified,chrXVI,239350,241497,-
orf265793,chr16_241694,NA,noncanonical,other,None,chrXVI,241694,241729,-
orf258850,chr16_241918,YPL163C,canonical,conserved,Verified,chrXVI,241918,242700,-
orf262241,chr16_242739,NA,noncanonical,other,None,chrXVI,242739,242789,-
orf265789,chr16_243206,YPL162C,canonical,conserved,Uncharacterized,chrXVI,243206,244027,-
orf253605,chr16_243231,NA,noncanonical,denovo,None,chrXVI,243231,243431,+
orf253606,chr16_243546,NA,noncanonical,other,None,chrXVI,243546,243626,+
orf253607,chr16_243639,NA,noncanonical,other,None,chrXVI,243639,243755,+
orf265786,chr16_244319,YPL161C,canonical,conserved,Verified,chrXVI,244319,246220,-
orf253625,chr16_246990,YPL160W,canonical,conserved,Verified,chrXVI,246990,250262,+
orf249225,chr16_24824,NA,noncanonical,other,None,chrXVI,24824,24880,+
orf253626,chr16_250455,NA,noncanonical,other,None,chrXVI,250455,250538,+
orf262217,chr16_250776,NA,noncanonical,other,None,chrXVI,250776,250910,-
orf245817,chr16_25087,YPL273W,canonical,conserved,Verified,chrXVI,25087,26064,+
orf265766,chr16_250907,YPL159C,canonical,conserved,Verified,chrXVI,250907,251668,-
orf250078,chr16_251393,NA,noncanonical,other,None,chrXVI,251393,251545,+
orf258800,chr16_252034,YPL158C,canonical,conserved,Verified,chrXVI,252034,254310,-
orf250089,chr16_254303,NA,noncanonical,denovo,None,chrXVI,254303,254464,+
orf253648,chr16_254814,YPL157W,canonical,conserved,Verified,chrXVI,254814,255761,+
orf265761,chr16_254918,NA,noncanonical,other,None,chrXVI,254918,255163,-
orf262199,chr16_255543,NA,noncanonical,denovo,None,chrXVI,255543,255830,-
orf246672,chr16_255754,NA,noncanonical,other,None,chrXVI,255754,255813,+
orf253649,chr16_255810,NA,noncanonical,other,None,chrXVI,255810,255866,+
orf258792,chr16_255913,YPL156C,canonical,conserved,Verified,chrXVI,255913,256767,-
orf250096,chr16_255929,NA,noncanonical,other,None,chrXVI,255929,256003,+
orf265755,chr16_257216,YPL155C,canonical,conserved,Verified,chrXVI,257216,259336,-
orf258774,chr16_259714,YPL154C,canonical,conserved,Verified,chrXVI,259714,260931,-
orf258771,chr16_261727,YPL153C,canonical,conserved,Verified,chrXVI,261727,264192,-
orf265747,chr16_264317,NA,noncanonical,denovo,None,chrXVI,264317,264538,-
orf250133,chr16_264932,NA,noncanonical,denovo,None,chrXVI,264932,265021,+
orf250134,chr16_265028,YPL152W,canonical,conserved,Verified,chrXVI,265028,266104,+
orf265737,chr16_265826,NA,noncanonical,other,None,chrXVI,265826,266008,-
orf259563,chr16_26611,YPL272C,canonical,conserved,Uncharacterized,chrXVI,26611,28164,-
orf265735,chr16_266180,YPL151C,canonical,conserved,Verified,chrXVI,266180,267535,-
orf246718,chr16_267739,NA,noncanonical,other,None,chrXVI,267739,267858,+
orf253706,chr16_268188,YPL150W,canonical,conserved,Uncharacterized,chrXVI,268188,270893,+
orf250155,chr16_271310,YPL149W,canonical,conserved,Verified,chrXVI,271310,272194,+
orf265722,chr16_272294,YPL148C,canonical,conserved,Verified,chrXVI,272294,272827,-
orf253718,chr16_273255,YPL147W,canonical,conserved,Verified,chrXVI,273255,275867,+
orf262126,chr16_276162,YPL146C,canonical,conserved,Verified,chrXVI,276162,277529,-
orf262124,chr16_277821,NA,noncanonical,other,None,chrXVI,277821,277901,-
orf258705,chr16_277945,NA,noncanonical,denovo,None,chrXVI,277945,278025,-
orf258704,chr16_278113,NA,noncanonical,denovo,None,chrXVI,278113,278295,-
orf258703,chr16_278395,YPL145C,canonical,conserved,Verified,chrXVI,278395,279699,-
orf253743,chr16_280419,NA,noncanonical,other,None,chrXVI,280419,280499,+
orf246785,chr16_280480,YPL144W,canonical,conserved,Verified,chrXVI,280480,280926,+
orf265686,chr16_281249,NA,noncanonical,denovo,None,chrXVI,281249,281305,-
NA,chr16_282122,YPL143W,canonical,conserved,Verified,chrXVI,282122,282970,+
orf262101,chr16_283338,NA,noncanonical,denovo,None,chrXVI,283338,283421,-
orf262100,chr16_283464,YPL141C,canonical,conserved,Verified,chrXVI,283464,286061,-
orf253775,chr16_286584,NA,noncanonical,denovo,None,chrXVI,286584,286766,+
orf262094,chr16_287514,YPL140C,canonical,conserved,Verified,chrXVI,287514,289034,-
orf258672,chr16_289669,YPL139C,canonical,conserved,Verified,chrXVI,289669,291051,-
orf262083,chr16_291366,YPL138C,canonical,conserved,Verified,chrXVI,291366,292427,-
orf262081,chr16_292677,NA,noncanonical,denovo,None,chrXVI,292677,292790,-
orf265623,chr16_292817,YPL137C,canonical,conserved,Verified,chrXVI,292817,296647,-
orf259558,chr16_29296,NA,noncanonical,denovo,None,chrXVI,29296,29403,-
orf253814,chr16_296286,YPL136W,noncanonical,other,Dubious,chrXVI,296286,296654,+
orf262074,chr16_296919,NA,noncanonical,denovo,None,chrXVI,296919,297038,-
orf246855,chr16_297037,NA,noncanonical,denovo,None,chrXVI,297037,297105,+
orf253819,chr16_297126,NA,noncanonical,other,None,chrXVI,297126,297293,+
orf250264,chr16_297401,NA,noncanonical,denovo,None,chrXVI,297401,297490,+
orf246858,chr16_297553,YPL135W,canonical,conserved,Verified,chrXVI,297553,298050,+
orf253824,chr16_298344,NA,noncanonical,denovo,None,chrXVI,298344,298397,+
orf262065,chr16_298467,NA,noncanonical,other,None,chrXVI,298467,298574,-
orf265614,chr16_298571,YPL134C,canonical,conserved,Verified,chrXVI,298571,299503,-
orf265613,chr16_299888,YPL133C,canonical,conserved,Verified,chrXVI,299888,301228,-
orf245838,chr16_30079,YPL271W,canonical,conserved,Verified,chrXVI,30079,30267,+
orf253837,chr16_301716,YPL132W,canonical,conserved,Verified,chrXVI,301716,302618,+
orf246883,chr16_303121,YPL131W,canonical,conserved,Verified,chrXVI,303121,304014,+
orf249248,chr16_30341,YPL270W,canonical,conserved,Verified,chrXVI,30341,32803,+
orf259554,chr16_30349,NA,noncanonical,denovo,None,chrXVI,30349,30729,-
orf258600,chr16_303799,NA,noncanonical,other,None,chrXVI,303799,304035,-
orf246885,chr16_304387,YPL130W,canonical,conserved,Verified,chrXVI,304387,305058,+
NA,chr16_305298,YPL129W,canonical,conserved,Verified,chrXVI,305298,306137,+
orf262042,chr16_306105,NA,noncanonical,other,None,chrXVI,306105,306266,-
orf265594,chr16_306533,YPL128C,canonical,conserved,Verified,chrXVI,306533,308221,-
orf265592,chr16_308738,NA,noncanonical,other,None,chrXVI,308738,308806,-
orf253859,chr16_308760,NA,noncanonical,denovo,None,chrXVI,308760,308942,+
orf265591,chr16_308828,YPL127C,canonical,conserved,Verified,chrXVI,308828,309604,-
orf246907,chr16_310210,YPL126W,canonical,conserved,Verified,chrXVI,310210,312900,+
orf250328,chr16_313388,YPL125W,canonical,conserved,Verified,chrXVI,313388,316486,+
orf253895,chr16_316755,YPL124W,canonical,conserved,Verified,chrXVI,316755,317516,+
orf258543,chr16_317641,YPL123C,canonical,conserved,Verified,chrXVI,317641,318945,-
orf265560,chr16_319226,YPL122C,canonical,conserved,Verified,chrXVI,319226,320767,-
orf258528,chr16_320962,YPL121C,canonical,conserved,Verified,chrXVI,320962,321630,-
orf253912,chr16_322071,YPL120W,canonical,conserved,Verified,chrXVI,322071,323744,+
orf261981,chr16_324024,YPL119C-A,canonical,denovo,Uncharacterized,chrXVI,324024,324287,-
orf261980,chr16_324411,YPL119C,canonical,conserved,Verified,chrXVI,324411,326264,-
orf253923,chr16_326628,YPL118W,canonical,conserved,Verified,chrXVI,326628,327662,+
orf261974,chr16_327864,YPL117C,canonical,conserved,Verified,chrXVI,327864,328730,-
orf250373,chr16_329606,YPL116W,canonical,conserved,Verified,chrXVI,329606,331699,+
orf245841,chr16_33013,YPL269W,canonical,conserved,Verified,chrXVI,33013,34947,+
orf258487,chr16_331867,NA,noncanonical,other,None,chrXVI,331867,331932,-
orf261956,chr16_332100,YPL115C,canonical,conserved,Verified,chrXVI,332100,335486,-
orf250399,chr16_335948,YPL114W,noncanonical,other,Dubious,chrXVI,335948,336367,+
orf258478,chr16_335953,YPL113C,canonical,conserved,Verified,chrXVI,335953,337143,-
orf247014,chr16_336958,NA,noncanonical,denovo,None,chrXVI,336958,337134,+
orf253980,chr16_337401,NA,noncanonical,denovo,None,chrXVI,337401,337607,+
orf265455,chr16_337436,YPL112C,canonical,conserved,Verified,chrXVI,337436,338620,-
orf250412,chr16_339944,YPL111W,canonical,conserved,Verified,chrXVI,339944,340945,+
orf258458,chr16_341068,YPL110C,canonical,conserved,Verified,chrXVI,341068,344739,-
NA,chr16_345264,YPL109C,canonical,conserved,Uncharacterized,chrXVI,345264,347389,-
orf261893,chr16_347364,NA,noncanonical,other,None,chrXVI,347364,347492,-
orf258444,chr16_347908,NA,noncanonical,denovo,None,chrXVI,347908,347991,-
orf258443,chr16_348019,NA,noncanonical,other,None,chrXVI,348019,348084,-
orf250438,chr16_348446,YPL108W,canonical,conserved,Uncharacterized,chrXVI,348446,348952,+
orf265429,chr16_348560,NA,noncanonical,other,None,chrXVI,348560,348799,-
orf254034,chr16_349119,YPL107W,canonical,conserved,Uncharacterized,chrXVI,349119,349865,+
orf250441,chr16_349937,NA,noncanonical,denovo,None,chrXVI,349937,350083,+
orf258438,chr16_350194,YPL106C,canonical,conserved,Verified,chrXVI,350194,352275,-
orf245844,chr16_35236,YPL268W,canonical,conserved,Verified,chrXVI,35236,37845,+
orf247072,chr16_352786,NA,noncanonical,denovo,None,chrXVI,352786,352899,+
orf261869,chr16_352863,YPL105C,canonical,conserved,Verified,chrXVI,352863,355412,-
orf250477,chr16_355700,YPL104W,canonical,conserved,Verified,chrXVI,355700,357676,+
orf258420,chr16_358000,YPL103C,canonical,conserved,Verified,chrXVI,358000,359406,-
orf250485,chr16_360209,YPL101W,canonical,conserved,Verified,chrXVI,360209,361579,+
orf254087,chr16_361872,YPL100W,canonical,conserved,Verified,chrXVI,361872,363362,+
orf258405,chr16_363520,YPL099C,canonical,conserved,Verified,chrXVI,363520,364068,-
orf250493,chr16_363734,NA,noncanonical,other,None,chrXVI,363734,363994,+
orf250494,chr16_364010,NA,noncanonical,other,None,chrXVI,364010,364123,+
orf250495,chr16_364151,NA,noncanonical,denovo,None,chrXVI,364151,364237,+
orf261822,chr16_364386,YPL098C,canonical,conserved,Verified,chrXVI,364386,364727,-
orf261821,chr16_364734,NA,noncanonical,denovo,None,chrXVI,364734,364943,-
orf250498,chr16_364952,YPL097W,canonical,conserved,Verified,chrXVI,364952,366430,+
orf258399,chr16_366427,NA,noncanonical,other,None,chrXVI,366427,366471,-
orf258398,chr16_366529,YPL096C-A,canonical,conserved,Verified,chrXVI,366529,366735,-
orf265360,chr16_366740,NA,noncanonical,denovo,None,chrXVI,366740,367006,-
orf254100,chr16_366927,YPL096W,canonical,conserved,Verified,chrXVI,366927,368018,+
orf247143,chr16_368008,NA,noncanonical,other,None,chrXVI,368008,368076,+
orf258392,chr16_368071,YPL095C,canonical,conserved,Verified,chrXVI,368071,369441,-
orf247149,chr16_369307,NA,noncanonical,denovo,None,chrXVI,369307,369444,+
orf261794,chr16_369609,NA,noncanonical,denovo,None,chrXVI,369609,369785,-
orf258391,chr16_369790,NA,noncanonical,other,None,chrXVI,369790,369861,-
orf265354,chr16_369839,YPL094C,canonical,conserved,Verified,chrXVI,369839,370690,-
orf247155,chr16_370978,YPL093W,canonical,conserved,Verified,chrXVI,370978,372921,+
orf258371,chr16_373153,NA,noncanonical,denovo,None,chrXVI,373153,373227,-
orf250535,chr16_373793,YPL092W,canonical,conserved,Verified,chrXVI,373793,375169,+
orf258361,chr16_374839,NA,noncanonical,other,None,chrXVI,374839,375117,-
orf254127,chr16_375420,NA,noncanonical,other,None,chrXVI,375420,375488,+
orf247162,chr16_375502,YPL091W,canonical,conserved,Verified,chrXVI,375502,376953,+
orf258349,chr16_376759,NA,noncanonical,denovo,None,chrXVI,376759,377055,-
NA,chr16_377291,YPL090C,canonical,conserved,Verified,chrXVI,377291,378395,-
orf258339,chr16_379120,YPL089C,canonical,conserved,Verified,chrXVI,379120,381150,-
orf254148,chr16_381666,NA,noncanonical,other,None,chrXVI,381666,381734,+
orf252877,chr16_38169,YPL267W,canonical,conserved,Verified,chrXVI,38169,38798,+
orf250563,chr16_381965,YPL088W,canonical,conserved,Uncharacterized,chrXVI,381965,382993,+
orf247185,chr16_383005,NA,noncanonical,denovo,None,chrXVI,383005,383082,+
orf247188,chr16_383455,YPL087W,canonical,conserved,Verified,chrXVI,383455,384408,+
orf247189,chr16_384448,NA,noncanonical,other,None,chrXVI,384448,384528,+
orf265310,chr16_384773,YPL086C,canonical,conserved,Verified,chrXVI,384773,386446,-
orf247203,chr16_387067,YPL085W,canonical,conserved,Verified,chrXVI,387067,393654,+
orf245855,chr16_39121,YPL266W,canonical,conserved,Verified,chrXVI,39121,40077,+
orf254176,chr16_394038,YPL084W,canonical,conserved,Verified,chrXVI,394038,396572,+
orf250636,chr16_396623,NA,noncanonical,denovo,None,chrXVI,396623,396745,+
orf261682,chr16_396702,YPL083C,canonical,conserved,Verified,chrXVI,396702,398105,-
orf265260,chr16_398480,YPL082C,canonical,conserved,Verified,chrXVI,398480,404083,-
orf263043,chr16_40449,NA,noncanonical,denovo,None,chrXVI,40449,40652,-
NA,chr16_404950,YPL081W,canonical,conserved,Verified,chrXVI,404950,406044,+
NA,chr16_406636,YPL079W,canonical,conserved,Verified,chrXVI,406636,407539,+
orf259515,chr16_40747,NA,noncanonical,other,None,chrXVI,40747,40818,-
orf265245,chr16_407906,NA,noncanonical,denovo,None,chrXVI,407906,407986,-
orf258202,chr16_408010,YPL078C,canonical,conserved,Verified,chrXVI,408010,408744,-
orf258200,chr16_409027,NA,noncanonical,denovo,None,chrXVI,409027,409281,-
orf261647,chr16_409368,YPL077C,canonical,conserved,Uncharacterized,chrXVI,409368,410090,-
orf254234,chr16_410391,NA,noncanonical,other,None,chrXVI,410391,410498,+
orf252883,chr16_41043,YPL265W,canonical,conserved,Verified,chrXVI,41043,42869,+
orf247272,chr16_410443,YPL076W,canonical,conserved,Verified,chrXVI,410443,411285,+
orf261642,chr16_410676,NA,noncanonical,other,None,chrXVI,410676,410900,-
orf247273,chr16_411421,NA,noncanonical,denovo,None,chrXVI,411421,411693,+
NA,chr16_412254,YPL075W,canonical,conserved,Verified,chrXVI,412254,415362,+
orf250720,chr16_415763,YPL074W,canonical,conserved,Verified,chrXVI,415763,418027,+
orf266542,chr16_41609,NA,noncanonical,other,None,chrXVI,41609,41746,-
orf247285,chr16_418387,NA,noncanonical,denovo,None,chrXVI,418387,418449,+
orf254262,chr16_418512,YPL072W,canonical,conserved,Verified,chrXVI,418512,420011,+
orf258170,chr16_419941,NA,noncanonical,other,None,chrXVI,419941,420024,-
orf261609,chr16_420048,YPL071C,canonical,conserved,Uncharacterized,chrXVI,420048,420518,-
orf254267,chr16_420948,YPL070W,canonical,conserved,Verified,chrXVI,420948,422786,+
orf265190,chr16_422885,YPL069C,canonical,conserved,Verified,chrXVI,422885,423892,-
orf265188,chr16_424142,NA,noncanonical,other,None,chrXVI,424142,424222,-
orf261601,chr16_424215,YPL068C,canonical,conserved,Uncharacterized,chrXVI,424215,425096,-
orf258144,chr16_425251,YPL067C,canonical,conserved,Uncharacterized,chrXVI,425251,425847,-
orf247323,chr16_425710,NA,noncanonical,denovo,None,chrXVI,425710,425868,+
orf250742,chr16_426233,YPL066W,canonical,conserved,Verified,chrXVI,426233,427672,+
orf259507,chr16_42742,NA,noncanonical,other,None,chrXVI,42742,42915,-
orf254286,chr16_427686,NA,noncanonical,other,None,chrXVI,427686,427727,+
orf247330,chr16_427927,YPL065W,canonical,conserved,Verified,chrXVI,427927,428655,+
orf265176,chr16_428711,YPL064C,canonical,conserved,Verified,chrXVI,428711,429616,-
orf254292,chr16_429939,YPL063W,canonical,conserved,Verified,chrXVI,429939,431369,+
orf265168,chr16_431525,NA,noncanonical,denovo,None,chrXVI,431525,431614,-
orf254295,chr16_431895,YPL062W,canonical,denovo,Uncharacterized,chrXVI,431895,432299,+
orf254296,chr16_432588,YPL061W,canonical,conserved,Verified,chrXVI,432588,434090,+
orf266529,chr16_43283,YPL264C,canonical,conserved,Uncharacterized,chrXVI,43283,44344,-
orf265161,chr16_433088,NA,noncanonical,other,None,chrXVI,433088,433447,-
orf250760,chr16_434090,NA,noncanonical,other,None,chrXVI,434090,434164,+
orf254298,chr16_434523,YPL060W,canonical,conserved,Verified,chrXVI,434523,435764,+
orf254304,chr16_436419,NA,noncanonical,other,None,chrXVI,436419,436547,+
orf261541,chr16_443175,NA,noncanonical,other,None,chrXVI,443175,443303,-
orf258057,chr16_443347,NA,noncanonical,other,None,chrXVI,443347,443430,-
orf261540,chr16_443589,NA,noncanonical,other,None,chrXVI,443589,443657,-
orf265097,chr16_443981,NA,noncanonical,other,None,chrXVI,443981,444061,-
orf261537,chr16_444111,NA,noncanonical,other,None,chrXVI,444111,444248,-
orf254333,chr16_444579,YPL059W,canonical,conserved,Verified,chrXVI,444579,445031,+
orf258050,chr16_444937,NA,noncanonical,other,None,chrXVI,444937,445113,-
orf254335,chr16_445158,NA,noncanonical,denovo,None,chrXVI,445158,445238,+
orf258049,chr16_445198,NA,noncanonical,other,None,chrXVI,445198,445290,-
orf258048,chr16_445300,NA,noncanonical,denovo,None,chrXVI,445300,445449,-
orf259499,chr16_44551,YPL263C,canonical,conserved,Verified,chrXVI,44551,46506,-
orf261532,chr16_445842,YPL058C,canonical,conserved,Verified,chrXVI,445842,450377,-
orf265055,chr16_450641,NA,noncanonical,other,None,chrXVI,450641,450796,-
orf261529,chr16_451053,NA,noncanonical,denovo,None,chrXVI,451053,451145,-
orf254354,chr16_451377,NA,noncanonical,denovo,None,chrXVI,451377,451454,+
orf258031,chr16_451564,NA,noncanonical,denovo,None,chrXVI,451564,451632,-
orf258030,chr16_451813,NA,noncanonical,denovo,None,chrXVI,451813,451899,-
orf258029,chr16_451909,YPL057C,canonical,conserved,Verified,chrXVI,451909,453057,-
orf258027,chr16_453244,NA,noncanonical,denovo,None,chrXVI,453244,453321,-
orf258026,chr16_453430,YPL056C,canonical,denovo,Uncharacterized,chrXVI,453430,453735,-
orf250837,chr16_453563,NA,noncanonical,denovo,None,chrXVI,453563,453760,+
orf265048,chr16_453992,YPL055C,canonical,conserved,Verified,chrXVI,453992,454990,-
orf247449,chr16_454009,NA,noncanonical,other,None,chrXVI,454009,454095,+
orf247452,chr16_454789,NA,noncanonical,other,None,chrXVI,454789,455064,+
orf261509,chr16_455742,NA,noncanonical,other,None,chrXVI,455742,455846,-
orf250846,chr16_455759,YPL054W,canonical,conserved,Verified,chrXVI,455759,456664,+
orf265038,chr16_457040,NA,noncanonical,denovo,None,chrXVI,457040,457105,-
orf265037,chr16_457118,YPL053C,canonical,conserved,Verified,chrXVI,457118,458458,-
NA,chr16_458799,YPL052W,canonical,conserved,Verified,chrXVI,458799,459678,+
orf254384,chr16_459963,YPL051W,canonical,conserved,Verified,chrXVI,459963,460559,+
orf261487,chr16_460779,YPL050C,canonical,conserved,Verified,chrXVI,460779,461966,-
orf257984,chr16_462481,YPL049C,canonical,conserved,Verified,chrXVI,462481,463839,-
orf247488,chr16_464401,YPL048W,canonical,conserved,Verified,chrXVI,464401,465648,+
orf254400,chr16_465690,NA,noncanonical,denovo,None,chrXVI,465690,465863,+
orf250894,chr16_465962,YPL047W,canonical,conserved,Verified,chrXVI,465962,466261,+
orf266521,chr16_46634,NA,noncanonical,denovo,None,chrXVI,46634,46882,-
orf261466,chr16_466533,NA,noncanonical,denovo,None,chrXVI,466533,466592,-
orf261465,chr16_466644,YPL046C,canonical,conserved,Verified,chrXVI,466644,466943,-
orf247494,chr16_467260,YPL045W,canonical,conserved,Verified,chrXVI,467260,469656,+
orf252899,chr16_46884,NA,noncanonical,denovo,None,chrXVI,46884,47057,+
orf261454,chr16_469926,YPL044C,noncanonical,denovo,Dubious,chrXVI,469926,470474,-
orf247496,chr16_469939,YPL043W,canonical,conserved,Verified,chrXVI,469939,471996,+
orf263018,chr16_47091,NA,noncanonical,denovo,None,chrXVI,47091,47204,-
orf261445,chr16_473040,YPL042C,canonical,conserved,Verified,chrXVI,473040,474707,-
orf249317,chr16_47336,YPL262W,canonical,conserved,Verified,chrXVI,47336,48802,+
orf264966,chr16_475118,YPL041C,canonical,conserved,Uncharacterized,chrXVI,475118,475741,-
orf257944,chr16_475993,YPL040C,canonical,conserved,Verified,chrXVI,475993,479001,-
orf250968,chr16_479225,YPL039W,canonical,conserved,Uncharacterized,chrXVI,479225,480175,+
orf250969,chr16_480182,YPL038W-A,canonical,other,Uncharacterized,chrXVI,480182,480373,+
orf247532,chr16_480535,YPL038W,canonical,conserved,Verified,chrXVI,480535,481068,+
orf257932,chr16_480709,NA,noncanonical,denovo,None,chrXVI,480709,480873,-
orf250976,chr16_481049,NA,noncanonical,other,None,chrXVI,481049,481126,+
orf261408,chr16_481071,NA,noncanonical,denovo,None,chrXVI,481071,481196,-
orf261406,chr16_481428,YPL037C,canonical,conserved,Verified,chrXVI,481428,481901,-
orf261404,chr16_482214,NA,noncanonical,denovo,None,chrXVI,482214,482285,-
orf247539,chr16_482374,NA,noncanonical,denovo,None,chrXVI,482374,482481,+
orf250981,chr16_482528,NA,noncanonical,denovo,None,chrXVI,482528,482635,+
orf247541,chr16_482653,NA,noncanonical,denovo,None,chrXVI,482653,482730,+
orf261403,chr16_482691,NA,noncanonical,denovo,None,chrXVI,482691,482789,-
orf250982,chr16_482843,YPL036W,canonical,conserved,Verified,chrXVI,482843,485686,+
orf264929,chr16_485879,NA,noncanonical,denovo,None,chrXVI,485879,486031,-
orf250984,chr16_486002,NA,noncanonical,denovo,None,chrXVI,486002,486124,+
orf254485,chr16_486411,NA,noncanonical,other,None,chrXVI,486411,486473,+
orf261387,chr16_486564,YPL035C,noncanonical,other,Dubious,chrXVI,486564,486911,-
orf247551,chr16_486712,YPL034W,canonical,conserved,Uncharacterized,chrXVI,486712,487209,+
orf254490,chr16_487317,NA,noncanonical,denovo,None,chrXVI,487317,487412,+
orf261385,chr16_487362,YPL033C,canonical,conserved,Verified,chrXVI,487362,488207,-
orf257903,chr16_488788,NA,noncanonical,other,None,chrXVI,488788,488853,-
orf257902,chr16_488887,YPL032C,canonical,conserved,Verified,chrXVI,488887,491364,-
orf263006,chr16_48996,YPL261C,canonical,denovo,Uncharacterized,chrXVI,48996,49304,-
orf264909,chr16_491594,NA,noncanonical,other,None,chrXVI,491594,491770,-
NA,chr16_492018,YPL031C,canonical,conserved,Verified,chrXVI,492018,493037,-
orf247571,chr16_492262,NA,noncanonical,other,None,chrXVI,492262,492528,+
orf247573,chr16_492742,NA,noncanonical,other,None,chrXVI,492742,492963,+
orf245885,chr16_49303,YPL260W,canonical,conserved,Verified,chrXVI,49303,50958,+
orf251012,chr16_493460,NA,noncanonical,other,None,chrXVI,493460,493546,+
orf247577,chr16_493543,YPL030W,canonical,conserved,Verified,chrXVI,493543,495246,+
orf251033,chr16_495506,YPL029W,canonical,conserved,Verified,chrXVI,495506,497719,+
orf254537,chr16_498096,YPL028W,canonical,conserved,Verified,chrXVI,498096,499292,+
orf264874,chr16_498473,NA,noncanonical,denovo,None,chrXVI,498473,498643,-
orf251036,chr16_499289,NA,noncanonical,other,None,chrXVI,499289,499345,+
orf264868,chr16_499637,NA,noncanonical,denovo,None,chrXVI,499637,499783,-
orf254539,chr16_499665,YPL027W,canonical,conserved,Verified,chrXVI,499665,500402,+
orf264865,chr16_500675,YPL026C,canonical,conserved,Verified,chrXVI,500675,502183,-
orf261332,chr16_502473,YPL025C,noncanonical,denovo,Dubious,chrXVI,502473,503030,-
orf247610,chr16_503248,NA,noncanonical,denovo,None,chrXVI,503248,503370,+
orf254543,chr16_503517,YPL024W,canonical,conserved,Verified,chrXVI,503517,504242,+
orf264857,chr16_503618,NA,noncanonical,other,None,chrXVI,503618,503848,-
orf264856,chr16_503852,NA,noncanonical,other,None,chrXVI,503852,504124,-
orf261328,chr16_504339,YPL023C,canonical,conserved,Verified,chrXVI,504339,506312,-
orf254555,chr16_506697,YPL022W,canonical,conserved,Verified,chrXVI,506697,509999,+
orf251072,chr16_510044,NA,noncanonical,other,None,chrXVI,510044,510085,+
orf245886,chr16_51028,NA,noncanonical,other,None,chrXVI,51028,51090,+
orf252917,chr16_51087,NA,noncanonical,denovo,None,chrXVI,51087,51284,+
orf254560,chr16_511101,YPL021W,canonical,conserved,Verified,chrXVI,511101,511664,+
orf254562,chr16_512133,NA,noncanonical,other,None,chrXVI,512133,512189,+
orf261307,chr16_512313,YPL020C,canonical,conserved,Verified,chrXVI,512313,514178,-
orf259477,chr16_51244,YPL259C,canonical,conserved,Verified,chrXVI,51244,52671,-
orf264805,chr16_514511,YPL019C,canonical,conserved,Verified,chrXVI,514511,517018,-
orf247686,chr16_517246,NA,noncanonical,denovo,None,chrXVI,517246,517467,+
orf247687,chr16_517651,YPL018W,canonical,conserved,Verified,chrXVI,517651,518760,+
orf257790,chr16_518734,YPL017C,canonical,conserved,Verified,chrXVI,518734,520233,-
orf247692,chr16_521014,YPL016W,canonical,conserved,Verified,chrXVI,521014,524958,+
orf257778,chr16_525286,NA,noncanonical,denovo,None,chrXVI,525286,525423,-
orf261272,chr16_525810,YPL015C,canonical,conserved,Verified,chrXVI,525810,526883,-
orf254603,chr16_526725,NA,noncanonical,other,None,chrXVI,526725,526928,+
orf247700,chr16_526975,NA,noncanonical,denovo,None,chrXVI,526975,527115,+
orf254605,chr16_527325,NA,noncanonical,other,None,chrXVI,527325,527417,+
orf254607,chr16_527547,YPL014W,canonical,conserved,Verified,chrXVI,527547,528692,+
orf261268,chr16_527691,NA,noncanonical,denovo,None,chrXVI,527691,527912,-
orf264767,chr16_528176,NA,noncanonical,other,None,chrXVI,528176,528574,-
orf247707,chr16_528724,NA,noncanonical,other,None,chrXVI,528724,528798,+
orf257764,chr16_528985,YPL013C,canonical,conserved,Verified,chrXVI,528985,529350,-
orf247709,chr16_529723,YPL012W,canonical,conserved,Verified,chrXVI,529723,533409,+
orf245894,chr16_53179,NA,noncanonical,other,None,chrXVI,53179,53277,+
orf257748,chr16_533437,NA,noncanonical,other,None,chrXVI,533437,533658,-
orf264743,chr16_533642,YPL011C,canonical,conserved,Verified,chrXVI,533642,534703,-
orf262985,chr16_53391,NA,noncanonical,other,None,chrXVI,53391,53501,-
orf266495,chr16_53498,YPL258C,canonical,conserved,Verified,chrXVI,53498,55153,-
orf247715,chr16_535018,YPL010W,canonical,conserved,Verified,chrXVI,535018,535587,+
orf251185,chr16_535631,NA,noncanonical,denovo,None,chrXVI,535631,535693,+
orf264736,chr16_535820,YPL009C,canonical,conserved,Verified,chrXVI,535820,538936,-
orf254644,chr16_539385,YPL008W,canonical,conserved,Verified,chrXVI,539385,541970,+
orf261222,chr16_542082,YPL007C,canonical,conserved,Verified,chrXVI,542082,543848,-
orf254654,chr16_543891,NA,noncanonical,denovo,None,chrXVI,543891,544157,+
orf264710,chr16_544172,NA,noncanonical,denovo,None,chrXVI,544172,544318,-
orf251215,chr16_544631,YPL006W,canonical,conserved,Verified,chrXVI,544631,548143,+
orf252929,chr16_54615,NA,noncanonical,other,None,chrXVI,54615,54965,+
orf251216,chr16_548486,YPL005W,canonical,conserved,Verified,chrXVI,548486,550306,+
orf257676,chr16_550132,NA,noncanonical,other,None,chrXVI,550132,550398,-
orf261190,chr16_550632,YPL004C,canonical,conserved,Verified,chrXVI,550632,551657,-
orf251222,chr16_552020,YPL003W,canonical,conserved,Verified,chrXVI,552020,553408,+
orf266494,chr16_55244,NA,noncanonical,denovo,None,chrXVI,55244,55369,-
orf264682,chr16_553256,NA,noncanonical,other,None,chrXVI,553256,553339,-
orf257667,chr16_553627,YPL002C,canonical,conserved,Verified,chrXVI,553627,554328,-
orf247765,chr16_553960,NA,noncanonical,other,None,chrXVI,553960,554076,+
orf247768,chr16_554605,YPL001W,canonical,conserved,Verified,chrXVI,554605,555729,+
orf266492,chr16_55634,NA,noncanonical,other,None,chrXVI,55634,55705,-
orf254710,chr16_556377,YPR001W,canonical,conserved,Verified,chrXVI,556377,557837,+
orf264664,chr16_557057,NA,noncanonical,other,None,chrXVI,557057,557173,-
orf259453,chr16_55723,NA,noncanonical,other,None,chrXVI,55723,55815,-
orf247789,chr16_558385,YPR002W,canonical,conserved,Verified,chrXVI,558385,559935,+
orf262974,chr16_55893,NA,noncanonical,other,None,chrXVI,55893,55961,-
orf254717,chr16_560049,NA,noncanonical,denovo,None,chrXVI,560049,560240,+
orf266490,chr16_56081,NA,noncanonical,other,None,chrXVI,56081,56260,-
orf257641,chr16_560863,NA,noncanonical,other,None,chrXVI,560863,560994,-
orf261153,chr16_560991,NA,noncanonical,other,None,chrXVI,560991,561080,-
orf257639,chr16_561199,NA,noncanonical,other,None,chrXVI,561199,561279,-
orf264643,chr16_561386,NA,noncanonical,other,None,chrXVI,561386,561472,-
orf261152,chr16_561504,YPR003C,canonical,conserved,Uncharacterized,chrXVI,561504,563768,-
orf257630,chr16_564007,YPR004C,canonical,conserved,Verified,chrXVI,564007,565041,-
orf251285,chr16_564788,NA,noncanonical,denovo,None,chrXVI,564788,564979,+
orf247808,chr16_565519,NA,noncanonical,other,None,chrXVI,565519,565596,+
orf247809,chr16_565738,NA,noncanonical,denovo,None,chrXVI,565738,565860,+
orf264623,chr16_565787,YPR005C,canonical,conserved,Verified,chrXVI,565787,566671,-
orf247813,chr16_566512,NA,noncanonical,denovo,None,chrXVI,566512,566634,+
orf264622,chr16_566708,NA,noncanonical,denovo,None,chrXVI,566708,566806,-
orf264620,chr16_567269,YPR006C,canonical,conserved,Verified,chrXVI,567269,568996,-
orf254743,chr16_567390,NA,noncanonical,denovo,None,chrXVI,567390,567593,+
orf251301,chr16_568277,NA,noncanonical,other,None,chrXVI,568277,568417,+
orf264618,chr16_569336,YPR007C,canonical,conserved,Verified,chrXVI,569336,571378,-
orf254757,chr16_572541,NA,noncanonical,denovo,None,chrXVI,572541,572699,+
orf254758,chr16_573018,YPR008W,canonical,conserved,Verified,chrXVI,573018,575102,+
orf251316,chr16_575099,NA,noncanonical,other,None,chrXVI,575099,575230,+
orf257573,chr16_575425,NA,noncanonical,denovo,None,chrXVI,575425,575544,-
orf264597,chr16_575882,NA,noncanonical,denovo,None,chrXVI,575882,575971,-
orf264596,chr16_576113,NA,noncanonical,denovo,None,chrXVI,576113,576355,-
orf254762,chr16_576552,YPR009W,canonical,conserved,Verified,chrXVI,576552,577358,+
orf257561,chr16_577585,YPR010C,canonical,conserved,Verified,chrXVI,577585,581196,-
orf261069,chr16_582234,NA,noncanonical,denovo,None,chrXVI,582234,582278,-
orf264577,chr16_582332,NA,noncanonical,other,None,chrXVI,582332,582367,-
NA,chr16_582373,YPR010C-A,canonical,conserved,Uncharacterized,chrXVI,582373,582734,-
orf264575,chr16_582821,NA,noncanonical,denovo,None,chrXVI,582821,582898,-
orf261065,chr16_583062,YPR011C,canonical,conserved,Verified,chrXVI,583062,584042,-
orf247894,chr16_584083,NA,noncanonical,denovo,None,chrXVI,584083,584208,+
orf264567,chr16_584525,NA,noncanonical,denovo,None,chrXVI,584525,584602,-
orf257548,chr16_584632,YPR013C,canonical,conserved,Uncharacterized,chrXVI,584632,585585,-
orf264563,chr16_585719,NA,noncanonical,other,None,chrXVI,585719,585793,-
orf257547,chr16_586144,NA,noncanonical,denovo,None,chrXVI,586144,586218,-
orf247901,chr16_586675,NA,noncanonical,denovo,None,chrXVI,586675,586746,+
orf254806,chr16_586755,NA,noncanonical,denovo,None,chrXVI,586755,586823,+
orf247902,chr16_586834,NA,noncanonical,other,None,chrXVI,586834,586911,+
orf254808,chr16_587376,NA,noncanonical,denovo,None,chrXVI,587376,587570,+
orf251363,chr16_587840,NA,noncanonical,other,None,chrXVI,587840,587929,+
orf261048,chr16_587868,NA,noncanonical,denovo,None,chrXVI,587868,588014,-
orf247905,chr16_588487,NA,noncanonical,denovo,None,chrXVI,588487,588582,+
orf251367,chr16_589106,NA,noncanonical,denovo,None,chrXVI,589106,589222,+
orf251368,chr16_589346,NA,noncanonical,other,None,chrXVI,589346,589456,+
orf261039,chr16_590283,YPR015C,canonical,conserved,Uncharacterized,chrXVI,590283,591026,-
orf254827,chr16_591486,NA,noncanonical,denovo,None,chrXVI,591486,591695,+
orf247917,chr16_591907,NA,noncanonical,denovo,None,chrXVI,591907,591990,+
orf261036,chr16_592176,NA,noncanonical,denovo,None,chrXVI,592176,592331,-
orf261035,chr16_592332,YPR016C,canonical,conserved,Verified,chrXVI,592332,593069,-
orf264531,chr16_593486,YPR017C,canonical,conserved,Verified,chrXVI,593486,593917,-
orf251391,chr16_594476,YPR018W,canonical,conserved,Verified,chrXVI,594476,596296,+
orf251394,chr16_596750,YPR019W,canonical,conserved,Verified,chrXVI,596750,599551,+
orf247940,chr16_599551,NA,noncanonical,other,None,chrXVI,599551,599598,+
orf251396,chr16_599870,YPR020W,canonical,conserved,Verified,chrXVI,599870,600217,+
orf257491,chr16_600649,YPR021C,canonical,conserved,Verified,chrXVI,600649,603357,-
orf264506,chr16_603911,YPR022C,canonical,conserved,Verified,chrXVI,603911,607312,-
orf257460,chr16_607666,NA,noncanonical,denovo,None,chrXVI,607666,607770,-
orf247970,chr16_607771,NA,noncanonical,other,None,chrXVI,607771,607848,+
orf257457,chr16_608098,NA,noncanonical,denovo,None,chrXVI,608098,608367,-
orf260965,chr16_608826,YPR023C,canonical,conserved,Verified,chrXVI,608826,610031,-
orf247976,chr16_609796,NA,noncanonical,denovo,None,chrXVI,609796,610053,+
orf251436,chr16_610481,YPR024W,canonical,conserved,Verified,chrXVI,610481,612724,+
orf247983,chr16_612748,NA,noncanonical,denovo,None,chrXVI,612748,612816,+
orf260953,chr16_613377,YPR025C,canonical,conserved,Verified,chrXVI,613377,614558,-
orf247991,chr16_615379,YPR026W,canonical,conserved,Verified,chrXVI,615379,619014,+
orf254950,chr16_619020,NA,noncanonical,denovo,None,chrXVI,619020,619115,+
orf247997,chr16_620149,NA,noncanonical,other,None,chrXVI,620149,620238,+
orf254952,chr16_620367,NA,noncanonical,other,None,chrXVI,620367,620405,+
orf257420,chr16_620425,YPR027C,canonical,conserved,Uncharacterized,chrXVI,620425,621258,-
orf251482,chr16_620585,NA,noncanonical,denovo,None,chrXVI,620585,620668,+
orf254960,chr16_621768,NA,noncanonical,other,None,chrXVI,621768,621854,+
orf254965,chr16_622809,NA,noncanonical,denovo,None,chrXVI,622809,622988,+
orf248006,chr16_623008,NA,noncanonical,other,None,chrXVI,623008,623070,+
orf245928,chr16_62335,NA,noncanonical,other,None,chrXVI,62335,62424,+
orf251490,chr16_623396,NA,noncanonical,denovo,None,chrXVI,623396,623473,+
NA,chr16_623527,YPR028W,canonical,conserved,Verified,chrXVI,623527,624202,+
orf264443,chr16_624299,NA,noncanonical,other,None,chrXVI,624299,624439,-
orf254971,chr16_624342,NA,noncanonical,denovo,None,chrXVI,624342,624512,+
orf257402,chr16_624469,YPR029C,canonical,conserved,Verified,chrXVI,624469,626967,-
orf245931,chr16_62680,NA,noncanonical,other,None,chrXVI,62680,62748,+
orf245933,chr16_62764,NA,noncanonical,other,None,chrXVI,62764,62820,+
orf259416,chr16_62785,NA,noncanonical,other,None,chrXVI,62785,62943,-
orf248022,chr16_627880,YPR030W,canonical,conserved,Verified,chrXVI,627880,631245,+
orf257396,chr16_628699,NA,noncanonical,denovo,None,chrXVI,628699,628878,-
orf249398,chr16_63053,NA,noncanonical,other,None,chrXVI,63053,63184,+
orf254991,chr16_631515,YPR031W,canonical,conserved,Verified,chrXVI,631515,633761,+
orf252952,chr16_63279,YPL257W,canonical,other,Uncharacterized,chrXVI,63279,63860,+
orf248042,chr16_634123,YPR032W,canonical,conserved,Verified,chrXVI,634123,637224,+
orf264399,chr16_637379,YPR033C,canonical,conserved,Verified,chrXVI,637379,639019,-
orf255008,chr16_639525,YPR034W,canonical,conserved,Verified,chrXVI,639525,640958,+
orf249402,chr16_64028,NA,noncanonical,other,None,chrXVI,64028,64234,+
orf255010,chr16_641385,NA,noncanonical,denovo,None,chrXVI,641385,641534,+
orf251584,chr16_641531,NA,noncanonical,denovo,None,chrXVI,641531,641602,+
orf251586,chr16_641939,NA,noncanonical,other,None,chrXVI,641939,642001,+
orf248061,chr16_642208,YPR035W,canonical,conserved,Verified,chrXVI,642208,643320,+
orf255021,chr16_643401,NA,noncanonical,denovo,None,chrXVI,643401,643505,+
orf260811,chr16_643515,NA,noncanonical,denovo,None,chrXVI,643515,643640,-
orf255023,chr16_643836,YPR036W,canonical,conserved,Verified,chrXVI,643836,645272,+
orf264376,chr16_644555,NA,noncanonical,other,None,chrXVI,644555,644716,-
orf251601,chr16_645545,NA,noncanonical,denovo,None,chrXVI,645545,645748,+
orf249406,chr16_64592,NA,noncanonical,other,None,chrXVI,64592,64648,+
orf251602,chr16_645950,YPR036W-A,canonical,conserved,Verified,chrXVI,645950,646153,+
orf257323,chr16_646021,NA,noncanonical,other,None,chrXVI,646021,646203,-
orf264367,chr16_646448,YPR037C,canonical,conserved,Verified,chrXVI,646448,647038,-
orf255029,chr16_646836,YPR038W,noncanonical,other,Dubious,chrXVI,646836,647195,+
orf248079,chr16_647305,YPR040W,canonical,conserved,Verified,chrXVI,647305,648375,+
orf260798,chr16_647385,NA,noncanonical,other,None,chrXVI,647385,647645,-
orf262928,chr16_64758,NA,noncanonical,other,None,chrXVI,64758,64955,-
orf251613,chr16_648704,YPR041W,canonical,conserved,Verified,chrXVI,648704,649921,+
orf262927,chr16_64977,YPL256C,canonical,conserved,Verified,chrXVI,64977,66614,-
orf248085,chr16_649960,NA,noncanonical,denovo,None,chrXVI,649960,650001,+
orf264353,chr16_650117,NA,noncanonical,denovo,None,chrXVI,650117,650314,-
orf264350,chr16_650435,YPR042C,canonical,conserved,Verified,chrXVI,650435,653662,-
orf257282,chr16_653662,NA,noncanonical,other,None,chrXVI,653662,653817,-
NA,chr16_654166,YPR043W,canonical,conserved,Verified,chrXVI,654166,654847,+
orf257275,chr16_655072,NA,noncanonical,other,None,chrXVI,655072,655143,-
orf260778,chr16_655140,YPR045C,canonical,conserved,Verified,chrXVI,655140,656552,-
orf255065,chr16_656799,YPR046W,canonical,conserved,Verified,chrXVI,656799,657344,+
orf248116,chr16_657358,NA,noncanonical,other,None,chrXVI,657358,657429,+
orf248117,chr16_657514,YPR047W,canonical,conserved,Verified,chrXVI,657514,658938,+
orf248120,chr16_659182,YPR048W,canonical,conserved,Verified,chrXVI,659182,661053,+
orf260760,chr16_661137,YPR049C,canonical,conserved,Verified,chrXVI,661137,664673,-
orf260759,chr16_664953,YPR050C,noncanonical,other,Dubious,chrXVI,664953,665366,-
orf248135,chr16_664960,YPR051W,canonical,conserved,Verified,chrXVI,664960,665490,+
orf257240,chr16_665557,NA,noncanonical,other,None,chrXVI,665557,665733,-
orf251683,chr16_665561,NA,noncanonical,denovo,None,chrXVI,665561,665716,+
orf264280,chr16_665693,YPR052C,canonical,conserved,Verified,chrXVI,665693,665974,-
orf257239,chr16_665788,YPR053C,canonical,conserved,Uncharacterized,chrXVI,665788,666243,-
orf248138,chr16_666280,YPR054W,canonical,conserved,Verified,chrXVI,666280,667446,+
orf260752,chr16_667008,NA,noncanonical,other,None,chrXVI,667008,667220,-
orf251695,chr16_667676,YPR055W,canonical,conserved,Verified,chrXVI,667676,670873,+
orf251697,chr16_671126,YPR056W,canonical,conserved,Verified,chrXVI,671126,672142,+
orf264255,chr16_672014,NA,noncanonical,denovo,None,chrXVI,672014,672247,-
orf248149,chr16_672139,NA,noncanonical,other,None,chrXVI,672139,672201,+
orf255132,chr16_672471,YPR057W,canonical,conserved,Verified,chrXVI,672471,673496,+
orf251704,chr16_673751,YPR058W,canonical,conserved,Verified,chrXVI,673751,674674,+
orf248168,chr16_674725,NA,noncanonical,other,None,chrXVI,674725,674907,+
orf264242,chr16_674861,YPR060C,canonical,conserved,Verified,chrXVI,674861,675631,-
orf264240,chr16_675977,YPR061C,canonical,conserved,Verified,chrXVI,675977,676882,-
orf251714,chr16_677165,YPR062W,canonical,conserved,Verified,chrXVI,677165,677641,+
orf252965,chr16_67725,YPL255W,canonical,conserved,Verified,chrXVI,67725,68882,+
NA,chr16_677812,YPR063C,canonical,conserved,Uncharacterized,chrXVI,677812,678320,-
orf257179,chr16_678370,NA,noncanonical,denovo,None,chrXVI,678370,678441,-
orf264235,chr16_678416,NA,noncanonical,denovo,None,chrXVI,678416,678619,-
orf255165,chr16_678951,YPR064W,canonical,conserved,Uncharacterized,chrXVI,678951,679370,+
orf248185,chr16_679693,YPR065W,canonical,conserved,Verified,chrXVI,679693,680799,+
orf255168,chr16_680796,NA,noncanonical,other,None,chrXVI,680796,680855,+
orf255169,chr16_681213,YPR066W,canonical,conserved,Verified,chrXVI,681213,682112,+
orf260693,chr16_681330,NA,noncanonical,denovo,None,chrXVI,681330,681749,-
orf264221,chr16_681575,NA,noncanonical,other,None,chrXVI,681575,681913,-
orf251732,chr16_682220,YPR067W,canonical,conserved,Verified,chrXVI,682220,682777,+
orf248195,chr16_682807,NA,noncanonical,denovo,None,chrXVI,682807,682866,+
orf260688,chr16_682941,YPR068C,canonical,conserved,Verified,chrXVI,682941,684353,-
orf251737,chr16_684161,NA,noncanonical,other,None,chrXVI,684161,684340,+
orf257158,chr16_684556,YPR069C,canonical,conserved,Verified,chrXVI,684556,685437,-
orf251746,chr16_685898,YPR070W,canonical,conserved,Verified,chrXVI,685898,687598,+
orf251750,chr16_688172,YPR071W,canonical,other,Uncharacterized,chrXVI,688172,688807,+
orf255205,chr16_689196,NA,noncanonical,other,None,chrXVI,689196,689246,+
orf251756,chr16_690107,YPR072W,canonical,conserved,Verified,chrXVI,690107,691789,+
orf260656,chr16_691170,NA,noncanonical,other,None,chrXVI,691170,691325,-
orf264178,chr16_691829,NA,noncanonical,denovo,None,chrXVI,691829,691921,-
orf257129,chr16_691933,YPR073C,canonical,conserved,Verified,chrXVI,691933,692418,-
orf260647,chr16_692796,YPR074C,canonical,conserved,Verified,chrXVI,692796,694838,-
orf249421,chr16_69485,YPL254W,canonical,conserved,Verified,chrXVI,69485,70951,+
orf257122,chr16_695737,YPR075C,canonical,conserved,Verified,chrXVI,695737,696819,-
orf257119,chr16_697147,YPR078C,canonical,conserved,Uncharacterized,chrXVI,697147,698265,-
orf248239,chr16_697294,NA,noncanonical,denovo,None,chrXVI,697294,697581,+
orf255249,chr16_697761,NA,noncanonical,denovo,None,chrXVI,697761,697874,+
orf248243,chr16_698332,NA,noncanonical,denovo,None,chrXVI,698332,698460,+
orf251781,chr16_698738,NA,noncanonical,other,None,chrXVI,698738,698875,+
orf248244,chr16_698869,YPR079W,canonical,conserved,Verified,chrXVI,698869,700014,+
orf248246,chr16_700594,YPR080W,canonical,conserved,Verified,chrXVI,700594,701970,+
orf260605,chr16_702114,YPR081C,canonical,conserved,Verified,chrXVI,702114,703970,-
orf248247,chr16_702190,NA,noncanonical,other,None,chrXVI,702190,702675,+
orf248248,chr16_703330,NA,noncanonical,denovo,None,chrXVI,703330,703674,+
orf264127,chr16_704225,YPR082C,canonical,conserved,Verified,chrXVI,704225,704656,-
orf248254,chr16_704854,YPR083W,canonical,conserved,Verified,chrXVI,704854,706593,+
orf260596,chr16_705882,NA,noncanonical,other,None,chrXVI,705882,706493,-
orf264117,chr16_706475,NA,noncanonical,other,None,chrXVI,706475,706765,-
orf248257,chr16_706972,YPR084W,canonical,conserved,Uncharacterized,chrXVI,706972,708342,+
orf255278,chr16_708453,NA,noncanonical,other,None,chrXVI,708453,708650,+
orf264111,chr16_708497,YPR085C,canonical,conserved,Verified,chrXVI,708497,709843,-
orf266413,chr16_70937,NA,noncanonical,denovo,None,chrXVI,70937,71020,-
orf248267,chr16_710101,YPR086W,canonical,conserved,Verified,chrXVI,710101,711138,+
orf266412,chr16_71063,YPL253C,canonical,conserved,Verified,chrXVI,71063,73006,-
orf257066,chr16_711403,YPR088C,canonical,conserved,Verified,chrXVI,711403,713028,-
orf248271,chr16_713275,YPR089W,canonical,conserved,Uncharacterized,chrXVI,713275,715941,+
orf260561,chr16_715950,NA,noncanonical,other,None,chrXVI,715950,716006,-
orf264094,chr16_716156,YPR091C,canonical,conserved,Verified,chrXVI,716156,718468,-
orf248280,chr16_718981,NA,noncanonical,denovo,None,chrXVI,718981,719151,+
orf260556,chr16_719043,NA,noncanonical,other,None,chrXVI,719043,719141,-
orf257032,chr16_719233,NA,noncanonical,denovo,None,chrXVI,719233,719283,-
orf264089,chr16_719558,YPR093C,canonical,conserved,Verified,chrXVI,719558,720490,-
orf248284,chr16_720433,NA,noncanonical,denovo,None,chrXVI,720433,720564,+
orf248285,chr16_720637,YPR094W,canonical,conserved,Verified,chrXVI,720637,720960,+
orf264085,chr16_721037,YPR095C,canonical,conserved,Verified,chrXVI,721037,724717,-
orf260542,chr16_724842,YPR096C,canonical,denovo,Verified,chrXVI,724842,725144,-
orf251910,chr16_725156,NA,noncanonical,denovo,None,chrXVI,725156,725227,+
orf255335,chr16_725394,YPR097W,canonical,conserved,Verified,chrXVI,725394,728615,+
NA,chr16_728947,YPR098C,canonical,conserved,Verified,chrXVI,728947,729528,-
orf260524,chr16_729519,NA,noncanonical,other,None,chrXVI,729519,729596,-
orf256976,chr16_729757,YPR099C,noncanonical,other,Dubious,chrXVI,729757,730113,-
orf251922,chr16_729791,YPR100W,canonical,conserved,Verified,chrXVI,729791,730213,+
orf248337,chr16_730492,YPR101W,canonical,conserved,Verified,chrXVI,730492,731019,+
orf260518,chr16_730599,NA,noncanonical,denovo,None,chrXVI,730599,730802,-
orf255348,chr16_731019,NA,noncanonical,other,None,chrXVI,731019,731090,+
orf256971,chr16_731224,YPR102C,canonical,conserved,Verified,chrXVI,731224,731748,-
orf248341,chr16_732349,YPR103W,canonical,conserved,Verified,chrXVI,732349,733212,+
orf255356,chr16_733230,NA,noncanonical,other,None,chrXVI,733230,733295,+
orf260508,chr16_733623,YPR104C,canonical,conserved,Verified,chrXVI,733623,736433,-
orf259368,chr16_73363,YPL252C,canonical,conserved,Verified,chrXVI,73363,73881,-
orf256963,chr16_736984,YPR105C,canonical,conserved,Verified,chrXVI,736984,739569,-
orf255381,chr16_740061,YPR106W,canonical,conserved,Verified,chrXVI,740061,741392,+
orf260473,chr16_741438,YPR107C,canonical,conserved,Verified,chrXVI,741438,742064,-
orf245980,chr16_74224,NA,noncanonical,denovo,None,chrXVI,74224,74400,+
orf251979,chr16_742454,YPR108W,canonical,conserved,Verified,chrXVI,742454,743743,+
orf266406,chr16_74309,YPL250C,canonical,conserved,Verified,chrXVI,74309,74719,-
orf248382,chr16_744175,YPR108W-A,canonical,conserved,Uncharacterized,chrXVI,744175,744387,+
orf251985,chr16_744467,NA,noncanonical,denovo,None,chrXVI,744467,744640,+
orf251986,chr16_744689,YPR109W,canonical,conserved,Verified,chrXVI,744689,745573,+
orf264005,chr16_745733,NA,noncanonical,other,None,chrXVI,745733,745831,-
orf256933,chr16_745828,YPR110C,canonical,conserved,Verified,chrXVI,745828,746835,-
orf255423,chr16_747306,YPR111W,canonical,conserved,Verified,chrXVI,747306,749000,+
orf260439,chr16_749256,YPR112C,canonical,conserved,Verified,chrXVI,749256,751919,-
orf248416,chr16_752257,YPR113W,canonical,conserved,Verified,chrXVI,752257,752919,+
orf253002,chr16_75309,NA,noncanonical,denovo,None,chrXVI,75309,75410,+
orf248417,chr16_753301,YPR114W,canonical,conserved,Uncharacterized,chrXVI,753301,754248,+
orf260427,chr16_754074,NA,noncanonical,other,None,chrXVI,754074,754277,-
orf249443,chr16_75410,NA,noncanonical,denovo,None,chrXVI,75410,75496,+
orf252018,chr16_754823,NA,noncanonical,denovo,None,chrXVI,754823,754864,+
orf252019,chr16_754877,YPR115W,canonical,conserved,Verified,chrXVI,754877,758128,+
NA,chr16_75699,YPL249C-A,canonical,conserved,Verified,chrXVI,75699,76239,-
orf252020,chr16_758162,NA,noncanonical,other,None,chrXVI,758162,758275,+
orf252023,chr16_758648,YPR116W,canonical,conserved,Verified,chrXVI,758648,759481,+
orf252027,chr16_760025,YPR117W,canonical,conserved,Uncharacterized,chrXVI,760025,767494,+
orf259355,chr16_76669,YPL249C,canonical,conserved,Verified,chrXVI,76669,79353,-
orf249449,chr16_76766,NA,noncanonical,other,None,chrXVI,76766,77023,+
orf248445,chr16_767752,YPR118W,canonical,conserved,Verified,chrXVI,767752,768987,+
orf256865,chr16_769681,NA,noncanonical,denovo,None,chrXVI,769681,769785,-
orf252047,chr16_769799,NA,noncanonical,other,None,chrXVI,769799,769852,+
orf252057,chr16_771653,YPR119W,canonical,conserved,Verified,chrXVI,771653,773128,+
orf252058,chr16_773141,NA,noncanonical,other,None,chrXVI,773141,773257,+
orf248461,chr16_773437,NA,noncanonical,denovo,None,chrXVI,773437,773505,+
orf256847,chr16_773875,YPR120C,canonical,conserved,Verified,chrXVI,773875,775182,-
orf248469,chr16_775846,NA,noncanonical,other,None,chrXVI,775846,775983,+
orf263882,chr16_776189,NA,noncanonical,other,None,chrXVI,776189,776350,-
orf260311,chr16_776400,NA,noncanonical,other,None,chrXVI,776400,776636,-
orf248476,chr16_777328,NA,noncanonical,denovo,None,chrXVI,777328,777507,+
orf255582,chr16_777579,NA,noncanonical,other,None,chrXVI,777579,777671,+
orf248480,chr16_778186,NA,noncanonical,other,None,chrXVI,778186,778269,+
orf248481,chr16_778468,NA,noncanonical,denovo,None,chrXVI,778468,778539,+
orf252079,chr16_778583,YPR121W,canonical,conserved,Verified,chrXVI,778583,780301,+
orf260286,chr16_780726,NA,noncanonical,other,None,chrXVI,780726,780872,-
orf256825,chr16_780850,NA,noncanonical,other,None,chrXVI,780850,780936,-
orf255600,chr16_781044,NA,noncanonical,other,None,chrXVI,781044,781148,+
orf260282,chr16_781521,NA,noncanonical,other,None,chrXVI,781521,781592,-
orf252086,chr16_782045,YPR122W,canonical,conserved,Verified,chrXVI,782045,785671,+
orf252087,chr16_785780,NA,noncanonical,denovo,None,chrXVI,785780,785857,+
orf260263,chr16_786141,YPR123C,noncanonical,other,Dubious,chrXVI,786141,786575,-
orf248508,chr16_786208,YPR124W,canonical,conserved,Verified,chrXVI,786208,787428,+
orf256796,chr16_787072,NA,noncanonical,other,None,chrXVI,787072,787152,-
orf256794,chr16_787432,NA,noncanonical,denovo,None,chrXVI,787432,787503,-
orf252092,chr16_787532,NA,noncanonical,denovo,None,chrXVI,787532,787618,+
orf252094,chr16_787961,YPR125W,canonical,conserved,Verified,chrXVI,787961,789325,+
orf255648,chr16_790083,YPR127W,canonical,conserved,Verified,chrXVI,790083,791120,+
orf256778,chr16_791218,YPR128C,canonical,conserved,Verified,chrXVI,791218,792204,-
orf260239,chr16_792198,NA,noncanonical,other,None,chrXVI,792198,792269,-
orf255656,chr16_792687,YPR129W,canonical,conserved,Verified,chrXVI,792687,793736,+
orf260235,chr16_793911,YPR131C,canonical,conserved,Verified,chrXVI,793911,794666,-
NA,chr16_794965,YPR132W,canonical,conserved,Verified,chrXVI,794965,795767,+
orf255666,chr16_795813,NA,noncanonical,denovo,None,chrXVI,795813,795872,+
orf260233,chr16_795978,YPR133C,canonical,conserved,Verified,chrXVI,795978,797210,-
orf259353,chr16_79711,YPL248C,canonical,conserved,Verified,chrXVI,79711,82356,-
orf248544,chr16_797557,YPR133W-A,canonical,conserved,Verified,chrXVI,797557,797709,+
orf256760,chr16_797566,NA,noncanonical,other,None,chrXVI,797566,797736,-
orf263803,chr16_797963,NA,noncanonical,other,None,chrXVI,797963,798091,-
orf255674,chr16_798051,YPR134W,canonical,conserved,Verified,chrXVI,798051,798857,+
orf255675,chr16_798885,NA,noncanonical,other,None,chrXVI,798885,799001,+
orf248558,chr16_799234,YPR135W,canonical,conserved,Verified,chrXVI,799234,802017,+
orf263787,chr16_801692,NA,noncanonical,other,None,chrXVI,801692,801853,-
orf255685,chr16_802359,YPR137W,canonical,conserved,Verified,chrXVI,802359,804080,+
orf248618,chr16_810538,NA,noncanonical,denovo,None,chrXVI,810538,810714,+
orf260194,chr16_810984,YPR138C,canonical,conserved,Verified,chrXVI,810984,812453,-
orf248623,chr16_811723,NA,noncanonical,other,None,chrXVI,811723,811881,+
orf260193,chr16_812514,NA,noncanonical,denovo,None,chrXVI,812514,812732,-
orf248628,chr16_812854,NA,noncanonical,other,None,chrXVI,812854,812928,+
orf260189,chr16_813156,YPR139C,canonical,conserved,Verified,chrXVI,813156,814058,-
orf248630,chr16_813331,NA,noncanonical,other,None,chrXVI,813331,813585,+
orf252206,chr16_814391,YPR140W,canonical,conserved,Verified,chrXVI,814391,815536,+
orf256673,chr16_815734,YPR141C,canonical,conserved,Verified,chrXVI,815734,817923,-
orf248656,chr16_818323,YPR143W,canonical,conserved,Verified,chrXVI,818323,819075,+
orf260150,chr16_819765,YPR144C,canonical,conserved,Verified,chrXVI,819765,821423,-
orf248665,chr16_821761,NA,noncanonical,other,None,chrXVI,821761,821889,+
orf252234,chr16_822620,YPR145W,canonical,conserved,Verified,chrXVI,822620,824338,+
orf263695,chr16_824690,YPR145C-A,canonical,conserved,Uncharacterized,chrXVI,824690,824926,-
orf263694,chr16_824999,NA,noncanonical,other,None,chrXVI,824999,825061,-
orf260133,chr16_825138,NA,noncanonical,denovo,None,chrXVI,825138,825206,-
orf263692,chr16_825347,YPR146C,noncanonical,other,Dubious,chrXVI,825347,825676,-
orf260130,chr16_825645,YPR147C,canonical,conserved,Verified,chrXVI,825645,826559,-
orf266390,chr16_82625,YPL247C,canonical,conserved,Uncharacterized,chrXVI,82625,84196,-
orf260128,chr16_826833,YPR148C,canonical,conserved,Verified,chrXVI,826833,828140,-
orf256638,chr16_828475,NA,noncanonical,denovo,None,chrXVI,828475,828621,-
orf260124,chr16_828612,NA,noncanonical,denovo,None,chrXVI,828612,828731,-
orf255812,chr16_828855,NA,noncanonical,denovo,None,chrXVI,828855,829082,+
orf252258,chr16_829091,NA,noncanonical,other,None,chrXVI,829091,829207,+
orf260122,chr16_829161,NA,noncanonical,denovo,None,chrXVI,829161,829430,-
orf255818,chr16_829575,NA,noncanonical,other,None,chrXVI,829575,829643,+
orf248690,chr16_829918,YPR149W,canonical,conserved,Verified,chrXVI,829918,830439,+
orf260118,chr16_830298,NA,noncanonical,other,None,chrXVI,830298,830426,-
orf260117,chr16_830436,NA,noncanonical,denovo,None,chrXVI,830436,830645,-
orf255820,chr16_830646,NA,noncanonical,denovo,None,chrXVI,830646,830759,+
orf256627,chr16_831055,YPR151C,canonical,conserved,Verified,chrXVI,831055,831675,-
orf260111,chr16_831753,NA,noncanonical,denovo,None,chrXVI,831753,831869,-
orf263657,chr16_832061,YPR152C,canonical,conserved,Verified,chrXVI,832061,833458,-
NA,chr16_833689,YPR153W,canonical,conserved,Verified,chrXVI,833689,834245,+
orf248705,chr16_834565,YPR154W,canonical,conserved,Verified,chrXVI,834565,835212,+
orf248707,chr16_835324,NA,noncanonical,other,None,chrXVI,835324,835392,+
orf256608,chr16_835363,NA,noncanonical,denovo,None,chrXVI,835363,835512,-
orf260097,chr16_835563,YPR155C,canonical,conserved,Verified,chrXVI,835563,837413,-
orf260095,chr16_837714,NA,noncanonical,denovo,None,chrXVI,837714,837806,-
orf260094,chr16_837822,NA,noncanonical,denovo,None,chrXVI,837822,837878,-
orf260093,chr16_837909,YPR156C,canonical,conserved,Verified,chrXVI,837909,839777,-
orf252293,chr16_840266,NA,noncanonical,other,None,chrXVI,840266,840424,+
orf260091,chr16_840588,NA,noncanonical,denovo,None,chrXVI,840588,840734,-
orf255858,chr16_840720,NA,noncanonical,denovo,None,chrXVI,840720,840821,+
orf248735,chr16_841201,NA,noncanonical,other,None,chrXVI,841201,841281,+
orf255862,chr16_841266,YPR157W,canonical,conserved,Uncharacterized,chrXVI,841266,842669,+
orf259340,chr16_84316,NA,noncanonical,other,None,chrXVI,84316,84471,-
orf248748,chr16_843262,YPR158W,canonical,conserved,Verified,chrXVI,843262,844020,+
orf252313,chr16_844010,NA,noncanonical,other,None,chrXVI,844010,844075,+
orf260073,chr16_844227,NA,noncanonical,other,None,chrXVI,844227,844358,-
orf266388,chr16_84509,YPL246C,canonical,conserved,Verified,chrXVI,84509,85297,-
orf246025,chr16_84943,NA,noncanonical,denovo,None,chrXVI,84943,85086,+
orf255884,chr16_850491,NA,noncanonical,other,None,chrXVI,850491,850589,+
orf260035,chr16_850989,NA,noncanonical,other,None,chrXVI,850989,854456,-
orf256541,chr16_854935,YPR158C-C,canonical,conserved,transposable_element_gene,chrXVI,854935,856257,-
orf249484,chr16_85586,YPL245W,canonical,conserved,Uncharacterized,chrXVI,85586,86950,+
orf255921,chr16_857583,YPR159W,canonical,conserved,Verified,chrXVI,857583,859745,+
orf255922,chr16_859758,NA,noncanonical,denovo,None,chrXVI,859758,859838,+
orf252373,chr16_860483,NA,noncanonical,denovo,None,chrXVI,860483,860692,+
orf255927,chr16_861306,YPR160W,canonical,conserved,Verified,chrXVI,861306,864014,+
orf263518,chr16_864449,YPR161C,canonical,conserved,Verified,chrXVI,864449,866422,-
orf256505,chr16_866419,NA,noncanonical,other,None,chrXVI,866419,866514,-
orf259993,chr16_866715,YPR162C,canonical,conserved,Verified,chrXVI,866715,868304,-
orf248875,chr16_867136,NA,noncanonical,other,None,chrXVI,867136,867486,+
orf263505,chr16_868553,NA,noncanonical,denovo,None,chrXVI,868553,868636,-
orf256501,chr16_868645,YPR163C,canonical,conserved,Verified,chrXVI,868645,869955,-
orf266380,chr16_87014,YPL244C,canonical,conserved,Verified,chrXVI,87014,88033,-
orf248884,chr16_870703,YPR164W,canonical,conserved,Verified,chrXVI,870703,874926,+
orf248887,chr16_875368,YPR165W,canonical,conserved,Verified,chrXVI,875368,875997,+
orf255962,chr16_876081,NA,noncanonical,denovo,None,chrXVI,876081,876182,+
orf259957,chr16_876282,YPR166C,canonical,conserved,Verified,chrXVI,876282,876629,-
orf248889,chr16_876499,NA,noncanonical,other,None,chrXVI,876499,876636,+
orf256481,chr16_876847,YPR167C,canonical,conserved,Verified,chrXVI,876847,877632,-
orf248890,chr16_876889,NA,noncanonical,other,None,chrXVI,876889,877089,+
orf255971,chr16_878076,YPR168W,canonical,conserved,Verified,chrXVI,878076,878549,+
orf259946,chr16_878169,NA,noncanonical,other,None,chrXVI,878169,878423,-
orf252456,chr16_878624,YPR169W,canonical,conserved,Verified,chrXVI,878624,880168,+
orf262843,chr16_88155,NA,noncanonical,denovo,None,chrXVI,88155,88235,-
orf259932,chr16_881748,NA,noncanonical,other,None,chrXVI,881748,881813,-
orf248914,chr16_882385,NA,noncanonical,other,None,chrXVI,882385,882582,+
orf263449,chr16_882662,NA,noncanonical,other,None,chrXVI,882662,882814,-
NA,chr16_883239,YPR170W-B,canonical,conserved,Uncharacterized,chrXVI,883239,883595,+
orf259923,chr16_883560,NA,noncanonical,other,None,chrXVI,883560,883673,-
orf248919,chr16_883828,YPR171W,canonical,conserved,Verified,chrXVI,883828,885558,+
orf249489,chr16_88517,YPL243W,canonical,conserved,Verified,chrXVI,88517,90316,+
orf252484,chr16_885587,NA,noncanonical,denovo,None,chrXVI,885587,885622,+
orf248922,chr16_885796,YPR172W,canonical,conserved,Uncharacterized,chrXVI,885796,886398,+
orf259911,chr16_886524,YPR173C,canonical,conserved,Verified,chrXVI,886524,887837,-
orf256441,chr16_888043,YPR174C,canonical,conserved,Verified,chrXVI,888043,888708,-
orf252501,chr16_888965,YPR175W,canonical,conserved,Verified,chrXVI,888965,891043,+
orf263407,chr16_891101,YPR176C,canonical,conserved,Verified,chrXVI,891101,892078,-
orf263406,chr16_892313,YPR177C,noncanonical,other,Dubious,chrXVI,892313,892684,-
orf256031,chr16_892332,YPR178W,canonical,conserved,Verified,chrXVI,892332,893729,+
orf256416,chr16_893797,YPR179C,canonical,conserved,Verified,chrXVI,893797,895764,-
orf252523,chr16_895961,YPR180W,canonical,conserved,Verified,chrXVI,895961,897004,+
orf256408,chr16_897361,YPR181C,canonical,conserved,Verified,chrXVI,897361,899667,-
orf263392,chr16_900176,NA,noncanonical,denovo,None,chrXVI,900176,900469,-
orf252538,chr16_900194,YPR182W,canonical,conserved,Verified,chrXVI,900194,900454,+
orf252540,chr16_900755,YPR183W,canonical,conserved,Verified,chrXVI,900755,901558,+
orf256398,chr16_901096,NA,noncanonical,other,None,chrXVI,901096,901425,-
orf256064,chr16_901920,NA,noncanonical,denovo,None,chrXVI,901920,901994,+
orf248979,chr16_902044,YPR184W,canonical,conserved,Verified,chrXVI,902044,906654,+
orf249490,chr16_90329,NA,noncanonical,denovo,None,chrXVI,90329,90376,+
orf259312,chr16_90622,YPL242C,canonical,conserved,Verified,chrXVI,90622,95109,-
orf256073,chr16_907218,YPR185W,canonical,conserved,Verified,chrXVI,907218,909434,+
orf248992,chr16_909502,NA,noncanonical,other,None,chrXVI,909502,909546,+
orf256358,chr16_909733,YPR186C,canonical,conserved,Verified,chrXVI,909733,911022,-
NA,chr16_911257,YPR187W,canonical,conserved,Verified,chrXVI,911257,911800,+
orf259802,chr16_911988,YPR188C,canonical,conserved,Verified,chrXVI,911988,912479,-
orf249010,chr16_912127,NA,noncanonical,other,None,chrXVI,912127,912435,+
orf249011,chr16_912664,YPR189W,canonical,conserved,Verified,chrXVI,912664,916962,+
orf256335,chr16_917077,YPR190C,canonical,conserved,Verified,chrXVI,917077,919041,-
orf249020,chr16_919381,YPR191W,canonical,conserved,Verified,chrXVI,919381,920487,+
orf256108,chr16_920538,NA,noncanonical,denovo,None,chrXVI,920538,920621,+
orf249021,chr16_920875,NA,noncanonical,denovo,None,chrXVI,920875,921033,+
orf252636,chr16_921860,YPR192W,canonical,conserved,Verified,chrXVI,921860,922777,+
orf256325,chr16_922909,YPR193C,canonical,conserved,Verified,chrXVI,922909,923379,-
orf259752,chr16_923454,NA,noncanonical,other,None,chrXVI,923454,923531,-
orf263322,chr16_923594,NA,noncanonical,denovo,None,chrXVI,923594,923725,-
orf263318,chr16_924179,NA,noncanonical,other,None,chrXVI,924179,924307,-
orf256320,chr16_924304,YPR194C,canonical,conserved,Verified,chrXVI,924304,926937,-
orf252658,chr16_925907,NA,noncanonical,other,None,chrXVI,925907,926041,+
orf256129,chr16_927003,NA,noncanonical,other,None,chrXVI,927003,927116,+
orf256132,chr16_927420,NA,noncanonical,denovo,None,chrXVI,927420,927518,+
orf256319,chr16_927493,NA,noncanonical,other,None,chrXVI,927493,927645,-
orf249049,chr16_927739,NA,noncanonical,denovo,None,chrXVI,927739,927840,+
orf263306,chr16_927965,YPR195C,canonical,other,Uncharacterized,chrXVI,927965,928294,-
orf249050,chr16_928006,NA,noncanonical,denovo,None,chrXVI,928006,928095,+
orf256134,chr16_928092,NA,noncanonical,denovo,None,chrXVI,928092,928205,+
orf256135,chr16_928218,NA,noncanonical,denovo,None,chrXVI,928218,928298,+
orf249054,chr16_928732,NA,noncanonical,other,None,chrXVI,928732,928833,+
orf252673,chr16_928868,NA,noncanonical,other,None,chrXVI,928868,928930,+
orf256136,chr16_928944,NA,noncanonical,other,None,chrXVI,928944,929015,+
orf252674,chr16_929132,NA,noncanonical,other,None,chrXVI,929132,929224,+
orf252676,chr16_929279,NA,noncanonical,other,None,chrXVI,929279,929410,+
orf252677,chr16_929450,NA,noncanonical,other,None,chrXVI,929450,929518,+
orf256139,chr16_929976,NA,noncanonical,other,None,chrXVI,929976,930038,+
orf252678,chr16_930035,NA,noncanonical,other,None,chrXVI,930035,930139,+
orf249057,chr16_930166,NA,noncanonical,other,None,chrXVI,930166,930243,+
orf256308,chr16_930265,NA,noncanonical,other,None,chrXVI,930265,930405,-
orf263295,chr16_930962,NA,noncanonical,other,None,chrXVI,930962,931162,-
orf256143,chr16_931116,NA,noncanonical,other,None,chrXVI,931116,931211,+
orf252685,chr16_931376,YPR196W,canonical,conserved,Uncharacterized,chrXVI,931376,932788,+
orf249072,chr16_932995,NA,noncanonical,other,None,chrXVI,932995,933111,+
orf256290,chr16_933898,YPR197C,noncanonical,other,Dubious,chrXVI,933898,934461,-
orf252693,chr16_934034,YPR198W,canonical,conserved,Verified,chrXVI,934034,935665,+
orf249085,chr16_935662,NA,noncanonical,other,None,chrXVI,935662,935775,+
orf263275,chr16_936182,NA,noncanonical,other,None,chrXVI,936182,936421,-
orf256181,chr16_937059,NA,noncanonical,other,None,chrXVI,937059,937208,+
orf249094,chr16_937432,NA,noncanonical,other,None,chrXVI,937432,937542,+
orf256272,chr16_937603,NA,noncanonical,other,None,chrXVI,937603,937740,-
orf259681,chr16_937725,NA,noncanonical,other,None,chrXVI,937725,937871,-
orf259680,chr16_938148,YPR199C,canonical,conserved,Verified,chrXVI,938148,939032,-
orf259679,chr16_939279,YPR200C,canonical,conserved,Verified,chrXVI,939279,939671,-
orf249104,chr16_939922,YPR201W,canonical,conserved,Verified,chrXVI,939922,941136,+
NA,chr16_943032,YPR202W,canonical,conserved,Uncharacterized,chrXVI,943032,943896,+
orf252732,chr16_943880,YPR203W,canonical,conserved,Uncharacterized,chrXVI,943880,944188,+
orf252733,chr16_944603,YPR204W,canonical,conserved,Verified,chrXVI,944603,947701,+
NA,chr16_95372,YPL241C,canonical,conserved,Verified,chrXVI,95372,96258,-
orf253096,chr16_95544,NA,noncanonical,other,None,chrXVI,95544,95705,+
orf246058,chr16_96052,NA,noncanonical,other,None,chrXVI,96052,96192,+
orf253101,chr16_96378,NA,noncanonical,denovo,None,chrXVI,96378,96470,+
orf246060,chr16_96484,NA,noncanonical,other,None,chrXVI,96484,96630,+
orf259306,chr16_96496,YPL240C,canonical,conserved,Verified,chrXVI,96496,98625,-
orf262786,chr16_98664,NA,noncanonical,denovo,None,chrXVI,98664,98756,-
orf246068,chr16_99484,YPL239W,canonical,conserved,Verified,chrXVI,99484,100086,+
orf22590,chr2_100371,YBL064C,canonical,conserved,Verified,chrII,100371,101156,-
orf11514,chr2_101886,YBL063W,canonical,conserved,Verified,chrII,101886,105221,+
orf19664,chr2_105316,YBL061C,canonical,conserved,Verified,chrII,105316,107406,-
orf5474,chr2_107932,YBL060W,canonical,conserved,Verified,chrII,107932,109995,+
orf17036,chr2_10847,YBL106C,canonical,conserved,Verified,chrII,10847,13879,-
orf22549,chr2_109992,NA,noncanonical,other,None,chrII,109992,110144,-
NA,chr2_110125,YBL059C-A,canonical,conserved,Verified,chrII,110125,110539,-
NA,chr2_110594,YBL059W,canonical,conserved,Uncharacterized,chrII,110594,111244,+
orf16649,chr2_110714,NA,noncanonical,other,None,chrII,110714,110908,-
orf8517,chr2_111437,YBL058W,canonical,conserved,Verified,chrII,111437,112708,+
orf19644,chr2_112801,YBL057C,canonical,conserved,Verified,chrII,112801,113427,-
orf8523,chr2_113762,YBL056W,canonical,conserved,Verified,chrII,113762,115168,+
orf8525,chr2_115325,NA,noncanonical,denovo,None,chrII,115325,115414,+
orf19635,chr2_115573,YBL055C,canonical,conserved,Verified,chrII,115573,116829,-
orf5498,chr2_117589,YBL054W,canonical,conserved,Verified,chrII,117589,119166,+
orf22504,chr2_119379,YBL052C,canonical,conserved,Verified,chrII,119379,121874,-
orf8558,chr2_121931,NA,noncanonical,denovo,None,chrII,121931,122077,+
orf16596,chr2_122504,NA,noncanonical,denovo,None,chrII,122504,122578,-
orf16594,chr2_122753,YBL051C,canonical,conserved,Verified,chrII,122753,124759,-
NA,chr2_125125,YBL050W,canonical,conserved,Verified,chrII,125125,126119,+
orf8571,chr2_126116,NA,noncanonical,other,None,chrII,126116,126253,+
orf16589,chr2_126131,NA,noncanonical,denovo,None,chrII,126131,126277,-
orf22494,chr2_126330,NA,noncanonical,other,None,chrII,126330,126461,-
orf11605,chr2_126828,YBL049W,canonical,conserved,Verified,chrII,126828,127244,+
orf11606,chr2_127299,YBL048W,canonical,other,Uncharacterized,chrII,127299,127610,+
orf5532,chr2_127501,NA,noncanonical,other,None,chrII,127501,127677,+
orf16581,chr2_127793,NA,noncanonical,denovo,None,chrII,127793,127888,-
orf16580,chr2_127895,YBL047C,canonical,conserved,Verified,chrII,127895,132040,-
orf5549,chr2_132424,YBL046W,canonical,conserved,Verified,chrII,132424,133749,+
orf11197,chr2_13260,NA,noncanonical,denovo,None,chrII,13260,13412,+
orf19551,chr2_134143,YBL045C,canonical,conserved,Verified,chrII,134143,135516,-
orf11198,chr2_13437,NA,noncanonical,other,None,chrII,13437,13592,+
orf8607,chr2_135998,YBL044W,canonical,other,Uncharacterized,chrII,135998,136366,+
orf8610,chr2_136688,YBL043W,canonical,conserved,Verified,chrII,136688,137461,+
orf8611,chr2_137468,NA,noncanonical,denovo,None,chrII,137468,137560,+
orf5563,chr2_138169,NA,noncanonical,other,None,chrII,138169,138270,+
orf19542,chr2_138223,NA,noncanonical,denovo,None,chrII,138223,138306,-
orf16555,chr2_138341,YBL042C,canonical,conserved,Verified,chrII,138341,140260,-
orf5581,chr2_141247,YBL041W,canonical,conserved,Verified,chrII,141247,141972,+
orf11653,chr2_141972,NA,noncanonical,other,None,chrII,141972,142097,+
NA,chr2_142112,YBL040C,canonical,conserved,Verified,chrII,142112,142868,-
orf22938,chr2_14241,YBL105C,canonical,conserved,Verified,chrII,14241,17696,-
orf8637,chr2_143189,NA,noncanonical,other,None,chrII,143189,143236,+
orf8638,chr2_143393,YBL039W-B,canonical,conserved,Uncharacterized,chrII,143393,143572,+
orf19518,chr2_143989,YBL039C,canonical,conserved,Verified,chrII,143989,145728,-
orf22434,chr2_145725,NA,noncanonical,other,None,chrII,145725,145841,-
orf11673,chr2_146187,YBL038W,canonical,conserved,Verified,chrII,146187,146885,+
orf11674,chr2_146910,NA,noncanonical,denovo,None,chrII,146910,147035,+
orf8658,chr2_147209,YBL037W,canonical,conserved,Verified,chrII,147209,150286,+
orf22417,chr2_150447,YBL036C,canonical,conserved,Verified,chrII,150447,151220,-
orf16510,chr2_151493,YBL035C,canonical,conserved,Verified,chrII,151493,153610,-
orf16509,chr2_153848,YBL034C,canonical,conserved,Verified,chrII,153848,158389,-
orf19450,chr2_158656,YBL033C,canonical,conserved,Verified,chrII,158656,159693,-
orf16503,chr2_159920,NA,noncanonical,denovo,None,chrII,159920,160093,-
orf8695,chr2_160184,YBL032W,canonical,conserved,Verified,chrII,160184,161329,+
orf8699,chr2_161699,YBL031W,canonical,conserved,Verified,chrII,161699,162715,+
orf19438,chr2_162814,NA,noncanonical,other,None,chrII,162814,162867,-
orf19437,chr2_162913,NA,noncanonical,denovo,None,chrII,162913,162963,-
orf22386,chr2_163041,YBL030C,canonical,conserved,Verified,chrII,163041,163997,-
orf19431,chr2_164488,YBL029C-A,canonical,conserved,Verified,chrII,164488,164772,-
orf8711,chr2_164528,NA,noncanonical,other,None,chrII,164528,164674,+
orf16483,chr2_164825,NA,noncanonical,denovo,None,chrII,164825,165034,-
orf16481,chr2_165437,NA,noncanonical,denovo,None,chrII,165437,165607,-
orf11756,chr2_166134,YBL029W,canonical,conserved,Uncharacterized,chrII,166134,167264,+
orf16475,chr2_166523,NA,noncanonical,other,None,chrII,166523,166684,-
orf11757,chr2_167286,NA,noncanonical,denovo,None,chrII,167286,167417,+
orf16472,chr2_167321,NA,noncanonical,denovo,None,chrII,167321,167464,-
orf19420,chr2_167518,YBL028C,canonical,conserved,Verified,chrII,167518,167838,-
NA,chr2_168423,YBL027W,canonical,conserved,Verified,chrII,168423,169376,+
orf16466,chr2_169415,NA,noncanonical,other,None,chrII,169415,169573,-
orf16465,chr2_169634,NA,noncanonical,other,None,chrII,169634,169870,-
orf8726,chr2_169805,NA,noncanonical,denovo,None,chrII,169805,170035,+
NA,chr2_170623,YBL026W,canonical,conserved,Verified,chrII,170623,171038,+
orf8730,chr2_171044,NA,noncanonical,other,None,chrII,171044,171136,+
orf5678,chr2_171145,NA,noncanonical,other,None,chrII,171145,171264,+
orf5681,chr2_171481,YBL025W,canonical,conserved,Verified,chrII,171481,171918,+
orf8739,chr2_172271,NA,noncanonical,denovo,None,chrII,172271,172315,+
orf5685,chr2_172534,YBL024W,canonical,conserved,Verified,chrII,172534,174588,+
orf22348,chr2_174786,NA,noncanonical,other,None,chrII,174786,174890,-
orf16443,chr2_174920,YBL023C,canonical,conserved,Verified,chrII,174920,177526,-
orf19360,chr2_177874,YBL022C,canonical,conserved,Verified,chrII,177874,181275,-
orf16436,chr2_181331,NA,noncanonical,denovo,None,chrII,181331,181432,-
orf19358,chr2_181660,YBL021C,canonical,conserved,Verified,chrII,181660,182094,-
orf22937,chr2_18177,YBL104C,canonical,conserved,Verified,chrII,18177,21425,-
orf8783,chr2_181787,NA,noncanonical,other,None,chrII,181787,182047,+
orf22313,chr2_182265,NA,noncanonical,other,None,chrII,182265,182516,-
orf5710,chr2_182401,YBL020W,canonical,conserved,Verified,chrII,182401,184125,+
orf11821,chr2_184353,YBL019W,canonical,conserved,Verified,chrII,184353,185915,+
NA,chr2_185998,YBL018C,canonical,conserved,Verified,chrII,185998,186474,-
orf19339,chr2_186844,YBL017C,canonical,conserved,Verified,chrII,186844,191583,-
orf22254,chr2_191721,NA,noncanonical,denovo,None,chrII,191721,191798,-
orf5742,chr2_192148,NA,noncanonical,denovo,None,chrII,192148,192270,+
orf22251,chr2_192411,NA,noncanonical,other,None,chrII,192411,192680,-
orf5744,chr2_192451,YBL016W,canonical,conserved,Verified,chrII,192451,193512,+
orf19330,chr2_193525,NA,noncanonical,denovo,None,chrII,193525,193596,-
orf11859,chr2_193548,NA,noncanonical,denovo,None,chrII,193548,193628,+
orf16392,chr2_193706,NA,noncanonical,other,None,chrII,193706,193870,-
orf5748,chr2_194122,YBL015W,canonical,conserved,Verified,chrII,194122,195702,+
orf8828,chr2_195794,NA,noncanonical,denovo,None,chrII,195794,195847,+
orf8833,chr2_196475,NA,noncanonical,denovo,None,chrII,196475,196582,+
orf11872,chr2_196737,NA,noncanonical,other,None,chrII,196737,196889,+
orf22229,chr2_198126,NA,noncanonical,other,None,chrII,198126,198242,-
orf16372,chr2_199064,YBL014C,canonical,conserved,Verified,chrII,199064,201748,-
orf22215,chr2_201741,NA,noncanonical,other,None,chrII,201741,201827,-
orf11896,chr2_202056,YBL013W,canonical,conserved,Verified,chrII,202056,203261,+
orf11897,chr2_203361,NA,noncanonical,denovo,None,chrII,203361,203429,+
orf11898,chr2_203538,YBL011W,canonical,conserved,Verified,chrII,203538,205817,+
orf5799,chr2_205810,NA,noncanonical,other,None,chrII,205810,205878,+
orf19274,chr2_206107,YBL010C,canonical,conserved,Verified,chrII,206107,206949,-
orf8866,chr2_207194,YBL009W,canonical,conserved,Verified,chrII,207194,209224,+
orf19266,chr2_209026,NA,noncanonical,other,None,chrII,209026,209298,-
orf5811,chr2_209653,YBL008W,canonical,conserved,Verified,chrII,209653,212175,+
orf19248,chr2_212632,YBL007C,canonical,conserved,Verified,chrII,212632,216366,-
orf16319,chr2_216407,NA,noncanonical,denovo,None,chrII,216407,216451,-
orf16317,chr2_216587,YBL006C,canonical,conserved,Verified,chrII,216587,217129,-
orf11948,chr2_216711,YBL006W-A,noncanonical,other,Dubious,chrII,216711,216860,+
orf8910,chr2_216938,NA,noncanonical,other,None,chrII,216938,217069,+
orf11950,chr2_217470,YBL005W,canonical,conserved,Verified,chrII,217470,220400,+
orf19933,chr2_21946,NA,noncanonical,other,None,chrII,21946,21999,-
orf22129,chr2_220542,NA,noncanonical,other,None,chrII,220542,220592,-
orf22128,chr2_220665,NA,noncanonical,other,None,chrII,220665,220760,-
orf16967,chr2_22076,YBL103C,canonical,conserved,Verified,chrII,22076,23536,-
orf22127,chr2_220797,NA,noncanonical,other,None,chrII,220797,220886,-
orf5847,chr2_220981,NA,noncanonical,other,None,chrII,220981,221115,+
orf8922,chr2_221330,YBL005W-A,canonical,conserved,transposable_element_gene,chrII,221330,222652,+
orf11966,chr2_223131,NA,noncanonical,other,None,chrII,223131,226598,+
orf8938,chr2_227636,YBL004W,canonical,conserved,Verified,chrII,227636,235117,+
orf16245,chr2_235394,YBL003C,canonical,conserved,Verified,chrII,235394,235792,-
orf22057,chr2_235833,NA,noncanonical,denovo,None,chrII,235833,235973,-
orf8943,chr2_236366,NA,noncanonical,other,None,chrII,236366,236440,+
orf8944,chr2_236492,YBL002W,canonical,conserved,Verified,chrII,236492,236887,+
orf16240,chr2_236807,NA,noncanonical,denovo,None,chrII,236807,236917,-
orf19147,chr2_237115,NA,noncanonical,other,None,chrII,237115,237156,-
orf22051,chr2_237153,YBL001C,canonical,conserved,Verified,chrII,237153,237467,-
orf8951,chr2_238568,NA,noncanonical,other,None,chrII,238568,238621,+
orf22044,chr2_238941,YBR001C,canonical,conserved,Verified,chrII,238941,241283,-
orf8167,chr2_24098,YBL102W,canonical,conserved,Verified,chrII,24098,24745,+
orf16209,chr2_241451,NA,noncanonical,denovo,None,chrII,241451,241606,-
orf16208,chr2_241613,NA,noncanonical,other,None,chrII,241613,241657,-
orf12048,chr2_241674,NA,noncanonical,denovo,None,chrII,241674,241847,+
orf19136,chr2_241708,YBR002C,canonical,conserved,Verified,chrII,241708,242568,-
orf8971,chr2_242054,NA,noncanonical,other,None,chrII,242054,242356,+
orf5925,chr2_242809,YBR003W,canonical,conserved,Verified,chrII,242809,244230,+
orf19124,chr2_244366,YBR004C,canonical,conserved,Verified,chrII,244366,245667,-
orf8990,chr2_245906,YBR005W,canonical,conserved,Verified,chrII,245906,246547,+
orf8992,chr2_247010,YBR006W,canonical,conserved,Verified,chrII,247010,248503,+
orf19112,chr2_248806,YBR007C,canonical,conserved,Verified,chrII,248806,251016,-
orf19914,chr2_24946,YBL101C,canonical,conserved,Verified,chrII,24946,28299,-
orf9004,chr2_251621,NA,noncanonical,denovo,None,chrII,251621,251731,+
orf12095,chr2_251853,NA,noncanonical,denovo,None,chrII,251853,251942,+
orf16177,chr2_252563,YBR008C,canonical,conserved,Verified,chrII,252563,254209,-
orf19094,chr2_254290,NA,noncanonical,other,None,chrII,254290,254370,-
orf12107,chr2_254526,NA,noncanonical,denovo,None,chrII,254526,254789,+
orf21991,chr2_254625,NA,noncanonical,denovo,None,chrII,254625,254759,-
orf16172,chr2_254837,NA,noncanonical,other,None,chrII,254837,254914,-
orf21988,chr2_255228,NA,noncanonical,other,None,chrII,255228,255260,-
orf19088,chr2_255373,YBR009C,canonical,conserved,Verified,chrII,255373,255684,-
orf16170,chr2_255674,NA,noncanonical,other,None,chrII,255674,255766,-
orf9024,chr2_256331,YBR010W,canonical,conserved,Verified,chrII,256331,256741,+
orf19081,chr2_257056,NA,noncanonical,other,None,chrII,257056,257094,-
orf21981,chr2_257112,YBR011C,canonical,conserved,Verified,chrII,257112,257975,-
orf12116,chr2_258483,NA,noncanonical,denovo,None,chrII,258483,258605,+
orf19074,chr2_259147,YBR012C,noncanonical,other,Dubious,chrII,259147,259566,-
orf12124,chr2_259869,YBR012W-A,canonical,conserved,transposable_element_gene,chrII,259869,261191,+
orf5996,chr2_261670,NA,noncanonical,other,None,chrII,261670,265140,+
orf19043,chr2_265492,YBR013C,canonical,conserved,Uncharacterized,chrII,265492,265881,-
orf21941,chr2_265977,NA,noncanonical,other,None,chrII,265977,266075,-
orf19040,chr2_266725,YBR014C,canonical,conserved,Verified,chrII,266725,267336,-
orf16109,chr2_267710,YBR015C,canonical,conserved,Verified,chrII,267710,269503,-
orf6017,chr2_270247,YBR016W,canonical,conserved,Verified,chrII,270247,270633,+
orf16106,chr2_270254,NA,noncanonical,denovo,None,chrII,270254,270598,-
orf6018,chr2_270658,NA,noncanonical,other,None,chrII,270658,270774,+
orf12155,chr2_270777,NA,noncanonical,denovo,None,chrII,270777,270938,+
orf16104,chr2_270947,YBR017C,canonical,conserved,Verified,chrII,270947,273703,-
orf16099,chr2_274427,YBR018C,canonical,conserved,Verified,chrII,274427,275527,-
orf18986,chr2_276253,YBR019C,canonical,conserved,Verified,chrII,276253,278352,-
orf12182,chr2_279021,YBR020W,canonical,conserved,Verified,chrII,279021,280607,+
orf20022,chr2_280,YBL113C,canonical,conserved,Uncharacterized,chrII,280,2658,-
orf16082,chr2_280511,NA,noncanonical,denovo,None,chrII,280511,280648,-
orf6065,chr2_281443,YBR021W,canonical,conserved,Verified,chrII,281443,283344,+
orf18970,chr2_283111,NA,noncanonical,denovo,None,chrII,283111,283353,-
orf18968,chr2_283429,NA,noncanonical,denovo,None,chrII,283429,283491,-
orf6067,chr2_283738,YBR022W,canonical,conserved,Verified,chrII,283738,284271,+
orf8182,chr2_28427,YBL100W-C,canonical,denovo,Uncharacterized,chrII,28427,28546,+
orf18963,chr2_284428,YBR023C,canonical,conserved,Verified,chrII,284428,287925,-
orf5203,chr2_28690,NA,noncanonical,denovo,None,chrII,28690,28818,+
orf6082,chr2_288226,NA,noncanonical,denovo,None,chrII,288226,288378,+
orf9155,chr2_289445,YBR024W,canonical,conserved,Verified,chrII,289445,290350,+
orf16041,chr2_290471,NA,noncanonical,other,None,chrII,290471,290557,-
orf18951,chr2_290494,NA,noncanonical,denovo,None,chrII,290494,290607,-
orf16040,chr2_290681,YBR025C,canonical,conserved,Verified,chrII,290681,291865,-
NA,chr2_2907,YBL111C,canonical,conserved,Verified,chrII,2907,5009,-
orf12233,chr2_291747,NA,noncanonical,other,None,chrII,291747,291926,+
orf21822,chr2_292797,NA,noncanonical,other,None,chrII,292797,292883,-
orf16036,chr2_292877,YBR026C,canonical,conserved,Verified,chrII,292877,294019,-
orf21820,chr2_294024,YBR027C,canonical,other,Uncharacterized,chrII,294024,294356,-
orf16034,chr2_294425,YBR028C,canonical,conserved,Verified,chrII,294425,296002,-
orf16032,chr2_296369,YBR029C,canonical,conserved,Verified,chrII,296369,297742,-
orf12255,chr2_297510,NA,noncanonical,other,None,chrII,297510,297770,+
orf18907,chr2_297721,NA,noncanonical,other,None,chrII,297721,297867,-
orf9191,chr2_298292,YBR030W,canonical,conserved,Verified,chrII,298292,299950,+
orf5211,chr2_29935,YBL100W-A,canonical,conserved,transposable_element_gene,chrII,29935,31251,+
orf6137,chr2_300166,YBR031W,canonical,conserved,Verified,chrII,300166,301254,+
orf6139,chr2_301519,YBR032W,canonical,denovo,Uncharacterized,chrII,301519,301821,+
orf12274,chr2_301776,NA,noncanonical,other,None,chrII,301776,301922,+
orf12275,chr2_301944,YBR033W,canonical,conserved,Uncharacterized,chrII,301944,304703,+
orf21799,chr2_302037,NA,noncanonical,other,None,chrII,302037,302156,-
orf16002,chr2_303878,NA,noncanonical,denovo,None,chrII,303878,304087,-
orf16001,chr2_304166,NA,noncanonical,other,None,chrII,304166,304282,-
orf19906,chr2_30451,NA,noncanonical,other,None,chrII,30451,30615,-
orf6156,chr2_304789,NA,noncanonical,other,None,chrII,304789,304869,+
orf18881,chr2_304930,YBR034C,canonical,conserved,Verified,chrII,304930,305976,-
orf18880,chr2_306004,NA,noncanonical,denovo,None,chrII,306004,306159,-
orf15995,chr2_306269,YBR035C,canonical,conserved,Verified,chrII,306269,306955,-
orf6165,chr2_306295,NA,noncanonical,other,None,chrII,306295,306435,+
orf9216,chr2_306575,NA,noncanonical,other,None,chrII,306575,306763,+
orf12280,chr2_307149,NA,noncanonical,denovo,None,chrII,307149,307355,+
orf21773,chr2_307959,NA,noncanonical,other,None,chrII,307959,308039,-
orf21772,chr2_308673,NA,noncanonical,denovo,None,chrII,308673,308963,-
orf21770,chr2_309081,YBR036C,canonical,conserved,Verified,chrII,309081,310313,-
orf15977,chr2_310565,YBR037C,canonical,conserved,Verified,chrII,310565,311452,-
orf12296,chr2_311898,YBR038W,canonical,conserved,Verified,chrII,311898,314789,+
orf8200,chr2_31208,NA,noncanonical,other,None,chrII,31208,35248,+
orf9250,chr2_315575,YBR039W,canonical,conserved,Verified,chrII,315575,316510,+
orf6209,chr2_316507,NA,noncanonical,other,None,chrII,316507,316665,+
orf12310,chr2_316968,YBR040W,canonical,conserved,Verified,chrII,316968,317864,+
orf9260,chr2_318266,YBR041W,canonical,conserved,Verified,chrII,318266,320275,+
orf18817,chr2_320416,YBR042C,canonical,conserved,Verified,chrII,320416,321609,-
orf21723,chr2_321876,YBR043C,canonical,conserved,Verified,chrII,321876,323945,-
orf18813,chr2_323899,NA,noncanonical,other,None,chrII,323899,324009,-
orf15929,chr2_324341,YBR044C,canonical,conserved,Verified,chrII,324341,326059,-
orf18785,chr2_327136,NA,noncanonical,other,None,chrII,327136,327333,-
orf18782,chr2_327883,NA,noncanonical,denovo,None,chrII,327883,327972,-
orf21706,chr2_328173,YBR045C,canonical,conserved,Verified,chrII,328173,330092,-
orf12367,chr2_329745,NA,noncanonical,other,None,chrII,329745,329978,+
orf21705,chr2_330342,NA,noncanonical,denovo,None,chrII,330342,330410,-
orf21704,chr2_330507,YBR046C,canonical,conserved,Verified,chrII,330507,331511,-
orf12374,chr2_331833,YBR047W,canonical,conserved,Uncharacterized,chrII,331833,332360,+
NA,chr2_332831,YBR048W,canonical,conserved,Verified,chrII,332831,333812,+
orf21694,chr2_334293,NA,noncanonical,other,None,chrII,334293,334346,-
orf21693,chr2_334386,YBR049C,canonical,conserved,Verified,chrII,334386,336818,-
orf18755,chr2_337183,YBR050C,canonical,conserved,Verified,chrII,337183,338199,-
orf15867,chr2_338720,YBR052C,canonical,conserved,Verified,chrII,338720,339352,-
orf21682,chr2_339675,YBR053C,canonical,conserved,Uncharacterized,chrII,339675,340751,-
orf6300,chr2_339745,NA,noncanonical,other,None,chrII,339745,339915,+
orf6301,chr2_340360,NA,noncanonical,other,None,chrII,340360,340539,+
orf15855,chr2_341129,NA,noncanonical,denovo,None,chrII,341129,341389,-
orf12408,chr2_341160,NA,noncanonical,denovo,None,chrII,341160,341288,+
orf12412,chr2_341982,NA,noncanonical,denovo,None,chrII,341982,342098,+
orf9346,chr2_342581,NA,noncanonical,other,None,chrII,342581,342694,+
orf9347,chr2_342710,NA,noncanonical,denovo,None,chrII,342710,342784,+
orf12416,chr2_343101,YBR054W,canonical,conserved,Verified,chrII,343101,344135,+
orf18728,chr2_344068,NA,noncanonical,denovo,None,chrII,344068,344253,-
orf12418,chr2_344160,NA,noncanonical,denovo,None,chrII,344160,344258,+
orf12421,chr2_344529,NA,noncanonical,other,None,chrII,344529,344573,+
orf18724,chr2_344602,YBR055C,canonical,conserved,Verified,chrII,344602,347301,-
orf9355,chr2_347879,YBR056W,canonical,conserved,Verified,chrII,347879,349384,+
orf9356,chr2_349595,NA,noncanonical,other,None,chrII,349595,349699,+
orf6340,chr2_350188,NA,noncanonical,other,None,chrII,350188,350277,+
orf21630,chr2_350616,NA,noncanonical,other,None,chrII,350616,350741,-
orf12459,chr2_351255,YBR056W-A,canonical,conserved,Uncharacterized,chrII,351255,351455,+
orf12460,chr2_351498,NA,noncanonical,other,None,chrII,351498,351560,+
orf9367,chr2_351614,NA,noncanonical,denovo,None,chrII,351614,351646,+
orf6349,chr2_351766,NA,noncanonical,other,None,chrII,351766,351828,+
orf15808,chr2_352106,NA,noncanonical,other,None,chrII,352106,352165,-
orf15807,chr2_352193,YBR057C,canonical,conserved,Verified,chrII,352193,353293,-
orf21622,chr2_353463,NA,noncanonical,other,None,chrII,353463,353678,-
orf15806,chr2_353672,YBR058C,canonical,conserved,Verified,chrII,353672,356083,-
orf15805,chr2_356285,NA,noncanonical,denovo,None,chrII,356285,356323,-
orf15804,chr2_356324,YBR058C-A,canonical,conserved,Verified,chrII,356324,356566,-
orf12479,chr2_356487,NA,noncanonical,other,None,chrII,356487,356627,+
orf15801,chr2_356861,YBR059C,canonical,conserved,Verified,chrII,356861,360187,-
orf18634,chr2_360652,YBR060C,canonical,conserved,Verified,chrII,360652,362514,-
orf6398,chr2_362959,NA,noncanonical,other,None,chrII,362959,363066,+
orf6400,chr2_363304,NA,noncanonical,other,None,chrII,363304,363384,+
orf6402,chr2_363634,NA,noncanonical,other,None,chrII,363634,363699,+
orf15789,chr2_364787,YBR061C,canonical,conserved,Verified,chrII,364787,365719,-
NA,chr2_365976,YBR062C,canonical,conserved,Uncharacterized,chrII,365976,366600,-
orf15782,chr2_366641,NA,noncanonical,denovo,None,chrII,366641,366862,-
orf18616,chr2_366970,YBR063C,canonical,conserved,Uncharacterized,chrII,366970,368184,-
orf15779,chr2_368318,NA,noncanonical,denovo,None,chrII,368318,368437,-
orf18613,chr2_368584,YBR065C,canonical,conserved,Verified,chrII,368584,369678,-
orf15774,chr2_370037,YBR066C,canonical,conserved,Verified,chrII,370037,370699,-
orf11312,chr2_37053,YBL099W,canonical,conserved,Verified,chrII,37053,38690,+
orf12527,chr2_370692,NA,noncanonical,denovo,None,chrII,370692,370784,+
orf18607,chr2_370807,NA,noncanonical,other,None,chrII,370807,371025,-
orf15771,chr2_371081,NA,noncanonical,denovo,None,chrII,371081,371347,-
orf12529,chr2_371346,NA,noncanonical,other,None,chrII,371346,371561,+
orf18604,chr2_371551,NA,noncanonical,denovo,None,chrII,371551,371724,-
orf15769,chr2_371711,NA,noncanonical,denovo,None,chrII,371711,371818,-
orf9455,chr2_371723,NA,noncanonical,denovo,None,chrII,371723,371824,+
orf18603,chr2_371821,NA,noncanonical,denovo,None,chrII,371821,371934,-
orf18602,chr2_372103,YBR067C,canonical,conserved,Verified,chrII,372103,372735,-
orf12531,chr2_372255,NA,noncanonical,other,None,chrII,372255,372329,+
orf18601,chr2_372934,NA,noncanonical,denovo,None,chrII,372934,373200,-
orf9459,chr2_372995,NA,noncanonical,other,None,chrII,372995,373174,+
orf18596,chr2_373861,YBR068C,canonical,conserved,Verified,chrII,373861,375690,-
orf9464,chr2_374177,NA,noncanonical,other,None,chrII,374177,374431,+
orf15758,chr2_375719,NA,noncanonical,denovo,None,chrII,375719,375847,-
orf18594,chr2_375847,NA,noncanonical,denovo,None,chrII,375847,375903,-
orf15755,chr2_376337,NA,noncanonical,other,None,chrII,376337,376387,-
orf15754,chr2_376436,NA,noncanonical,other,None,chrII,376436,376483,-
orf6453,chr2_376486,NA,noncanonical,denovo,None,chrII,376486,376602,+
orf15753,chr2_376574,YBR069C,canonical,conserved,Verified,chrII,376574,378433,-
orf21514,chr2_379221,YBR070C,canonical,conserved,Verified,chrII,379221,379934,-
orf9488,chr2_380411,YBR071W,canonical,conserved,Verified,chrII,380411,381046,+
orf21507,chr2_380967,NA,noncanonical,other,None,chrII,380967,381059,-
orf21503,chr2_381303,NA,noncanonical,denovo,None,chrII,381303,381503,-
orf6479,chr2_382030,YBR072W,canonical,conserved,Verified,chrII,382030,382674,+
orf21496,chr2_382671,NA,noncanonical,denovo,None,chrII,382671,382751,-
orf12585,chr2_383112,YBR073W,canonical,conserved,Verified,chrII,383112,385988,+
orf12586,chr2_386286,YBR074W,canonical,conserved,Verified,chrII,386286,389216,+
orf8210,chr2_38711,NA,noncanonical,other,None,chrII,38711,38851,+
orf9510,chr2_390227,YBR076W,canonical,conserved,Verified,chrII,390227,391291,+
orf18537,chr2_390238,NA,noncanonical,other,None,chrII,390238,390414,-
orf21470,chr2_390516,NA,noncanonical,other,None,chrII,390516,390638,-
orf18536,chr2_390616,NA,noncanonical,other,None,chrII,390616,390726,-
orf18531,chr2_391351,YBR076C-A,noncanonical,denovo,Dubious,chrII,391351,391617,-
orf5238,chr2_39145,YBL098W,canonical,conserved,Verified,chrII,39145,40527,+
orf12596,chr2_391452,NA,noncanonical,other,None,chrII,391452,391598,+
orf15703,chr2_391805,YBR077C,canonical,conserved,Verified,chrII,391805,392293,-
orf9513,chr2_392225,NA,noncanonical,denovo,None,chrII,392225,392368,+
orf18525,chr2_392479,NA,noncanonical,denovo,None,chrII,392479,392640,-
NA,chr2_393123,YBR078W,canonical,conserved,Verified,chrII,393123,394742,+
orf15696,chr2_393572,NA,noncanonical,other,None,chrII,393572,394150,-
orf21459,chr2_395316,NA,noncanonical,other,None,chrII,395316,395369,-
orf9518,chr2_395318,NA,noncanonical,denovo,None,chrII,395318,395569,+
orf18514,chr2_395383,YBR079C,canonical,conserved,Verified,chrII,395383,398277,-
orf18513,chr2_398374,NA,noncanonical,denovo,None,chrII,398374,398529,-
orf18512,chr2_398614,YBR080C,canonical,conserved,Verified,chrII,398614,400890,-
orf21422,chr2_401253,YBR081C,canonical,conserved,Verified,chrII,401253,405251,-
orf21416,chr2_405978,NA,noncanonical,other,None,chrII,405978,406121,-
orf18499,chr2_406495,NA,noncanonical,other,None,chrII,406495,406572,-
NA,chr2_406628,YBR082C,canonical,conserved,Verified,chrII,406628,407169,-
orf6582,chr2_407710,NA,noncanonical,other,None,chrII,407710,407802,+
orf18494,chr2_408121,NA,noncanonical,denovo,None,chrII,408121,408339,-
orf5240,chr2_40831,YBL097W,canonical,conserved,Verified,chrII,40831,43095,+
orf9573,chr2_408914,NA,noncanonical,other,None,chrII,408914,408982,+
orf12654,chr2_409068,NA,noncanonical,other,None,chrII,409068,409166,+
orf9574,chr2_409169,YBR083W,canonical,conserved,Verified,chrII,409169,410629,+
orf12665,chr2_411054,YBR084W,canonical,conserved,Verified,chrII,411054,413981,+
NA,chr2_414186,YBR084C-A,canonical,conserved,Verified,chrII,414186,415261,-
orf12669,chr2_414558,NA,noncanonical,other,None,chrII,414558,414686,+
orf15609,chr2_415388,NA,noncanonical,denovo,None,chrII,415388,415462,-
orf12674,chr2_415983,YBR085W,canonical,conserved,Verified,chrII,415983,416906,+
orf18452,chr2_417151,NA,noncanonical,denovo,None,chrII,417151,417255,-
orf18449,chr2_417424,NA,noncanonical,other,None,chrII,417424,417504,-
orf18440,chr2_418831,NA,noncanonical,other,None,chrII,418831,418869,-
orf15597,chr2_418907,YBR085C-A,canonical,conserved,Verified,chrII,418907,419164,-
orf15596,chr2_419300,NA,noncanonical,denovo,None,chrII,419300,419416,-
orf21375,chr2_419532,NA,noncanonical,denovo,None,chrII,419532,419723,-
orf21373,chr2_419982,NA,noncanonical,denovo,None,chrII,419982,420143,-
orf21372,chr2_420201,YBR086C,canonical,conserved,Verified,chrII,420201,423041,-
orf15577,chr2_423068,NA,noncanonical,denovo,None,chrII,423068,423103,-
orf6654,chr2_423598,NA,noncanonical,denovo,None,chrII,423598,423711,+
orf12705,chr2_423765,YBR087W,canonical,conserved,Verified,chrII,423765,424829,+
orf18422,chr2_424990,YBR088C,canonical,conserved,Verified,chrII,424990,425766,-
orf21359,chr2_426021,NA,noncanonical,other,None,chrII,426021,426113,-
orf18419,chr2_426190,YBR089C-A,canonical,conserved,Verified,chrII,426190,426489,-
NA,chr2_426333,YBR090C,canonical,conserved,Uncharacterized,chrII,426333,427058,-
orf21353,chr2_427155,YBR091C,canonical,conserved,Verified,chrII,427155,427484,-
orf21352,chr2_427698,YBR092C,canonical,conserved,Verified,chrII,427698,429101,-
orf9631,chr2_428309,NA,noncanonical,other,None,chrII,428309,428437,+
orf15550,chr2_429548,YBR093C,canonical,conserved,Verified,chrII,429548,430951,-
orf9640,chr2_430727,NA,noncanonical,other,None,chrII,430727,430879,+
orf21341,chr2_431070,NA,noncanonical,denovo,None,chrII,431070,431177,-
orf12737,chr2_432036,YBR094W,canonical,conserved,Verified,chrII,432036,434297,+
orf8246,chr2_43277,YBL095W,canonical,conserved,Uncharacterized,chrII,43277,44089,+
orf21331,chr2_434406,YBR095C,canonical,conserved,Verified,chrII,434406,435767,-
orf6718,chr2_436021,YBR096W,canonical,conserved,Uncharacterized,chrII,436021,436713,+
orf6719,chr2_436951,YBR097W,canonical,conserved,Verified,chrII,436951,441315,+
orf19850,chr2_43765,YBL094C,noncanonical,other,Dubious,chrII,43765,44097,-
orf16891,chr2_44129,NA,noncanonical,denovo,None,chrII,44129,44206,-
orf9698,chr2_441515,YBR098W,canonical,conserved,Verified,chrII,441515,443590,+
orf18366,chr2_441628,NA,noncanonical,denovo,None,chrII,441628,442056,-
orf22834,chr2_44256,YBL093C,canonical,conserved,Verified,chrII,44256,44918,-
orf21306,chr2_443262,NA,noncanonical,denovo,None,chrII,443262,443462,-
orf15494,chr2_443657,NA,noncanonical,other,None,chrII,443657,443692,-
orf21304,chr2_443706,NA,noncanonical,other,None,chrII,443706,443831,-
orf18363,chr2_443821,YBR101C,canonical,conserved,Verified,chrII,443821,444693,-
orf21295,chr2_444696,NA,noncanonical,denovo,None,chrII,444696,444884,-
orf21293,chr2_445062,YBR102C,canonical,conserved,Verified,chrII,445062,447323,-
orf6740,chr2_447709,YBR103W,canonical,conserved,Verified,chrII,447709,449316,+
orf12798,chr2_449667,YBR104W,canonical,conserved,Verified,chrII,449667,450656,+
orf21282,chr2_450681,NA,noncanonical,denovo,None,chrII,450681,450752,-
orf15459,chr2_450881,YBR105C,canonical,conserved,Verified,chrII,450881,451969,-
orf12805,chr2_452658,YBR106W,canonical,conserved,Verified,chrII,452658,453224,+
orf15452,chr2_453575,NA,noncanonical,other,None,chrII,453575,453667,-
orf12808,chr2_453675,NA,noncanonical,denovo,None,chrII,453675,453806,+
orf18336,chr2_453793,YBR107C,canonical,conserved,Verified,chrII,453793,454530,-
orf9741,chr2_453869,NA,noncanonical,other,None,chrII,453869,453955,+
orf9742,chr2_454121,NA,noncanonical,other,None,chrII,454121,454267,+
orf9746,chr2_454427,NA,noncanonical,other,None,chrII,454427,454525,+
orf6766,chr2_454822,YBR108W,canonical,conserved,Verified,chrII,454822,457665,+
orf11328,chr2_45669,NA,noncanonical,other,None,chrII,45669,45770,+
orf15435,chr2_457919,YBR109C,canonical,conserved,Verified,chrII,457919,458362,-
orf15434,chr2_458381,NA,noncanonical,denovo,None,chrII,458381,458599,-
orf5254,chr2_45853,NA,noncanonical,other,None,chrII,45853,45939,+
orf6769,chr2_458560,YBR109W-A,noncanonical,other,Dubious,chrII,458560,458832,+
orf6770,chr2_458872,YBR110W,canonical,conserved,Verified,chrII,458872,460221,+
orf11329,chr2_45978,YBL092W,canonical,conserved,Verified,chrII,45978,46370,+
orf9776,chr2_460226,NA,noncanonical,denovo,None,chrII,460226,460291,+
orf15428,chr2_460373,NA,noncanonical,other,None,chrII,460373,460480,-
orf21248,chr2_461097,NA,noncanonical,denovo,None,chrII,461097,461138,-
orf21247,chr2_461178,YBR111C,canonical,conserved,Verified,chrII,461178,461873,-
NA,chr2_462139,YBR111W-A,canonical,conserved,Verified,chrII,462139,462579,+
orf12830,chr2_462576,NA,noncanonical,other,None,chrII,462576,462650,+
orf21242,chr2_462741,NA,noncanonical,denovo,None,chrII,462741,462821,-
orf21241,chr2_462870,YBR112C,canonical,conserved,Verified,chrII,462870,465770,-
NA,chr2_46565,YBL091C-A,canonical,conserved,Verified,chrII,46565,47180,-
orf9802,chr2_466928,NA,noncanonical,denovo,None,chrII,466928,467098,+
orf6801,chr2_467248,YBR114W,canonical,conserved,Verified,chrII,467248,469620,+
orf11333,chr2_46935,NA,noncanonical,other,None,chrII,46935,47195,+
orf15391,chr2_469748,YBR115C,canonical,conserved,Verified,chrII,469748,473926,-
orf16874,chr2_47363,YBL091C,canonical,conserved,Verified,chrII,47363,48628,-
orf15388,chr2_474392,YBR117C,canonical,conserved,Verified,chrII,474392,476437,-
orf12881,chr2_476616,NA,noncanonical,other,None,chrII,476616,476711,+
orf9854,chr2_477671,YBR118W,canonical,conserved,Verified,chrII,477671,479047,+
orf12887,chr2_479187,NA,noncanonical,denovo,None,chrII,479187,479330,+
NA,chr2_479338,YBR119W,canonical,conserved,Verified,chrII,479338,480323,+
orf21189,chr2_480435,YBR120C,canonical,conserved,Verified,chrII,480435,480923,-
orf15370,chr2_481364,YBR121C,canonical,conserved,Verified,chrII,481364,483367,-
orf6859,chr2_483754,NA,noncanonical,denovo,None,chrII,483754,483945,+
orf18190,chr2_483970,YBR122C,canonical,conserved,Verified,chrII,483970,484560,-
orf15367,chr2_484742,YBR123C,canonical,conserved,Verified,chrII,484742,486691,-
orf16873,chr2_48692,NA,noncanonical,denovo,None,chrII,48692,48925,-
orf15364,chr2_487199,YBR125C,canonical,conserved,Verified,chrII,487199,488380,-
orf11339,chr2_48825,YBL090W,canonical,conserved,Verified,chrII,48825,49358,+
orf18158,chr2_488905,YBR126C,canonical,conserved,Verified,chrII,488905,490392,-
orf16872,chr2_48947,NA,noncanonical,denovo,None,chrII,48947,49195,-
orf15357,chr2_490751,NA,noncanonical,denovo,None,chrII,490751,490891,-
orf9893,chr2_490850,YBR126W-A,canonical,conserved,Verified,chrII,490850,491056,+
orf12930,chr2_491070,NA,noncanonical,other,None,chrII,491070,491126,+
orf15356,chr2_491102,NA,noncanonical,other,None,chrII,491102,491170,-
orf18155,chr2_491269,YBR127C,canonical,conserved,Verified,chrII,491269,492822,-
orf18154,chr2_493081,YBR128C,canonical,conserved,Verified,chrII,493081,494115,-
orf8263,chr2_49424,YBL089W,canonical,conserved,Verified,chrII,49424,50953,+
orf18152,chr2_494353,YBR129C,canonical,conserved,Verified,chrII,494353,495339,-
orf19825,chr2_49495,NA,noncanonical,other,None,chrII,49495,49836,-
orf18150,chr2_495592,YBR130C,canonical,conserved,Verified,chrII,495592,496869,-
orf12952,chr2_497163,YBR131W,canonical,conserved,Verified,chrII,497163,499277,+
orf15338,chr2_499652,YBR132C,canonical,conserved,Verified,chrII,499652,501442,-
orf21095,chr2_501804,YBR133C,canonical,conserved,Verified,chrII,501804,504287,-
orf19820,chr2_50350,NA,noncanonical,other,None,chrII,50350,50775,-
orf9941,chr2_504854,YBR135W,canonical,conserved,Verified,chrII,504854,505306,+
orf12984,chr2_505668,YBR136W,canonical,conserved,Verified,chrII,505668,512774,+
orf19818,chr2_51019,YBL088C,canonical,conserved,Verified,chrII,51019,59382,-
orf9963,chr2_513044,YBR137W,canonical,conserved,Verified,chrII,513044,513583,+
orf21060,chr2_513762,YBR138C,canonical,conserved,Uncharacterized,chrII,513762,515336,-
orf12999,chr2_515664,YBR139W,canonical,conserved,Verified,chrII,515664,517190,+
orf21052,chr2_517350,YBR140C,canonical,conserved,Verified,chrII,517350,526628,-
orf21049,chr2_527025,YBR141C,canonical,conserved,Verified,chrII,527025,528038,-
orf10038,chr2_528317,YBR142W,canonical,conserved,Verified,chrII,528317,530638,+
orf18042,chr2_530869,YBR143C,canonical,conserved,Verified,chrII,530869,532182,-
orf21031,chr2_533235,YBR144C,canonical,other,Uncharacterized,chrII,533235,533549,-
orf7072,chr2_533698,NA,noncanonical,other,None,chrII,533698,533784,+
orf10054,chr2_533762,YBR145W,canonical,conserved,Verified,chrII,533762,534817,+
orf15162,chr2_534410,NA,noncanonical,other,None,chrII,534410,534592,-
orf13080,chr2_535260,YBR146W,canonical,conserved,Verified,chrII,535260,536096,+
orf10058,chr2_536081,NA,noncanonical,other,None,chrII,536081,536209,+
orf7085,chr2_536575,YBR147W,canonical,conserved,Verified,chrII,536575,537465,+
orf13088,chr2_537876,YBR148W,canonical,conserved,Verified,chrII,537876,539705,+
orf18013,chr2_539752,NA,noncanonical,denovo,None,chrII,539752,539919,-
orf10066,chr2_539987,YBR149W,canonical,conserved,Verified,chrII,539987,541021,+
orf18007,chr2_540805,NA,noncanonical,other,None,chrII,540805,540969,-
orf21006,chr2_541209,YBR150C,canonical,conserved,Verified,chrII,541209,544493,-
orf10067,chr2_541352,NA,noncanonical,denovo,None,chrII,541352,541525,+
orf13114,chr2_545028,YBR151W,canonical,conserved,Verified,chrII,545028,545978,+
orf17997,chr2_546037,NA,noncanonical,denovo,None,chrII,546037,546219,-
orf7133,chr2_546376,YBR152W,canonical,conserved,Verified,chrII,546376,547251,+
orf7134,chr2_547333,NA,noncanonical,denovo,None,chrII,547333,547425,+
orf10093,chr2_547460,YBR153W,canonical,conserved,Verified,chrII,547460,548194,+
orf17986,chr2_548362,YBR154C,canonical,conserved,Verified,chrII,548362,549009,-
orf15102,chr2_549308,NA,noncanonical,denovo,None,chrII,549308,549397,-
orf13129,chr2_549771,YBR155W,canonical,conserved,Verified,chrII,549771,550928,+
orf17977,chr2_551104,YBR156C,canonical,conserved,Verified,chrII,551104,553200,-
orf17975,chr2_553543,YBR157C,canonical,conserved,Verified,chrII,553543,554310,-
orf20962,chr2_554274,NA,noncanonical,other,None,chrII,554274,554441,-
orf15091,chr2_554471,NA,noncanonical,denovo,None,chrII,554471,554593,-
orf10116,chr2_554678,NA,noncanonical,denovo,None,chrII,554678,554875,+
orf15090,chr2_554687,NA,noncanonical,other,None,chrII,554687,554764,-
orf17973,chr2_554749,NA,noncanonical,denovo,None,chrII,554749,554820,-
orf15088,chr2_554963,NA,noncanonical,denovo,None,chrII,554963,555130,-
orf13150,chr2_555096,NA,noncanonical,denovo,None,chrII,555096,555293,+
orf20959,chr2_555360,NA,noncanonical,denovo,None,chrII,555360,555449,-
orf10118,chr2_555587,NA,noncanonical,denovo,None,chrII,555587,555733,+
orf7173,chr2_555727,NA,noncanonical,denovo,None,chrII,555727,555921,+
orf10120,chr2_555962,NA,noncanonical,denovo,None,chrII,555962,556204,+
orf7176,chr2_556549,YBR158W,canonical,conserved,Verified,chrII,556549,558198,+
orf7179,chr2_558685,YBR159W,canonical,conserved,Verified,chrII,558685,559728,+
orf10140,chr2_559844,NA,noncanonical,denovo,None,chrII,559844,560062,+
orf10141,chr2_560078,YBR160W,canonical,conserved,Verified,chrII,560078,560974,+
orf7186,chr2_561220,NA,noncanonical,other,None,chrII,561220,561363,+
orf7187,chr2_561634,YBR161W,canonical,conserved,Verified,chrII,561634,562764,+
orf15053,chr2_562862,NA,noncanonical,denovo,None,chrII,562862,562990,-
orf17937,chr2_563023,NA,noncanonical,denovo,None,chrII,563023,563157,-
orf17936,chr2_563203,YBR162C,canonical,conserved,Verified,chrII,563203,564570,-
orf10159,chr2_564935,NA,noncanonical,denovo,None,chrII,564935,565012,+
orf7195,chr2_565231,YBR162W-A,canonical,conserved,Verified,chrII,565231,565428,+
orf13183,chr2_565425,NA,noncanonical,other,None,chrII,565425,565481,+
orf7197,chr2_565591,NA,noncanonical,denovo,None,chrII,565591,565662,+
orf7198,chr2_565723,YBR163W,canonical,conserved,Verified,chrII,565723,567480,+
orf15037,chr2_567875,YBR164C,canonical,conserved,Verified,chrII,567875,568426,-
orf7203,chr2_568852,YBR165W,canonical,conserved,Verified,chrII,568852,569685,+
orf17907,chr2_569842,YBR166C,canonical,conserved,Verified,chrII,569842,571200,-
orf17906,chr2_571468,YBR167C,canonical,conserved,Verified,chrII,571468,571890,-
orf15026,chr2_571991,NA,noncanonical,other,None,chrII,571991,572068,-
orf10196,chr2_572267,NA,noncanonical,other,None,chrII,572267,572356,+
orf7218,chr2_572371,YBR168W,canonical,conserved,Verified,chrII,572371,573612,+
orf20875,chr2_573915,YBR169C,canonical,conserved,Verified,chrII,573915,575996,-
orf14998,chr2_576344,YBR170C,canonical,conserved,Verified,chrII,576344,578086,-
orf13219,chr2_578364,YBR171W,canonical,conserved,Verified,chrII,578364,578984,+
orf11164,chr2_5790,YBL109W,noncanonical,other,Dubious,chrII,5790,6125,+
orf10227,chr2_579005,NA,noncanonical,other,None,chrII,579005,579067,+
orf20866,chr2_579150,YBR172C,canonical,conserved,Verified,chrII,579150,581522,-
orf14980,chr2_581726,YBR173C,canonical,conserved,Verified,chrII,581726,582172,-
orf14977,chr2_582338,YBR174C,noncanonical,other,Dubious,chrII,582338,582652,-
orf13236,chr2_582408,YBR175W,canonical,conserved,Verified,chrII,582408,583355,+
orf14976,chr2_582662,NA,noncanonical,other,None,chrII,582662,582895,-
orf20861,chr2_582879,NA,noncanonical,other,None,chrII,582879,583124,-
orf7264,chr2_583720,YBR176W,canonical,conserved,Verified,chrII,583720,584658,+
orf14965,chr2_584675,NA,noncanonical,denovo,None,chrII,584675,584734,-
orf14964,chr2_584807,YBR177C,canonical,conserved,Verified,chrII,584807,586162,-
orf13243,chr2_586071,YBR178W,noncanonical,denovo,Dubious,chrII,586071,586445,+
orf14962,chr2_586547,YBR179C,canonical,conserved,Verified,chrII,586547,589114,-
orf7281,chr2_589741,YBR180W,canonical,conserved,Verified,chrII,589741,591459,+
orf20841,chr2_591159,NA,noncanonical,other,None,chrII,591159,591425,-
NA,chr2_591712,YBR181C,canonical,conserved,Verified,chrII,591712,592774,-
orf20834,chr2_593259,NA,noncanonical,denovo,None,chrII,593259,593396,-
orf17806,chr2_593506,YBR182C,canonical,conserved,Verified,chrII,593506,594864,-
orf14941,chr2_595361,YBR182C-A,canonical,denovo,Uncharacterized,chrII,595361,595555,-
orf13280,chr2_596115,YBR183W,canonical,conserved,Verified,chrII,596115,597065,+
orf13282,chr2_597363,YBR184W,canonical,conserved,Uncharacterized,chrII,597363,598934,+
NA,chr2_59822,YBL087C,canonical,conserved,Verified,chrII,59822,60739,-
orf14926,chr2_599060,NA,noncanonical,other,None,chrII,599060,599116,-
orf14925,chr2_599123,YBR185C,canonical,conserved,Verified,chrII,599123,599959,-
NA,chr2_600553,YBR186W,canonical,conserved,Verified,chrII,600553,602360,+
orf20803,chr2_601593,NA,noncanonical,other,None,chrII,601593,601688,-
orf14918,chr2_602093,NA,noncanonical,other,None,chrII,602093,602161,-
orf10331,chr2_602462,NA,noncanonical,denovo,None,chrII,602462,602578,+
orf13300,chr2_602634,YBR187W,canonical,conserved,Verified,chrII,602634,603476,+
orf20796,chr2_603588,NA,noncanonical,other,None,chrII,603588,603701,-
orf17766,chr2_603685,YBR188C,canonical,conserved,Verified,chrII,603685,604107,-
orf20792,chr2_604080,NA,noncanonical,other,None,chrII,604080,604223,-
orf13302,chr2_604419,NA,noncanonical,other,None,chrII,604419,604568,+
NA,chr2_604508,YBR189W,canonical,conserved,Verified,chrII,604508,605508,+
NA,chr2_606270,YBR191W,canonical,conserved,Verified,chrII,606270,607140,+
orf13309,chr2_607149,YBR191W-A,noncanonical,other,Dubious,chrII,607149,607223,+
orf10346,chr2_607652,YBR192W,canonical,conserved,Verified,chrII,607652,608785,+
orf17746,chr2_609082,YBR193C,canonical,conserved,Verified,chrII,609082,609753,-
orf13323,chr2_610038,YBR194W,canonical,conserved,Verified,chrII,610038,610409,+
orf10351,chr2_610427,NA,noncanonical,denovo,None,chrII,610427,610471,+
orf7358,chr2_610468,NA,noncanonical,other,None,chrII,610468,610506,+
orf7359,chr2_610552,NA,noncanonical,denovo,None,chrII,610552,610656,+
orf20750,chr2_610614,YBR195C,canonical,conserved,Verified,chrII,610614,611882,-
orf16824,chr2_61202,YBL086C,canonical,conserved,Uncharacterized,chrII,61202,62602,-
orf20749,chr2_612186,NA,noncanonical,other,None,chrII,612186,612245,-
orf14870,chr2_612236,YBR196C,canonical,conserved,Verified,chrII,612236,613900,-
orf14869,chr2_614024,YBR196C-A,canonical,denovo,Uncharacterized,chrII,614024,614173,-
orf17727,chr2_614215,NA,noncanonical,other,None,chrII,614215,614304,-
orf7377,chr2_614479,NA,noncanonical,other,None,chrII,614479,614583,+
orf20744,chr2_614526,YBR196C-B,canonical,other,Uncharacterized,chrII,614526,614630,-
orf10363,chr2_614585,NA,noncanonical,other,None,chrII,614585,614695,+
orf13345,chr2_614655,NA,noncanonical,other,None,chrII,614655,614747,+
orf14865,chr2_614702,NA,noncanonical,denovo,None,chrII,614702,614797,-
orf14864,chr2_614936,NA,noncanonical,other,None,chrII,614936,615025,-
orf14862,chr2_615203,YBR197C,canonical,conserved,Verified,chrII,615203,615856,-
orf13350,chr2_615618,NA,noncanonical,other,None,chrII,615618,615755,+
orf20739,chr2_615936,NA,noncanonical,other,None,chrII,615936,616103,-
orf14861,chr2_616127,YBR198C,canonical,conserved,Verified,chrII,616127,618523,-
orf13359,chr2_618909,YBR199W,canonical,conserved,Verified,chrII,618909,620303,+
orf7409,chr2_620872,YBR200W,canonical,conserved,Verified,chrII,620872,622527,+
orf10391,chr2_622604,NA,noncanonical,other,None,chrII,622604,622681,+
orf10393,chr2_623576,YBR201W,canonical,conserved,Verified,chrII,623576,624211,+
orf13381,chr2_624333,NA,noncanonical,denovo,None,chrII,624333,624437,+
orf17675,chr2_624493,YBR201C-A,canonical,conserved,Uncharacterized,chrII,624493,624696,-
orf10400,chr2_625772,YBR202W,canonical,conserved,Verified,chrII,625772,628309,+
orf10401,chr2_629168,YBR203W,canonical,conserved,Verified,chrII,629168,631942,+
orf17650,chr2_632254,YBR204C,canonical,conserved,Verified,chrII,632254,633381,-
orf14814,chr2_633335,NA,noncanonical,other,None,chrII,633335,633454,-
orf7431,chr2_633622,YBR205W,canonical,conserved,Verified,chrII,633622,634836,+
orf7433,chr2_634966,NA,noncanonical,denovo,None,chrII,634966,635016,+
orf7434,chr2_635146,YBR207W,canonical,conserved,Verified,chrII,635146,636543,+
orf17636,chr2_636703,YBR208C,canonical,conserved,Verified,chrII,636703,642210,-
orf11391,chr2_63876,YBL085W,canonical,conserved,Verified,chrII,63876,66818,+
orf20631,chr2_642396,NA,noncanonical,other,None,chrII,642396,642431,-
orf14786,chr2_642458,NA,noncanonical,other,None,chrII,642458,642520,-
orf7448,chr2_642943,NA,noncanonical,other,None,chrII,642943,643134,+
orf20623,chr2_643881,NA,noncanonical,other,None,chrII,643881,643976,-
orf14777,chr2_644096,NA,noncanonical,other,None,chrII,644096,644164,-
orf10452,chr2_644210,NA,noncanonical,other,None,chrII,644210,644326,+
orf10453,chr2_644372,NA,noncanonical,other,None,chrII,644372,644488,+
orf14774,chr2_644678,NA,noncanonical,other,None,chrII,644678,644902,-
orf13486,chr2_645273,NA,noncanonical,denovo,None,chrII,645273,645443,+
orf7459,chr2_645550,YBR210W,canonical,conserved,Verified,chrII,645550,645978,+
orf20609,chr2_646158,YBR211C,canonical,conserved,Verified,chrII,646158,647132,-
orf14756,chr2_647147,NA,noncanonical,denovo,None,chrII,647147,647314,-
orf13497,chr2_647886,YBR212W,canonical,conserved,Verified,chrII,647886,649904,+
orf10468,chr2_649985,NA,noncanonical,denovo,None,chrII,649985,650155,+
orf7480,chr2_650368,YBR213W,canonical,conserved,Verified,chrII,650368,651192,+
orf7481,chr2_651301,NA,noncanonical,denovo,None,chrII,651301,651366,+
orf20591,chr2_651309,NA,noncanonical,other,None,chrII,651309,651494,-
orf7482,chr2_651415,YBR214W,canonical,conserved,Verified,chrII,651415,652998,+
NA,chr2_653356,YBR215W,canonical,conserved,Verified,chrII,653356,655317,+
orf20581,chr2_653406,NA,noncanonical,other,None,chrII,653406,653642,-
orf17587,chr2_655576,YBR216C,canonical,conserved,Verified,chrII,655576,657600,-
orf7495,chr2_657832,YBR217W,canonical,conserved,Verified,chrII,657832,658392,+
orf20548,chr2_658707,YBR218C,canonical,conserved,Verified,chrII,658707,662249,-
orf13532,chr2_661518,NA,noncanonical,other,None,chrII,661518,662081,+
orf13533,chr2_662094,NA,noncanonical,other,None,chrII,662094,662315,+
NA,chr2_662499,YBR219C,canonical,conserved,Uncharacterized,chrII,662499,663303,-
orf17574,chr2_662995,YBR220C,canonical,conserved,Uncharacterized,chrII,662995,664677,-
orf10538,chr2_664343,NA,noncanonical,other,None,chrII,664343,664597,+
orf20535,chr2_664929,NA,noncanonical,denovo,None,chrII,664929,665018,-
orf14679,chr2_665153,YBR221C,canonical,conserved,Verified,chrII,665153,666253,-
orf13552,chr2_666108,NA,noncanonical,other,None,chrII,666108,666335,+
orf17562,chr2_666373,NA,noncanonical,denovo,None,chrII,666373,666489,-
orf14678,chr2_666599,NA,noncanonical,other,None,chrII,666599,666649,-
orf20532,chr2_666720,YBR222C,canonical,conserved,Verified,chrII,666720,668351,-
orf14666,chr2_668663,YBR223C,canonical,conserved,Verified,chrII,668663,670297,-
orf13563,chr2_670125,YBR224W,noncanonical,other,Dubious,chrII,670125,670640,+
orf7544,chr2_670627,YBR225W,canonical,conserved,Uncharacterized,chrII,670627,673329,+
orf16808,chr2_67169,YBL084C,canonical,conserved,Verified,chrII,67169,69445,-
orf20514,chr2_673155,YBR226C,noncanonical,denovo,Dubious,chrII,673155,673565,-
orf20513,chr2_673572,YBR227C,canonical,conserved,Verified,chrII,673572,675134,-
orf7554,chr2_675313,YBR228W,canonical,conserved,Verified,chrII,675313,676227,+
orf17528,chr2_676357,YBR229C,canonical,conserved,Verified,chrII,676357,679221,-
NA,chr2_679549,YBR230C,canonical,conserved,Verified,chrII,679549,680050,-
orf7578,chr2_680362,YBR230W-A,canonical,conserved,Uncharacterized,chrII,680362,680562,+
orf13604,chr2_681489,NA,noncanonical,denovo,None,chrII,681489,681659,+
orf20474,chr2_682179,YBR231C,canonical,conserved,Verified,chrII,682179,683090,-
orf7585,chr2_683428,YBR233W,canonical,conserved,Verified,chrII,683428,684669,+
orf10614,chr2_684977,YBR233W-A,canonical,conserved,Verified,chrII,684977,685261,+
orf7586,chr2_685261,NA,noncanonical,other,None,chrII,685261,685332,+
orf17506,chr2_685438,YBR234C,canonical,conserved,Verified,chrII,685438,686592,-
orf13621,chr2_686901,YBR235W,canonical,conserved,Verified,chrII,686901,690263,+
orf13622,chr2_690282,NA,noncanonical,denovo,None,chrII,690282,690326,+
orf14582,chr2_690383,YBR236C,canonical,conserved,Verified,chrII,690383,691693,-
orf7623,chr2_691969,YBR237W,canonical,conserved,Verified,chrII,691969,694518,+
orf17460,chr2_695107,YBR238C,canonical,conserved,Verified,chrII,695107,697302,-
orf19769,chr2_69751,YBL082C,canonical,conserved,Verified,chrII,69751,71127,-
orf13649,chr2_697809,NA,noncanonical,denovo,None,chrII,697809,697988,+
orf13650,chr2_698169,NA,noncanonical,denovo,None,chrII,698169,698441,+
orf14565,chr2_698354,YBR239C,canonical,conserved,Verified,chrII,698354,699943,-
orf10683,chr2_699557,NA,noncanonical,other,None,chrII,699557,699775,+
orf7653,chr2_699778,NA,noncanonical,other,None,chrII,699778,699951,+
orf17450,chr2_700372,NA,noncanonical,other,None,chrII,700372,700512,-
orf14562,chr2_700490,YBR240C,canonical,conserved,Verified,chrII,700490,701842,-
orf14560,chr2_702050,NA,noncanonical,other,None,chrII,702050,702268,-
orf17441,chr2_702589,YBR241C,canonical,conserved,Uncharacterized,chrII,702589,704055,-
orf10707,chr2_703931,NA,noncanonical,other,None,chrII,703931,704062,+
orf10709,chr2_704234,NA,noncanonical,denovo,None,chrII,704234,704326,+
orf13678,chr2_704670,YBR242W,canonical,conserved,Verified,chrII,704670,705386,+
orf20383,chr2_705447,YBR243C,canonical,conserved,Verified,chrII,705447,706793,-
orf10728,chr2_707528,YBR244W,canonical,conserved,Verified,chrII,707528,708016,+
orf20374,chr2_708150,YBR245C,canonical,conserved,Verified,chrII,708150,711539,-
orf13705,chr2_711591,YBR246W,canonical,conserved,Verified,chrII,711591,712754,+
orf20365,chr2_713004,YBR247C,canonical,conserved,Verified,chrII,713004,714455,-
orf20363,chr2_714807,YBR248C,canonical,conserved,Verified,chrII,714807,716465,-
orf14465,chr2_716882,YBR249C,canonical,conserved,Verified,chrII,716882,717994,-
orf5344,chr2_71866,YBL081W,canonical,conserved,Uncharacterized,chrII,71866,72972,+
orf10772,chr2_718664,NA,noncanonical,other,None,chrII,718664,718804,+
orf10774,chr2_719033,YBR250W,canonical,conserved,Verified,chrII,719033,720604,+
orf10775,chr2_720605,NA,noncanonical,denovo,None,chrII,720605,720760,+
orf7742,chr2_721390,YBR251W,canonical,conserved,Verified,chrII,721390,722313,+
orf7745,chr2_722611,YBR252W,canonical,conserved,Verified,chrII,722611,723054,+
orf10786,chr2_723086,NA,noncanonical,other,None,chrII,723086,723118,+
orf10788,chr2_723233,NA,noncanonical,other,None,chrII,723233,723292,+
orf13747,chr2_723270,YBR253W,canonical,conserved,Verified,chrII,723270,723635,+
orf17365,chr2_723736,YBR254C,canonical,conserved,Verified,chrII,723736,724263,-
orf7754,chr2_724456,YBR255W,canonical,conserved,Verified,chrII,724456,726540,+
NA,chr2_726618,YBR255C-A,canonical,conserved,Uncharacterized,chrII,726618,727074,-
orf17351,chr2_726952,NA,noncanonical,other,None,chrII,726952,727206,-
orf20313,chr2_727386,YBR256C,canonical,conserved,Verified,chrII,727386,728102,-
orf13761,chr2_728472,NA,noncanonical,other,None,chrII,728472,728642,+
orf10820,chr2_728885,YBR257W,canonical,conserved,Verified,chrII,728885,729724,+
orf20303,chr2_729519,NA,noncanonical,other,None,chrII,729519,729614,-
orf14424,chr2_729734,YBR258C,canonical,conserved,Verified,chrII,729734,730162,-
orf7771,chr2_730387,YBR259W,canonical,conserved,Verified,chrII,730387,732453,+
orf16795,chr2_73070,YBL080C,canonical,conserved,Verified,chrII,73070,74695,-
orf20292,chr2_732639,YBR260C,canonical,conserved,Verified,chrII,732639,734639,-
orf20290,chr2_734832,YBR261C,canonical,conserved,Verified,chrII,734832,735530,-
orf7781,chr2_734842,NA,noncanonical,other,None,chrII,734842,735285,+
orf20289,chr2_735720,YBR262C,canonical,conserved,Verified,chrII,735720,736040,-
orf7785,chr2_736039,YBR263W,canonical,conserved,Verified,chrII,736039,737736,+
orf17316,chr2_737770,YBR264C,canonical,conserved,Verified,chrII,737770,738426,-
orf10859,chr2_738245,NA,noncanonical,other,None,chrII,738245,738436,+
orf13792,chr2_738582,YBR265W,canonical,conserved,Verified,chrII,738582,739544,+
orf7795,chr2_739522,NA,noncanonical,other,None,chrII,739522,739611,+
orf7796,chr2_739630,NA,noncanonical,denovo,None,chrII,739630,739833,+
orf10866,chr2_739841,YBR267W,canonical,conserved,Verified,chrII,739841,741022,+
orf10868,chr2_741299,YBR268W,canonical,conserved,Verified,chrII,741299,741616,+
orf7803,chr2_741844,NA,noncanonical,other,None,chrII,741844,742005,+
orf17301,chr2_741958,NA,noncanonical,denovo,None,chrII,741958,742083,-
orf14359,chr2_742160,YBR269C,canonical,conserved,Verified,chrII,742160,742576,-
orf7807,chr2_742627,NA,noncanonical,denovo,None,chrII,742627,742920,+
orf20257,chr2_742761,YBR270C,canonical,conserved,Verified,chrII,742761,744398,-
orf17296,chr2_744499,NA,noncanonical,denovo,None,chrII,744499,744549,-
orf13816,chr2_744852,YBR271W,canonical,conserved,Verified,chrII,744852,746111,+
orf20250,chr2_746361,YBR272C,canonical,conserved,Verified,chrII,746361,747803,-
orf17287,chr2_747892,NA,noncanonical,denovo,None,chrII,747892,748053,-
orf14328,chr2_748061,YBR273C,canonical,conserved,Verified,chrII,748061,749371,-
orf10895,chr2_749594,YBR274W,canonical,conserved,Verified,chrII,749594,751177,+
orf20240,chr2_751356,YBR275C,canonical,conserved,Verified,chrII,751356,757106,-
orf5351,chr2_75259,YBL079W,canonical,conserved,Verified,chrII,75259,79767,+
orf20238,chr2_757620,YBR276C,canonical,conserved,Verified,chrII,757620,760043,-
orf20237,chr2_760215,YBR277C,noncanonical,other,Dubious,chrII,760215,760616,-
orf7884,chr2_760294,YBR278W,canonical,conserved,Verified,chrII,760294,760899,+
orf22965,chr2_7605,YBL108C-A,canonical,conserved,Verified,chrII,7605,7814,-
orf7887,chr2_761257,YBR279W,canonical,conserved,Verified,chrII,761257,762594,+
orf17242,chr2_762784,YBR280C,canonical,conserved,Verified,chrII,762784,764712,-
orf20209,chr2_764970,YBR281C,canonical,conserved,Verified,chrII,764970,767606,-
orf10962,chr2_767744,NA,noncanonical,denovo,None,chrII,767744,767980,+
orf13914,chr2_768240,YBR282W,canonical,conserved,Verified,chrII,768240,768680,+
orf14226,chr2_768773,NA,noncanonical,other,None,chrII,768773,768838,-
orf17231,chr2_768943,YBR283C,canonical,conserved,Verified,chrII,768943,770415,-
orf10966,chr2_769010,NA,noncanonical,other,None,chrII,769010,769309,+
orf10981,chr2_771239,YBR284W,canonical,conserved,Uncharacterized,chrII,771239,773632,+
orf13939,chr2_773922,YBR285W,canonical,conserved,Uncharacterized,chrII,773922,774356,+
orf14210,chr2_774002,NA,noncanonical,other,None,chrII,774002,774142,-
orf17218,chr2_774157,NA,noncanonical,other,None,chrII,774157,774255,-
orf7924,chr2_774622,YBR286W,canonical,conserved,Verified,chrII,774622,776313,+
orf13944,chr2_776571,YBR287W,canonical,conserved,Uncharacterized,chrII,776571,777854,+
orf17200,chr2_778012,YBR288C,canonical,conserved,Verified,chrII,778012,779463,-
orf13950,chr2_779667,YBR289W,canonical,conserved,Verified,chrII,779667,782384,+
orf11000,chr2_782591,YBR290W,canonical,conserved,Verified,chrII,782591,783556,+
orf17182,chr2_783673,YBR291C,canonical,conserved,Verified,chrII,783673,784572,-
orf13963,chr2_784347,NA,noncanonical,denovo,None,chrII,784347,784559,+
orf17180,chr2_784702,YBR292C,canonical,denovo,Uncharacterized,chrII,784702,785073,-
orf20130,chr2_785196,NA,noncanonical,denovo,None,chrII,785196,785306,-
orf20129,chr2_785373,NA,noncanonical,denovo,None,chrII,785373,785489,-
orf11009,chr2_785522,NA,noncanonical,other,None,chrII,785522,785590,+
orf17175,chr2_785866,NA,noncanonical,other,None,chrII,785866,785964,-
orf17174,chr2_786007,NA,noncanonical,other,None,chrII,786007,786123,-
orf7964,chr2_786118,NA,noncanonical,other,None,chrII,786118,786213,+
orf17172,chr2_786475,NA,noncanonical,other,None,chrII,786475,786552,-
orf17171,chr2_786631,NA,noncanonical,other,None,chrII,786631,786717,-
orf7969,chr2_786745,NA,noncanonical,other,None,chrII,786745,786903,+
orf11018,chr2_786932,NA,noncanonical,other,None,chrII,786932,787009,+
orf7970,chr2_787006,YBR293W,canonical,conserved,Verified,chrII,787006,788430,+
orf11025,chr2_788444,NA,noncanonical,denovo,None,chrII,788444,788545,+
orf7971,chr2_789235,YBR294W,canonical,conserved,Verified,chrII,789235,791814,+
orf20114,chr2_789597,NA,noncanonical,other,None,chrII,789597,789989,-
orf17159,chr2_791470,NA,noncanonical,denovo,None,chrII,791470,791646,-
orf20107,chr2_791835,NA,noncanonical,denovo,None,chrII,791835,791900,-
orf17156,chr2_791920,NA,noncanonical,denovo,None,chrII,791920,791979,-
orf14141,chr2_792458,NA,noncanonical,denovo,None,chrII,792458,792559,-
orf13998,chr2_792849,YBR295W,canonical,conserved,Verified,chrII,792849,796499,+
orf14133,chr2_794756,NA,noncanonical,other,None,chrII,794756,795052,-
orf17144,chr2_796798,YBR296C,canonical,conserved,Verified,chrII,796798,798522,-
orf11072,chr2_798170,NA,noncanonical,other,None,chrII,798170,798502,+
orf19731,chr2_79924,NA,noncanonical,denovo,None,chrII,79924,79968,-
orf14121,chr2_799289,NA,noncanonical,other,None,chrII,799289,799573,-
orf17137,chr2_799642,NA,noncanonical,denovo,None,chrII,799642,799821,-
orf8019,chr2_799948,NA,noncanonical,other,None,chrII,799948,800100,+
orf8020,chr2_800350,NA,noncanonical,denovo,None,chrII,800350,800460,+
orf14018,chr2_800523,YBR297W,canonical,conserved,Verified,chrII,800523,801929,+
orf22675,chr2_80097,NA,noncanonical,denovo,None,chrII,80097,80165,-
orf14019,chr2_802083,NA,noncanonical,other,None,chrII,802083,802226,+
orf14109,chr2_802631,YBR298C,canonical,conserved,Verified,chrII,802631,804475,-
orf16772,chr2_80378,YBL078C,canonical,conserved,Verified,chrII,80378,80731,-
orf17113,chr2_804703,NA,noncanonical,denovo,None,chrII,804703,804807,-
orf8051,chr2_805351,YBR299W,canonical,conserved,Verified,chrII,805351,807105,+
orf8053,chr2_807355,NA,noncanonical,other,None,chrII,807355,807429,+
orf8056,chr2_807889,NA,noncanonical,other,None,chrII,807889,807948,+
orf11117,chr2_809057,YBR301W,canonical,conserved,Verified,chrII,809057,809419,+
orf16770,chr2_80978,NA,noncanonical,other,None,chrII,80978,81046,-
orf19722,chr2_81043,YBL076C,canonical,conserved,Verified,chrII,81043,84261,-
orf19719,chr2_84499,YBL075C,canonical,conserved,Verified,chrII,84499,86448,-
orf19717,chr2_86722,YBL074C,canonical,conserved,Verified,chrII,86722,87789,-
orf22619,chr2_87807,NA,noncanonical,denovo,None,chrII,87807,87941,-
orf16755,chr2_87938,NA,noncanonical,denovo,None,chrII,87938,88036,-
orf16751,chr2_88523,YBL072C,canonical,conserved,Verified,chrII,88523,89125,-
orf16750,chr2_89147,NA,noncanonical,denovo,None,chrII,89147,89233,-
orf19712,chr2_89338,NA,noncanonical,other,None,chrII,89338,89394,-
orf19711,chr2_89458,YBL071C-B,canonical,other,Uncharacterized,chrII,89458,89556,-
orf8444,chr2_89978,YBL071W-A,canonical,conserved,Verified,chrII,89978,90226,+
orf19707,chr2_90223,YBL071C,canonical,denovo,Uncharacterized,chrII,90223,90531,-
orf11477,chr2_90741,YBL069W,canonical,conserved,Verified,chrII,90741,92030,+
orf8452,chr2_92330,YBL068W,canonical,conserved,Verified,chrII,92330,93394,+
orf22595,chr2_93639,YBL067C,canonical,conserved,Verified,chrII,93639,95882,-
orf19689,chr2_96457,NA,noncanonical,denovo,None,chrII,96457,96513,-
orf22592,chr2_96669,YBL066C,canonical,conserved,Verified,chrII,96669,100115,-
orf19990,chr2_9961,YBL107C,canonical,conserved,Verified,chrII,9961,10551,-
NA,chr3_101317,YCL012C,canonical,conserved,Verified,chrIII,101317,101788,-
orf28490,chr3_102075,YCL011C,canonical,conserved,Verified,chrIII,102075,103358,-
orf29628,chr3_103571,YCL010C,canonical,conserved,Verified,chrIII,103571,104350,-
orf25672,chr3_104286,NA,noncanonical,denovo,None,chrIII,104286,104486,+
orf28485,chr3_104619,YCL009C,canonical,conserved,Verified,chrIII,104619,105548,-
orf23367,chr3_104641,NA,noncanonical,other,None,chrIII,104641,105099,+
orf27314,chr3_105580,NA,noncanonical,other,None,chrIII,105580,105624,-
orf28484,chr3_105696,YCL008C,canonical,conserved,Verified,chrIII,105696,106853,-
NA,chr3_107023,YCL005W-A,canonical,conserved,Verified,chrIII,107023,107417,+
orf27310,chr3_107611,NA,noncanonical,other,None,chrIII,107611,107769,-
orf23380,chr3_107725,NA,noncanonical,other,None,chrIII,107725,107847,+
orf25684,chr3_108021,YCL005W,canonical,conserved,Verified,chrIII,108021,108791,+
orf29611,chr3_108239,NA,noncanonical,other,None,chrIII,108239,108490,-
orf23387,chr3_109105,YCL004W,canonical,conserved,Verified,chrIII,109105,110670,+
NA,chr3_110808,YCL002C,canonical,conserved,Uncharacterized,chrIII,110808,111675,-
orf23397,chr3_111916,YCL001W,canonical,conserved,Verified,chrIII,111916,112482,+
orf23401,chr3_112903,NA,noncanonical,denovo,None,chrIII,112903,113064,+
orf23402,chr3_113080,YCL001W-A,canonical,conserved,Uncharacterized,chrIII,113080,113541,+
orf27280,chr3_113686,NA,noncanonical,other,None,chrIII,113686,113790,-
orf23405,chr3_113728,YCL001W-B,canonical,conserved,Uncharacterized,chrIII,113728,114024,+
orf24566,chr3_114815,NA,noncanonical,other,None,chrIII,114815,114895,+
orf27274,chr3_114871,NA,noncanonical,other,None,chrIII,114871,115041,-
orf27630,chr3_11503,YCL068C,canonical,conserved,Uncharacterized,chrIII,11503,12285,-
orf28455,chr3_115755,NA,noncanonical,other,None,chrIII,115755,115838,-
orf29567,chr3_116351,NA,noncanonical,other,None,chrIII,116351,116413,-
orf29566,chr3_116474,NA,noncanonical,other,None,chrIII,116474,116560,-
orf25713,chr3_117162,NA,noncanonical,denovo,None,chrIII,117162,117326,+
orf29562,chr3_117380,YCR002C,canonical,conserved,Verified,chrIII,117380,118348,-
orf25718,chr3_118620,YCR003W,canonical,conserved,Verified,chrIII,118620,119171,+
orf27249,chr3_119575,YCR004C,canonical,conserved,Verified,chrIII,119575,120318,-
orf23424,chr3_120562,NA,noncanonical,denovo,None,chrIII,120562,120669,+
orf27246,chr3_120772,NA,noncanonical,denovo,None,chrIII,120772,120837,-
orf27244,chr3_120946,YCR005C,canonical,conserved,Verified,chrIII,120946,122328,-
orf27242,chr3_122530,YCR006C,canonical,other,Uncharacterized,chrIII,122530,123003,-
orf28420,chr3_122949,NA,noncanonical,other,None,chrIII,122949,123035,-
orf28419,chr3_123129,NA,noncanonical,other,None,chrIII,123129,123188,-
orf27241,chr3_123298,NA,noncanonical,denovo,None,chrIII,123298,123390,-
orf23439,chr3_123436,NA,noncanonical,other,None,chrIII,123436,123525,+
orf25735,chr3_123828,NA,noncanonical,other,None,chrIII,123828,124022,+
orf27236,chr3_124495,NA,noncanonical,other,None,chrIII,124495,124578,-
orf28409,chr3_124695,NA,noncanonical,other,None,chrIII,124695,124760,-
orf27235,chr3_124861,NA,noncanonical,other,None,chrIII,124861,124935,-
orf25743,chr3_125337,NA,noncanonical,other,None,chrIII,125337,125471,+
orf24612,chr3_125567,NA,noncanonical,other,None,chrIII,125567,125650,+
orf25744,chr3_125757,NA,noncanonical,other,None,chrIII,125757,125825,+
orf29533,chr3_126011,YCR007C,canonical,conserved,Uncharacterized,chrIII,126011,126730,-
orf29532,chr3_127028,NA,noncanonical,denovo,None,chrIII,127028,127111,-
orf27219,chr3_127294,NA,noncanonical,other,None,chrIII,127294,127368,-
orf23462,chr3_128470,YCR008W,canonical,conserved,Verified,chrIII,128470,130281,+
orf24634,chr3_130358,NA,noncanonical,denovo,None,chrIII,130358,130429,+
orf29512,chr3_130574,NA,noncanonical,denovo,None,chrIII,130574,130708,-
orf29511,chr3_130745,YCR009C,canonical,conserved,Verified,chrIII,130745,131542,-
orf29505,chr3_132110,NA,noncanonical,denovo,None,chrIII,132110,132187,-
orf28383,chr3_132273,YCR010C,canonical,conserved,Verified,chrIII,132273,133124,-
orf29499,chr3_133724,YCR011C,canonical,conserved,Verified,chrIII,133724,136873,-
orf23492,chr3_137746,YCR012W,canonical,conserved,Verified,chrIII,137746,138996,+
orf28365,chr3_138402,YCR013C,noncanonical,other,Dubious,chrIII,138402,139049,-
orf28364,chr3_139185,YCR014C,canonical,conserved,Verified,chrIII,139185,140933,-
orf27155,chr3_141217,YCR015C,canonical,conserved,Verified,chrIII,141217,142170,-
orf25783,chr3_143634,YCR016W,canonical,conserved,Uncharacterized,chrIII,143634,144506,+
orf29470,chr3_144773,YCR017C,canonical,conserved,Verified,chrIII,144773,147634,-
orf27121,chr3_147838,NA,noncanonical,denovo,None,chrIII,147838,148041,-
orf28332,chr3_148065,NA,noncanonical,denovo,None,chrIII,148065,148148,-
orf29466,chr3_148238,YCR018C,canonical,conserved,Verified,chrIII,148238,148903,-
orf24686,chr3_148523,NA,noncanonical,denovo,None,chrIII,148523,148603,+
orf28318,chr3_151608,YCR018C-A,noncanonical,other,Dubious,chrIII,151608,151862,-
orf29452,chr3_152405,NA,noncanonical,other,None,chrIII,152405,152524,-
orf24707,chr3_152837,YCR019W,canonical,conserved,Verified,chrIII,152837,153928,+
orf23566,chr3_153925,NA,noncanonical,other,None,chrIII,153925,153987,+
orf27086,chr3_154012,YCR020C,canonical,conserved,Verified,chrIII,154012,154659,-
orf28303,chr3_154713,NA,noncanonical,denovo,None,chrIII,154713,154751,-
orf28302,chr3_154830,YCR020C-A,canonical,conserved,Verified,chrIII,154830,155096,-
orf23575,chr3_155320,YCR020W-B,canonical,conserved,Verified,chrIII,155320,155556,+
orf28807,chr3_15555,NA,noncanonical,other,None,chrIII,15555,15614,-
orf23576,chr3_155620,NA,noncanonical,denovo,None,chrIII,155620,155727,+
orf23578,chr3_155776,NA,noncanonical,other,None,chrIII,155776,155868,+
orf24715,chr3_155870,NA,noncanonical,other,None,chrIII,155870,155953,+
orf25839,chr3_156084,NA,noncanonical,denovo,None,chrIII,156084,156239,+
orf27080,chr3_156109,YCR021C,canonical,conserved,Verified,chrIII,156109,157107,-
orf24720,chr3_156662,NA,noncanonical,denovo,None,chrIII,156662,156754,+
orf29427,chr3_157421,YCR022C,canonical,denovo,Uncharacterized,chrIII,157421,157765,-
orf25847,chr3_157803,NA,noncanonical,denovo,None,chrIII,157803,157961,+
orf28805,chr3_15798,YCL064C,canonical,conserved,Verified,chrIII,15798,16880,-
orf23588,chr3_158068,NA,noncanonical,denovo,None,chrIII,158068,158199,+
orf25850,chr3_158262,NA,noncanonical,other,None,chrIII,158262,158333,+
orf27077,chr3_158467,NA,noncanonical,other,None,chrIII,158467,158541,-
orf28284,chr3_158538,YCR023C,canonical,conserved,Verified,chrIII,158538,160373,-
orf27071,chr3_160744,YCR024C,canonical,conserved,Verified,chrIII,160744,162222,-
orf27069,chr3_162436,NA,noncanonical,other,None,chrIII,162436,162570,-
orf29398,chr3_162599,YCR024C-B,canonical,conserved,Uncharacterized,chrIII,162599,162865,-
orf24746,chr3_162905,NA,noncanonical,denovo,None,chrIII,162905,162973,+
orf28264,chr3_162945,YCR024C-A,canonical,conserved,Verified,chrIII,162945,163067,-
orf28263,chr3_163446,YCR025C,canonical,conserved,Uncharacterized,chrIII,163446,163856,-
orf28262,chr3_163998,NA,noncanonical,other,None,chrIII,163998,164042,-
orf29395,chr3_164111,YCR026C,canonical,conserved,Verified,chrIII,164111,166339,-
orf27037,chr3_167047,NA,noncanonical,denovo,None,chrIII,167047,167124,-
orf28251,chr3_167370,YCR027C,canonical,conserved,Verified,chrIII,167370,167999,-
orf23631,chr3_169162,NA,noncanonical,other,None,chrIII,169162,169197,+
orf24774,chr3_169190,NA,noncanonical,other,None,chrIII,169190,169285,+
orf28247,chr3_169614,NA,noncanonical,other,None,chrIII,169614,169781,-
orf23636,chr3_169726,NA,noncanonical,other,None,chrIII,169726,169893,+
orf27019,chr3_170791,NA,noncanonical,other,None,chrIII,170791,170847,-
orf28240,chr3_170886,YCR028C,canonical,conserved,Verified,chrIII,170886,172424,-
orf28236,chr3_172830,NA,noncanonical,other,None,chrIII,172830,172868,-
orf23062,chr3_17290,YCL063W,canonical,conserved,Verified,chrIII,17290,18561,+
NA,chr3_172950,YCR028C-A,canonical,conserved,Verified,chrIII,172950,173440,-
orf28235,chr3_173826,YCR030C,canonical,conserved,Verified,chrIII,173826,176438,-
orf29950,chr3_17636,NA,noncanonical,denovo,None,chrIII,17636,17740,-
orf29342,chr3_176735,NA,noncanonical,denovo,None,chrIII,176735,176815,-
orf27002,chr3_176812,NA,noncanonical,other,None,chrIII,176812,176856,-
orf27001,chr3_176926,NA,noncanonical,denovo,None,chrIII,176926,177117,-
NA,chr3_177500,YCR031C,canonical,conserved,Verified,chrIII,177500,178220,-
orf29336,chr3_178538,NA,noncanonical,other,None,chrIII,178538,178699,-
orf23680,chr3_179059,NA,noncanonical,denovo,None,chrIII,179059,179151,+
orf25937,chr3_179520,YCR032W,canonical,conserved,Verified,chrIII,179520,186023,+
orf25939,chr3_186489,YCR033W,canonical,conserved,Verified,chrIII,186489,190169,+
orf28793,chr3_18816,YCL061C,canonical,conserved,Verified,chrIII,18816,22106,-
orf24839,chr3_190592,YCR034W,canonical,conserved,Verified,chrIII,190592,191635,+
orf25946,chr3_191742,NA,noncanonical,denovo,None,chrIII,191742,191780,+
orf29286,chr3_191834,YCR035C,canonical,conserved,Verified,chrIII,191834,193018,-
orf23765,chr3_193297,YCR036W,canonical,conserved,Verified,chrIII,193297,194298,+
orf29282,chr3_194414,YCR037C,canonical,conserved,Verified,chrIII,194414,197185,-
orf29280,chr3_197621,YCR038C,canonical,conserved,Verified,chrIII,197621,199549,-
orf23792,chr3_200911,YCR041W,canonical,other,Verified,chrIII,200911,201243,+
orf28140,chr3_201174,YCR042C,canonical,conserved,Verified,chrIII,201174,205397,-
orf23799,chr3_202828,NA,noncanonical,denovo,None,chrIII,202828,203094,+
orf26873,chr3_206041,NA,noncanonical,denovo,None,chrIII,206041,206208,-
orf29235,chr3_206261,YCR043C,canonical,conserved,Uncharacterized,chrIII,206261,206644,-
orf28132,chr3_206877,YCR044C,canonical,conserved,Verified,chrIII,206877,207950,-
orf24897,chr3_208034,NA,noncanonical,other,None,chrIII,208034,208231,+
orf26858,chr3_208135,YCR045C,canonical,conserved,Verified,chrIII,208135,209610,-
orf23823,chr3_208405,NA,noncanonical,other,None,chrIII,208405,208479,+
orf24900,chr3_208592,NA,noncanonical,other,None,chrIII,208592,208699,+
orf26857,chr3_209914,YCR046C,canonical,conserved,Verified,chrIII,209914,210423,-
orf24906,chr3_210428,NA,noncanonical,denovo,None,chrIII,210428,210679,+
orf26855,chr3_210718,YCR047C,canonical,conserved,Verified,chrIII,210718,211545,-
orf26019,chr3_211929,YCR048W,canonical,conserved,Verified,chrIII,211929,213761,+
orf26020,chr3_214071,YCR051W,canonical,conserved,Uncharacterized,chrIII,214071,214739,+
orf29211,chr3_214463,NA,noncanonical,other,None,chrIII,214463,214696,-
orf24919,chr3_214994,YCR052W,canonical,conserved,Verified,chrIII,214994,216445,+
orf23847,chr3_216697,YCR053W,canonical,conserved,Verified,chrIII,216697,218241,+
orf28097,chr3_218376,YCR054C,canonical,conserved,Verified,chrIII,218376,220067,-
orf28095,chr3_220311,NA,noncanonical,denovo,None,chrIII,220311,220433,-
orf29181,chr3_220457,YCR057C,canonical,conserved,Verified,chrIII,220457,223228,-
orf26804,chr3_223309,NA,noncanonical,denovo,None,chrIII,223309,223359,-
orf28089,chr3_223368,NA,noncanonical,denovo,None,chrIII,223368,223448,-
orf29180,chr3_223454,YCR059C,canonical,conserved,Verified,chrIII,223454,224230,-
orf27596,chr3_22429,YCL059C,canonical,conserved,Verified,chrIII,22429,23379,-
orf24953,chr3_224399,YCR060W,canonical,conserved,Verified,chrIII,224399,224734,+
orf24958,chr3_225563,YCR061W,canonical,conserved,Uncharacterized,chrIII,225563,227458,+
orf26785,chr3_226537,NA,noncanonical,other,None,chrIII,226537,226731,-
orf29164,chr3_228095,YCR064C,noncanonical,other,Dubious,chrIII,228095,228505,-
orf26074,chr3_228318,YCR063W,canonical,conserved,Verified,chrIII,228318,228791,+
orf23887,chr3_228799,NA,noncanonical,denovo,None,chrIII,228799,229026,+
orf24964,chr3_229310,YCR065W,canonical,conserved,Verified,chrIII,229310,231004,+
orf24968,chr3_231500,YCR066W,canonical,conserved,Verified,chrIII,231500,232963,+
orf26760,chr3_233125,YCR067C,canonical,conserved,Verified,chrIII,233125,236322,-
orf28787,chr3_23523,YCL058C,canonical,other,Verified,chrIII,23523,23981,-
orf23078,chr3_23527,YCL058W-A,canonical,conserved,Verified,chrIII,23527,23925,+
orf24982,chr3_236864,NA,noncanonical,other,None,chrIII,236864,236956,+
orf23909,chr3_237214,YCR068W,canonical,conserved,Verified,chrIII,237214,238776,+
orf26132,chr3_239055,YCR069W,canonical,conserved,Verified,chrIII,239055,240011,+
orf24993,chr3_240071,NA,noncanonical,other,None,chrIII,240071,240106,+
orf26751,chr3_240103,YCR071C,canonical,conserved,Verified,chrIII,240103,240543,-
orf29905,chr3_24032,YCL057C-A,canonical,conserved,Verified,chrIII,24032,24325,-
orf26748,chr3_240805,YCR072C,canonical,conserved,Verified,chrIII,240805,242352,-
orf25383,chr3_24114,NA,noncanonical,other,None,chrIII,24114,24365,+
orf29108,chr3_242588,YCR073C,canonical,conserved,Verified,chrIII,242588,246583,-
orf26144,chr3_242799,NA,noncanonical,other,None,chrIII,242799,242996,+
orf26145,chr3_243069,NA,noncanonical,denovo,None,chrIII,243069,243209,+
orf26161,chr3_246963,YCR073W-A,canonical,conserved,Verified,chrIII,246963,247910,+
orf25386,chr3_24768,YCL057W,canonical,conserved,Verified,chrIII,24768,26906,+
orf29103,chr3_248033,YCR075C,canonical,conserved,Verified,chrIII,248033,248815,-
orf25023,chr3_248975,YCR075W-A,canonical,conserved,Verified,chrIII,248975,249202,+
orf25024,chr3_249230,NA,noncanonical,denovo,None,chrIII,249230,249313,+
orf29101,chr3_249293,YCR076C,canonical,conserved,Verified,chrIII,249293,250045,-
orf25025,chr3_249512,NA,noncanonical,other,None,chrIII,249512,249739,+
orf26692,chr3_250123,NA,noncanonical,other,None,chrIII,250123,250218,-
orf29100,chr3_250238,YCR077C,canonical,conserved,Verified,chrIII,250238,252628,-
orf25034,chr3_252845,YCR079W,canonical,conserved,Verified,chrIII,252845,254173,+
orf23970,chr3_254242,NA,noncanonical,denovo,None,chrIII,254242,254352,+
orf23971,chr3_254371,YCR081W,canonical,conserved,Verified,chrIII,254371,258654,+
orf23973,chr3_258883,YCR082W,canonical,conserved,Verified,chrIII,258883,259269,+
orf25072,chr3_259250,NA,noncanonical,other,None,chrIII,259250,259339,+
orf26204,chr3_259578,YCR083W,canonical,conserved,Verified,chrIII,259578,259961,+
orf25074,chr3_259973,NA,noncanonical,denovo,None,chrIII,259973,260161,+
orf26653,chr3_260122,NA,noncanonical,denovo,None,chrIII,260122,260199,-
orf26652,chr3_260311,YCR084C,canonical,conserved,Verified,chrIII,260311,262452,-
orf25079,chr3_262916,YCR085W,canonical,denovo,Uncharacterized,chrIII,262916,263269,+
orf23989,chr3_263392,YCR086W,canonical,conserved,Verified,chrIII,263392,263964,+
orf27936,chr3_264006,YCR087C-A,canonical,conserved,Uncharacterized,chrIII,264006,264467,-
orf27934,chr3_264723,NA,noncanonical,other,None,chrIII,264723,264803,-
orf26217,chr3_265068,YCR088W,canonical,conserved,Verified,chrIII,265068,266846,+
orf26218,chr3_266955,NA,noncanonical,denovo,None,chrIII,266955,267071,+
orf25093,chr3_267434,YCR089W,canonical,conserved,Verified,chrIII,267434,272263,+
orf28778,chr3_26925,YCL056C,canonical,conserved,Verified,chrIII,26925,27359,-
orf29049,chr3_272315,YCR090C,canonical,conserved,Uncharacterized,chrIII,272315,272863,-
orf25097,chr3_273476,NA,noncanonical,other,None,chrIII,273476,273577,+
orf28777,chr3_27360,NA,noncanonical,denovo,None,chrIII,27360,27437,-
orf24022,chr3_274099,NA,noncanonical,denovo,None,chrIII,274099,274272,+
orf26250,chr3_274404,YCR091W,canonical,conserved,Verified,chrIII,274404,276566,+
orf28776,chr3_27471,NA,noncanonical,denovo,None,chrIII,27471,27542,-
orf29896,chr3_27569,NA,noncanonical,denovo,None,chrIII,27569,27742,-
orf26251,chr3_276732,NA,noncanonical,other,None,chrIII,276732,276965,+
orf29024,chr3_276764,YCR092C,canonical,conserved,Verified,chrIII,276764,279907,-
orf24269,chr3_27929,YCL055W,canonical,conserved,Verified,chrIII,27929,28936,+
orf24054,chr3_280117,YCR093W,canonical,conserved,Verified,chrIII,280117,286443,+
orf23005,chr3_2824,YCL074W,noncanonical,other,pseudogene,chrIII,2824,3750,+
orf29892,chr3_28523,NA,noncanonical,other,None,chrIII,28523,28690,-
orf24057,chr3_286762,YCR094W,canonical,conserved,Verified,chrIII,286762,287937,+
orf26278,chr3_288036,NA,noncanonical,denovo,None,chrIII,288036,288194,+
orf28980,chr3_288170,YCR095C,canonical,conserved,Uncharacterized,chrIII,288170,289258,-
orf25181,chr3_289499,NA,noncanonical,denovo,None,chrIII,289499,289591,+
orf24069,chr3_289639,YCR095W-A,canonical,denovo,Uncharacterized,chrIII,289639,289797,+
orf29890,chr3_29018,NA,noncanonical,denovo,None,chrIII,29018,29212,-
orf25187,chr3_290255,NA,noncanonical,other,None,chrIII,290255,290317,+
orf25399,chr3_29241,NA,noncanonical,other,None,chrIII,29241,29351,+
orf26521,chr3_293179,YCR096C,canonical,conserved,Verified,chrIII,293179,293538,-
NA,chr3_293835,YCR097W,canonical,conserved,Verified,chrIII,293835,294321,+
orf28958,chr3_293990,NA,noncanonical,other,None,chrIII,293990,294214,-
orf25401,chr3_29592,NA,noncanonical,other,None,chrIII,29592,29645,+
orf25402,chr3_29670,NA,noncanonical,denovo,None,chrIII,29670,29717,+
orf26507,chr3_297049,YCR098C,canonical,conserved,Verified,chrIII,297049,298605,-
orf23107,chr3_29812,NA,noncanonical,denovo,None,chrIII,29812,29934,+
orf23108,chr3_29935,NA,noncanonical,denovo,None,chrIII,29935,29994,+
orf28931,chr3_300071,NA,noncanonical,other,None,chrIII,300071,300181,-
orf27757,chr3_300153,NA,noncanonical,other,None,chrIII,300153,300272,-
orf25230,chr3_300368,NA,noncanonical,other,None,chrIII,300368,300544,+
orf27755,chr3_300561,NA,noncanonical,other,None,chrIII,300561,300635,-
orf26493,chr3_300832,YCR099C,canonical,conserved,Uncharacterized,chrIII,300832,301299,-
orf28924,chr3_301271,YCR100C,canonical,conserved,Uncharacterized,chrIII,301271,302221,-
orf26483,chr3_302482,YCR101C,canonical,conserved,Uncharacterized,chrIII,302482,303030,-
orf26482,chr3_303106,NA,noncanonical,other,None,chrIII,303106,303195,-
orf27736,chr3_303231,NA,noncanonical,other,None,chrIII,303231,303284,-
orf26479,chr3_303670,NA,noncanonical,other,None,chrIII,303670,303783,-
orf28916,chr3_304361,YCR102C,canonical,conserved,Uncharacterized,chrIII,304361,305467,-
orf28914,chr3_305573,NA,noncanonical,other,None,chrIII,305573,305725,-
orf24134,chr3_307801,YCR104W,canonical,conserved,Verified,chrIII,307801,308175,+
orf28905,chr3_308897,NA,noncanonical,other,None,chrIII,308897,308995,-
orf24138,chr3_309070,YCR105W,canonical,conserved,Verified,chrIII,309070,310155,+
orf23114,chr3_30910,YCL054W-A,canonical,other,Uncharacterized,chrIII,30910,30996,+
orf27714,chr3_309513,NA,noncanonical,other,None,chrIII,309513,309635,-
orf27713,chr3_309750,NA,noncanonical,other,None,chrIII,309750,309887,-
orf25273,chr3_310412,NA,noncanonical,other,None,chrIII,310412,310582,+
orf25276,chr3_310958,YCR106W,canonical,conserved,Verified,chrIII,310958,313456,+
orf24153,chr3_313753,NA,noncanonical,other,None,chrIII,313753,313806,+
orf26411,chr3_313890,YCR107W,canonical,conserved,Verified,chrIII,313890,314981,+
orf25406,chr3_31449,YCL054W,canonical,conserved,Verified,chrIII,31449,33974,+
orf28751,chr3_34143,YCL052C,canonical,conserved,Verified,chrIII,34143,35393,-
orf25412,chr3_35865,YCL051W,canonical,conserved,Verified,chrIII,35865,37616,+
orf28741,chr3_37686,NA,noncanonical,other,None,chrIII,37686,37790,-
orf28740,chr3_37836,YCL050C,canonical,conserved,Verified,chrIII,37836,38801,-
orf29851,chr3_39152,NA,noncanonical,denovo,None,chrIII,39152,39235,-
orf27547,chr3_39211,NA,noncanonical,other,None,chrIII,39211,39303,-
orf24293,chr3_39662,NA,noncanonical,other,None,chrIII,39662,39805,+
orf28734,chr3_39786,YCL049C,canonical,conserved,Uncharacterized,chrIII,39786,40724,-
orf25422,chr3_40020,NA,noncanonical,other,None,chrIII,40020,40115,+
orf23162,chr3_40969,NA,noncanonical,other,None,chrIII,40969,41055,+
orf28730,chr3_41481,NA,noncanonical,other,None,chrIII,41481,41672,-
orf23165,chr3_41488,YCL048W-A,canonical,conserved,Uncharacterized,chrIII,41488,41727,+
orf29842,chr3_41663,NA,noncanonical,denovo,None,chrIII,41663,41815,-
orf25426,chr3_42165,YCL048W,canonical,conserved,Verified,chrIII,42165,43556,+
orf29829,chr3_43661,YCL047C,canonical,conserved,Verified,chrIII,43661,44437,-
orf27519,chr3_44623,YCL045C,canonical,conserved,Verified,chrIII,44623,46905,-
orf24319,chr3_46640,YCL046W,noncanonical,denovo,Dubious,chrIII,46640,46963,+
orf29825,chr3_47111,YCL044C,canonical,conserved,Verified,chrIII,47111,48364,-
orf29824,chr3_48653,YCL043C,canonical,conserved,Verified,chrIII,48653,50221,-
orf23201,chr3_50584,YCL042W,canonical,other,Uncharacterized,chrIII,50584,50943,+
orf25457,chr3_50838,YCL040W,canonical,conserved,Verified,chrIII,50838,52340,+
orf23213,chr3_52645,YCL039W,canonical,conserved,Verified,chrIII,52645,54882,+
orf29808,chr3_54941,YCL038C,canonical,conserved,Verified,chrIII,54941,56527,-
orf29804,chr3_57269,NA,noncanonical,denovo,None,chrIII,57269,57346,-
orf29803,chr3_57374,YCL037C,canonical,conserved,Verified,chrIII,57374,58774,-
orf23235,chr3_59026,YCL036W,canonical,conserved,Verified,chrIII,59026,60726,+
orf28658,chr3_60723,NA,noncanonical,denovo,None,chrIII,60723,60803,-
orf27454,chr3_60841,YCL035C,canonical,conserved,Verified,chrIII,60841,61173,-
orf24375,chr3_60989,NA,noncanonical,other,None,chrIII,60989,61165,+
orf24379,chr3_61658,YCL034W,canonical,conserved,Verified,chrIII,61658,62722,+
orf27447,chr3_62776,YCL033C,canonical,conserved,Verified,chrIII,62776,63282,-
orf25499,chr3_63441,YCL032W,canonical,conserved,Verified,chrIII,63441,64481,+
orf27442,chr3_64675,YCL031C,canonical,conserved,Verified,chrIII,64675,65568,-
orf29997,chr3_6479,YCL073C,canonical,conserved,Verified,chrIII,6479,8326,-
orf28638,chr3_65934,YCL030C,canonical,conserved,Verified,chrIII,65934,68333,-
orf28636,chr3_68499,NA,noncanonical,other,None,chrIII,68499,68540,-
orf27435,chr3_68599,YCL029C,canonical,conserved,Verified,chrIII,68599,69921,-
orf23272,chr3_70150,YCL028W,canonical,conserved,Verified,chrIII,70150,71367,+
orf23273,chr3_71371,NA,noncanonical,denovo,None,chrIII,71371,71472,+
orf28623,chr3_71466,NA,noncanonical,denovo,None,chrIII,71466,71627,-
orf23277,chr3_71803,YCL027W,canonical,conserved,Verified,chrIII,71803,73341,+
orf28618,chr3_72210,NA,noncanonical,denovo,None,chrIII,72210,72482,-
orf27423,chr3_73405,YCL026C-B,canonical,conserved,Verified,chrIII,73405,73986,-
orf23282,chr3_74689,NA,noncanonical,other,None,chrIII,74689,74874,+
orf27418,chr3_74704,YCL026C-A,canonical,conserved,Verified,chrIII,74704,75285,-
orf27414,chr3_76018,YCL025C,canonical,conserved,Verified,chrIII,76018,77919,-
orf25544,chr3_77799,NA,noncanonical,denovo,None,chrIII,77799,77963,+
orf29733,chr3_77939,NA,noncanonical,denovo,None,chrIII,77939,78007,-
orf29732,chr3_78050,NA,noncanonical,denovo,None,chrIII,78050,78157,-
orf23301,chr3_79162,YCL024W,canonical,conserved,Verified,chrIII,79162,82275,+
orf28575,chr3_83262,NA,noncanonical,denovo,None,chrIII,83262,83426,-
orf23310,chr3_83620,YCL021W-A,canonical,conserved,Uncharacterized,chrIII,83620,83997,+
orf29713,chr3_84569,NA,noncanonical,other,None,chrIII,84569,84676,-
orf27392,chr3_84655,NA,noncanonical,other,None,chrIII,84655,84750,-
orf28570,chr3_84717,NA,noncanonical,other,None,chrIII,84717,84791,-
orf23319,chr3_85102,YCL020W,canonical,conserved,transposable_element_gene,chrIII,85102,86418,+
orf24484,chr3_86375,NA,noncanonical,other,None,chrIII,86375,90415,+
orf24487,chr3_90944,NA,noncanonical,other,None,chrIII,90944,91072,+
orf23332,chr3_91324,YCL018W,canonical,conserved,Verified,chrIII,91324,92418,+
orf24496,chr3_92462,NA,noncanonical,denovo,None,chrIII,92462,92578,+
orf29669,chr3_92777,YCL017C,canonical,conserved,Verified,chrIII,92777,94270,-
orf27347,chr3_94621,YCL016C,canonical,conserved,Verified,chrIII,94621,95763,-
orf23346,chr3_96142,NA,noncanonical,other,None,chrIII,96142,96312,+
orf24511,chr3_96281,YCL014W,canonical,conserved,Verified,chrIII,96281,101191,+
orf23032,chr3_9706,YCL069W,canonical,conserved,Verified,chrIII,9706,11082,+
orf63567,chr4_100002,NA,noncanonical,other,None,chrIV,100002,100253,-
orf60200,chr4_1000104,YDR266C,canonical,conserved,Verified,chrIV,1000104,1002023,-
orf60198,chr4_1002510,YDR267C,canonical,conserved,Verified,chrIV,1002510,1003502,-
orf45033,chr4_1004004,YDR268W,canonical,conserved,Verified,chrIV,1004004,1005143,+
orf60194,chr4_1004982,NA,noncanonical,denovo,None,chrIV,1004982,1005125,-
orf57943,chr4_100501,YDL200C,canonical,conserved,Verified,chrIV,100501,101121,-
orf45035,chr4_1005675,YDR270W,canonical,conserved,Verified,chrIV,1005675,1008689,+
orf41783,chr4_100806,NA,noncanonical,denovo,None,chrIV,100806,101006,+
orf48970,chr4_1008395,YDR271C,noncanonical,other,Dubious,chrIV,1008395,1008766,-
orf39413,chr4_1009010,YDR272W,canonical,conserved,Verified,chrIV,1009010,1009834,+
orf33806,chr4_1010176,YDR273W,canonical,conserved,Verified,chrIV,1010176,1011273,+
orf54645,chr4_1011589,YDR274C,canonical,other,Uncharacterized,chrIV,1011589,1011960,-
orf33810,chr4_1011802,NA,noncanonical,denovo,None,chrIV,1011802,1011936,+
orf33811,chr4_1012033,NA,noncanonical,denovo,None,chrIV,1012033,1012071,+
orf33812,chr4_1012252,YDR275W,canonical,conserved,Verified,chrIV,1012252,1012959,+
orf57940,chr4_101290,YDL199C,canonical,conserved,Uncharacterized,chrIV,101290,103353,-
orf60173,chr4_1013346,NA,noncanonical,denovo,None,chrIV,1013346,1013408,-
orf54640,chr4_1013476,YDR276C,canonical,conserved,Verified,chrIV,1013476,1013643,-
orf39433,chr4_1013492,NA,noncanonical,other,None,chrIV,1013492,1013668,+
orf48948,chr4_1013621,NA,noncanonical,other,None,chrIV,1013621,1013863,-
orf39435,chr4_1013987,NA,noncanonical,denovo,None,chrIV,1013987,1014139,+
orf48945,chr4_1014401,YDR277C,canonical,conserved,Verified,chrIV,1014401,1015702,-
orf45053,chr4_1014585,NA,noncanonical,other,None,chrIV,1014585,1014773,+
orf45054,chr4_1014780,NA,noncanonical,other,None,chrIV,1014780,1014902,+
orf54626,chr4_1015792,NA,noncanonical,other,None,chrIV,1015792,1015860,-
orf33826,chr4_1016488,NA,noncanonical,denovo,None,chrIV,1016488,1016676,+
orf54621,chr4_1017001,YDR278C,canonical,conserved,Uncharacterized,chrIV,1017001,1017318,-
orf45065,chr4_1017738,NA,noncanonical,other,None,chrIV,1017738,1017983,+
orf33842,chr4_1019368,YDR279W,canonical,conserved,Verified,chrIV,1019368,1020420,+
orf45076,chr4_1020747,YDR280W,canonical,conserved,Verified,chrIV,1020747,1021664,+
orf60138,chr4_1022007,YDR281C,canonical,conserved,Verified,chrIV,1022007,1022321,-
orf33856,chr4_1022647,NA,noncanonical,denovo,None,chrIV,1022647,1022784,+
orf54594,chr4_1023511,YDR282C,canonical,conserved,Verified,chrIV,1023511,1024755,-
orf60123,chr4_1025070,YDR283C,canonical,conserved,Verified,chrIV,1025070,1030049,-
orf48860,chr4_1030550,YDR284C,canonical,conserved,Verified,chrIV,1030550,1031419,-
orf33895,chr4_1032436,YDR285W,canonical,conserved,Verified,chrIV,1032436,1035063,+
orf33896,chr4_1035070,NA,noncanonical,denovo,None,chrIV,1035070,1035165,+
orf60109,chr4_1035105,NA,noncanonical,denovo,None,chrIV,1035105,1035182,-
orf60108,chr4_1035231,YDR286C,canonical,conserved,Uncharacterized,chrIV,1035231,1035575,-
orf57939,chr4_103543,NA,noncanonical,denovo,None,chrIV,103543,103596,-
orf60107,chr4_1035627,NA,noncanonical,denovo,None,chrIV,1035627,1035701,-
orf63546,chr4_103581,NA,noncanonical,other,None,chrIV,103581,103652,-
orf60106,chr4_1035852,NA,noncanonical,denovo,None,chrIV,1035852,1036037,-
orf39540,chr4_1035995,YDR287W,canonical,conserved,Verified,chrIV,1035995,1036873,+
orf52268,chr4_103649,YDL198C,canonical,conserved,Verified,chrIV,103649,104551,-
orf39544,chr4_1037195,YDR288W,canonical,conserved,Verified,chrIV,1037195,1038106,+
orf54552,chr4_1038280,YDR289C,canonical,conserved,Verified,chrIV,1038280,1039509,-
orf45136,chr4_1039728,YDR291W,canonical,conserved,Verified,chrIV,1039728,1042961,+
orf39559,chr4_1042958,NA,noncanonical,other,None,chrIV,1042958,1043017,+
orf60069,chr4_1043043,NA,noncanonical,other,None,chrIV,1043043,1043105,-
orf54538,chr4_1043146,YDR292C,canonical,conserved,Verified,chrIV,1043146,1045011,-
orf54537,chr4_1045249,NA,noncanonical,other,None,chrIV,1045249,1045407,-
orf54536,chr4_1045444,NA,noncanonical,denovo,None,chrIV,1045444,1045518,-
orf48823,chr4_1045640,YDR293C,canonical,conserved,Verified,chrIV,1045640,1049392,-
orf57933,chr4_104659,NA,noncanonical,denovo,None,chrIV,104659,104805,-
orf57932,chr4_104917,YDL197C,canonical,conserved,Verified,chrIV,104917,106494,-
orf60050,chr4_1050459,YDR294C,canonical,conserved,Verified,chrIV,1050459,1052228,-
orf54506,chr4_1052623,YDR295C,canonical,conserved,Verified,chrIV,1052623,1054647,-
orf33994,chr4_1055212,YDR296W,canonical,conserved,Verified,chrIV,1055212,1055892,+
orf39618,chr4_1056551,YDR297W,canonical,conserved,Verified,chrIV,1056551,1057600,+
orf48787,chr4_1058036,NA,noncanonical,denovo,None,chrIV,1058036,1058155,-
orf54493,chr4_1058176,YDR298C,canonical,conserved,Verified,chrIV,1058176,1058814,-
orf45203,chr4_1059627,YDR299W,canonical,conserved,Verified,chrIV,1059627,1061231,+
orf60010,chr4_1061505,YDR300C,canonical,conserved,Verified,chrIV,1061505,1062791,-
orf39634,chr4_1063352,YDR301W,canonical,conserved,Verified,chrIV,1063352,1067425,+
orf30454,chr4_106741,YDL196W,noncanonical,denovo,Dubious,chrIV,106741,107070,+
orf34034,chr4_1067731,YDR302W,canonical,conserved,Verified,chrIV,1067731,1068390,+
orf59982,chr4_1068729,YDR303C,canonical,conserved,Verified,chrIV,1068729,1071386,-
orf54447,chr4_1071553,NA,noncanonical,denovo,None,chrIV,1071553,1071786,-
orf54446,chr4_1071880,YDR304C,canonical,conserved,Verified,chrIV,1071880,1072557,-
orf41809,chr4_107208,YDL195W,canonical,conserved,Verified,chrIV,107208,111029,+
NA,chr4_1072746,YDR305C,canonical,conserved,Verified,chrIV,1072746,1073488,-
orf48709,chr4_1073735,YDR306C,canonical,conserved,Verified,chrIV,1073735,1075171,-
orf39668,chr4_1075865,YDR307W,canonical,conserved,Uncharacterized,chrIV,1075865,1077853,+
orf48698,chr4_1077935,NA,noncanonical,other,None,chrIV,1077935,1077985,-
orf54419,chr4_1078027,YDR308C,canonical,conserved,Verified,chrIV,1078027,1078449,-
orf59954,chr4_1078767,NA,noncanonical,denovo,None,chrIV,1078767,1079033,-
orf48694,chr4_1079048,YDR309C,canonical,conserved,Verified,chrIV,1079048,1080199,-
orf54413,chr4_1080226,NA,noncanonical,denovo,None,chrIV,1080226,1080285,-
orf34087,chr4_1080868,NA,noncanonical,denovo,None,chrIV,1080868,1080966,+
orf45309,chr4_1080969,NA,noncanonical,denovo,None,chrIV,1080969,1081181,+
orf59949,chr4_1081128,YDR310C,canonical,conserved,Verified,chrIV,1081128,1084316,-
orf34109,chr4_1085065,YDR311W,canonical,conserved,Verified,chrIV,1085065,1086993,+
orf45327,chr4_1087581,YDR312W,canonical,conserved,Verified,chrIV,1087581,1088942,+
orf39724,chr4_1088942,NA,noncanonical,other,None,chrIV,1088942,1088992,+
orf59927,chr4_1089219,YDR313C,canonical,conserved,Verified,chrIV,1089219,1090079,-
orf48644,chr4_1090433,YDR314C,canonical,conserved,Verified,chrIV,1090433,1092511,-
orf59918,chr4_1092741,YDR315C,canonical,conserved,Verified,chrIV,1092741,1093586,-
orf39746,chr4_1093763,YDR316W,canonical,conserved,Verified,chrIV,1093763,1095178,+
orf59909,chr4_1095330,NA,noncanonical,other,None,chrIV,1095330,1095482,-
orf39750,chr4_1095713,NA,noncanonical,other,None,chrIV,1095713,1095802,+
orf39767,chr4_1102184,YDR317W,canonical,conserved,Verified,chrIV,1102184,1103428,+
orf54319,chr4_1102213,NA,noncanonical,other,None,chrIV,1102213,1102422,-
orf54318,chr4_1102636,NA,noncanonical,other,None,chrIV,1102636,1102776,-
orf59871,chr4_1103214,NA,noncanonical,other,None,chrIV,1103214,1103297,-
orf54317,chr4_1103602,NA,noncanonical,denovo,None,chrIV,1103602,1103685,-
orf59869,chr4_1103715,NA,noncanonical,other,None,chrIV,1103715,1103876,-
NA,chr4_1103758,YDR318W,canonical,conserved,Verified,chrIV,1103758,1104947,+
orf54311,chr4_1105003,YDR319C,canonical,conserved,Uncharacterized,chrIV,1105003,1105827,-
orf48588,chr4_1105970,NA,noncanonical,denovo,None,chrIV,1105970,1106056,-
orf54309,chr4_1106095,YDR320C,canonical,conserved,Verified,chrIV,1106095,1108101,-
orf39780,chr4_1106102,NA,noncanonical,other,None,chrIV,1106102,1106332,+
orf48584,chr4_1108280,YDR320C-A,canonical,conserved,Verified,chrIV,1108280,1108498,-
orf45399,chr4_1108359,NA,noncanonical,other,None,chrIV,1108359,1108487,+
orf45401,chr4_1108644,NA,noncanonical,other,None,chrIV,1108644,1108721,+
orf34212,chr4_1108702,YDR321W,canonical,conserved,Verified,chrIV,1108702,1109847,+
orf39799,chr4_1109819,NA,noncanonical,other,None,chrIV,1109819,1109953,+
orf34215,chr4_1110589,YDR322W,canonical,conserved,Verified,chrIV,1110589,1111692,+
orf30478,chr4_111088,NA,noncanonical,other,None,chrIV,111088,111162,+
orf48570,chr4_1112003,YDR322C-A,canonical,conserved,Verified,chrIV,1112003,1112293,-
orf54290,chr4_1112326,NA,noncanonical,other,None,chrIV,1112326,1112493,-
orf48569,chr4_1112480,YDR323C,canonical,conserved,Verified,chrIV,1112480,1114027,-
orf48567,chr4_1114433,YDR324C,canonical,conserved,Verified,chrIV,1114433,1116763,-
orf30480,chr4_111580,YDL194W,canonical,conserved,Verified,chrIV,111580,114234,+
orf34237,chr4_1117126,YDR325W,canonical,conserved,Verified,chrIV,1117126,1120233,+
orf54238,chr4_1120609,YDR326C,canonical,conserved,Verified,chrIV,1120609,1124925,-
orf54237,chr4_1125022,NA,noncanonical,denovo,None,chrIV,1125022,1125147,-
orf48549,chr4_1125434,YDR328C,canonical,conserved,Verified,chrIV,1125434,1126018,-
orf54230,chr4_1126270,YDR329C,canonical,conserved,Verified,chrIV,1126270,1127595,-
orf34273,chr4_1127872,YDR330W,canonical,conserved,Verified,chrIV,1127872,1129374,+
orf34275,chr4_1129588,YDR331W,canonical,conserved,Verified,chrIV,1129588,1130823,+
orf59727,chr4_1130928,NA,noncanonical,other,None,chrIV,1130928,1131062,-
orf34276,chr4_1131001,YDR332W,canonical,conserved,Verified,chrIV,1131001,1133070,+
orf54205,chr4_1133260,YDR333C,canonical,conserved,Verified,chrIV,1133260,1135431,-
orf39946,chr4_1135880,NA,noncanonical,other,None,chrIV,1135880,1135948,+
orf45484,chr4_1135932,YDR334W,canonical,conserved,Verified,chrIV,1135932,1140476,+
orf34328,chr4_1141168,YDR335W,canonical,conserved,Verified,chrIV,1141168,1144842,+
orf59657,chr4_1144560,NA,noncanonical,other,None,chrIV,1144560,1144856,-
orf34330,chr4_1145092,YDR336W,canonical,conserved,Uncharacterized,chrIV,1145092,1146036,+
orf34333,chr4_1146319,YDR337W,canonical,conserved,Verified,chrIV,1146319,1147179,+
orf54160,chr4_1146670,NA,noncanonical,denovo,None,chrIV,1146670,1146903,-
orf41819,chr4_114672,YDL193W,canonical,conserved,Verified,chrIV,114672,115799,+
orf48488,chr4_1147379,YDR338C,canonical,conserved,Uncharacterized,chrIV,1147379,1149466,-
orf48487,chr4_1149587,NA,noncanonical,denovo,None,chrIV,1149587,1149658,-
orf48486,chr4_1149737,NA,noncanonical,denovo,None,chrIV,1149737,1149871,-
orf54141,chr4_1149832,NA,noncanonical,other,None,chrIV,1149832,1149915,-
orf59636,chr4_1149951,YDR339C,canonical,conserved,Verified,chrIV,1149951,1150520,-
orf45523,chr4_1150881,YDR340W,noncanonical,other,Dubious,chrIV,1150881,1151183,+
orf54139,chr4_1151086,NA,noncanonical,other,None,chrIV,1151086,1151199,-
orf59635,chr4_1151637,NA,noncanonical,denovo,None,chrIV,1151637,1151774,-
orf54137,chr4_1151803,YDR341C,canonical,conserved,Verified,chrIV,1151803,1153626,-
orf54135,chr4_1154122,NA,noncanonical,other,None,chrIV,1154122,1154256,-
orf48465,chr4_1154216,YDR342C,canonical,conserved,Verified,chrIV,1154216,1155928,-
orf34374,chr4_1156558,NA,noncanonical,denovo,None,chrIV,1156558,1156830,+
orf59599,chr4_1157157,NA,noncanonical,other,None,chrIV,1157157,1157255,-
orf45545,chr4_1157679,NA,noncanonical,other,None,chrIV,1157679,1157789,+
orf34382,chr4_1157935,NA,noncanonical,other,None,chrIV,1157935,1157988,+
orf34385,chr4_1158769,NA,noncanonical,other,None,chrIV,1158769,1158897,+
orf54106,chr4_1159189,NA,noncanonical,other,None,chrIV,1159189,1159287,-
orf59587,chr4_1159608,YDR343C,canonical,conserved,Verified,chrIV,1159608,1161320,-
orf59586,chr4_1161372,NA,noncanonical,denovo,None,chrIV,1161372,1161461,-
orf54099,chr4_1161502,NA,noncanonical,denovo,None,chrIV,1161502,1161648,-
orf48435,chr4_1161638,NA,noncanonical,other,None,chrIV,1161638,1161907,-
orf54098,chr4_1162006,YDR344C,canonical,denovo,Uncharacterized,chrIV,1162006,1162449,-
orf34400,chr4_1162408,NA,noncanonical,denovo,None,chrIV,1162408,1162599,+
orf59582,chr4_1162536,NA,noncanonical,other,None,chrIV,1162536,1162667,-
orf34401,chr4_1162819,NA,noncanonical,denovo,None,chrIV,1162819,1163055,+
orf54096,chr4_1162957,YDR345C,canonical,conserved,Verified,chrIV,1162957,1164660,-
orf57891,chr4_116296,NA,noncanonical,other,None,chrIV,116296,116502,-
orf36067,chr4_116321,YDL192W,canonical,conserved,Verified,chrIV,116321,116866,+
orf54095,chr4_1164727,NA,noncanonical,denovo,None,chrIV,1164727,1164963,-
orf52567,chr4_11657,YDL245C,canonical,conserved,Verified,chrIV,11657,13360,-
orf34407,chr4_1165777,NA,noncanonical,other,None,chrIV,1165777,1165848,+
orf45589,chr4_1166184,NA,noncanonical,other,None,chrIV,1166184,1166339,+
orf48415,chr4_1166960,NA,noncanonical,denovo,None,chrIV,1166960,1167058,-
orf54083,chr4_1167064,NA,noncanonical,denovo,None,chrIV,1167064,1167192,-
orf54082,chr4_1167214,YDR346C,canonical,conserved,Verified,chrIV,1167214,1168659,-
orf45604,chr4_1169052,NA,noncanonical,denovo,None,chrIV,1169052,1169147,+
orf45605,chr4_1169178,YDR347W,canonical,conserved,Verified,chrIV,1169178,1170143,+
orf48408,chr4_1169528,NA,noncanonical,other,None,chrIV,1169528,1169854,-
orf40089,chr4_1170140,NA,noncanonical,other,None,chrIV,1170140,1170181,+
orf54073,chr4_1170253,NA,noncanonical,denovo,None,chrIV,1170253,1170297,-
orf48406,chr4_1170326,YDR348C,canonical,conserved,Verified,chrIV,1170326,1171825,-
orf36069,chr4_117098,NA,noncanonical,denovo,None,chrIV,117098,117157,+
orf54060,chr4_1172386,YDR349C,canonical,conserved,Verified,chrIV,1172386,1174176,-
orf34445,chr4_1174585,NA,noncanonical,other,None,chrIV,1174585,1174668,+
orf54056,chr4_1174660,NA,noncanonical,other,None,chrIV,1174660,1174857,-
orf34446,chr4_1174780,NA,noncanonical,other,None,chrIV,1174780,1174890,+
orf40109,chr4_1174907,NA,noncanonical,other,None,chrIV,1174907,1175002,+
orf45631,chr4_1175271,NA,noncanonical,other,None,chrIV,1175271,1175351,+
orf59530,chr4_1176120,YDR350C,canonical,conserved,Verified,chrIV,1176120,1178174,-
NA,chr4_117664,YDL191W,canonical,conserved,Verified,chrIV,117664,118517,+
orf40121,chr4_1178666,YDR351W,canonical,conserved,Verified,chrIV,1178666,1181260,+
orf54033,chr4_1181611,NA,noncanonical,denovo,None,chrIV,1181611,1181712,-
orf40123,chr4_1181801,YDR352W,canonical,conserved,Verified,chrIV,1181801,1182754,+
orf48361,chr4_1182035,NA,noncanonical,other,None,chrIV,1182035,1182262,-
orf48360,chr4_1182761,NA,noncanonical,denovo,None,chrIV,1182761,1182925,-
orf40124,chr4_1182791,NA,noncanonical,other,None,chrIV,1182791,1182886,+
orf59509,chr4_1182990,NA,noncanonical,denovo,None,chrIV,1182990,1183073,-
orf48357,chr4_1183226,NA,noncanonical,other,None,chrIV,1183226,1183288,-
orf45674,chr4_1183299,YDR353W,canonical,conserved,Verified,chrIV,1183299,1184258,+
orf54023,chr4_1184191,NA,noncanonical,denovo,None,chrIV,1184191,1184397,-
orf40130,chr4_1184747,YDR354W,canonical,conserved,Verified,chrIV,1184747,1185889,+
orf45687,chr4_1186107,YDR356W,canonical,conserved,Verified,chrIV,1186107,1188941,+
orf63488,chr4_118707,YDL190C,canonical,conserved,Verified,chrIV,118707,121592,-
orf48335,chr4_1188986,NA,noncanonical,denovo,None,chrIV,1188986,1189156,-
orf45689,chr4_1189020,NA,noncanonical,denovo,None,chrIV,1189020,1189151,+
orf48334,chr4_1189199,YDR357C,canonical,conserved,Verified,chrIV,1189199,1189567,-
orf34520,chr4_1190059,YDR358W,canonical,conserved,Verified,chrIV,1190059,1191732,+
orf34521,chr4_1191766,NA,noncanonical,denovo,None,chrIV,1191766,1191825,+
orf59485,chr4_1191936,YDR359C,canonical,conserved,Verified,chrIV,1191936,1194884,-
orf48301,chr4_1195412,YDR361C,canonical,conserved,Verified,chrIV,1195412,1196263,-
orf40170,chr4_1195559,NA,noncanonical,other,None,chrIV,1195559,1195753,+
orf59482,chr4_1196679,YDR362C,canonical,conserved,Verified,chrIV,1196679,1198697,-
orf40186,chr4_1199183,YDR363W,canonical,conserved,Verified,chrIV,1199183,1200553,+
orf59463,chr4_1202067,NA,noncanonical,other,None,chrIV,1202067,1202303,-
orf34557,chr4_1202128,YDR363W-A,canonical,conserved,Verified,chrIV,1202128,1202397,+
orf48267,chr4_1202627,NA,noncanonical,other,None,chrIV,1202627,1202800,-
orf48266,chr4_1202843,YDR364C,canonical,conserved,Verified,chrIV,1202843,1204210,-
orf53941,chr4_1204291,NA,noncanonical,other,None,chrIV,1204291,1204449,-
orf59457,chr4_1204497,YDR365C,canonical,conserved,Verified,chrIV,1204497,1206383,-
orf59456,chr4_1206450,NA,noncanonical,other,None,chrIV,1206450,1206566,-
orf59455,chr4_1206594,NA,noncanonical,other,None,chrIV,1206594,1206728,-
orf45752,chr4_1206681,NA,noncanonical,other,None,chrIV,1206681,1206803,+
orf40230,chr4_1208798,NA,noncanonical,other,None,chrIV,1208798,1212265,+
orf59422,chr4_1212438,YDR366C,canonical,other,Uncharacterized,chrIV,1212438,1212836,-
NA,chr4_1212848,YDR367W,canonical,conserved,Verified,chrIV,1212848,1213614,+
orf53905,chr4_1213669,NA,noncanonical,denovo,None,chrIV,1213669,1213962,-
orf40239,chr4_1213904,YDR368W,canonical,conserved,Verified,chrIV,1213904,1214842,+
orf48209,chr4_1214774,NA,noncanonical,other,None,chrIV,1214774,1214920,-
orf45800,chr4_1214862,NA,noncanonical,denovo,None,chrIV,1214862,1215035,+
orf53902,chr4_1215016,YDR369C,canonical,conserved,Verified,chrIV,1215016,1217580,-
orf53899,chr4_1217782,YDR370C,canonical,conserved,Verified,chrIV,1217782,1219110,-
orf45824,chr4_1219413,YDR371W,canonical,conserved,Uncharacterized,chrIV,1219413,1220948,+
orf30515,chr4_121978,NA,noncanonical,denovo,None,chrIV,121978,122166,+
orf53889,chr4_1221112,YDR372C,canonical,conserved,Verified,chrIV,1221112,1222149,-
orf36090,chr4_122216,YDL189W,canonical,conserved,Verified,chrIV,122216,123589,+
orf34619,chr4_1222759,YDR373W,canonical,conserved,Verified,chrIV,1222759,1223331,+
orf48181,chr4_1223474,YDR374C,canonical,conserved,Verified,chrIV,1223474,1224394,-
orf34625,chr4_1224757,YDR374W-A,canonical,conserved,Verified,chrIV,1224757,1225026,+
orf48177,chr4_1225166,YDR375C,canonical,conserved,Verified,chrIV,1225166,1226536,-
orf40287,chr4_1226822,YDR376W,canonical,conserved,Verified,chrIV,1226822,1228303,+
orf53857,chr4_1227967,NA,noncanonical,other,None,chrIV,1227967,1228299,-
orf45859,chr4_1228611,YDR377W,canonical,conserved,Verified,chrIV,1228611,1228916,+
orf40289,chr4_1229138,NA,noncanonical,other,None,chrIV,1229138,1229191,+
orf59334,chr4_1229349,YDR378C,canonical,conserved,Verified,chrIV,1229349,1229720,-
orf40294,chr4_1230167,YDR379W,canonical,conserved,Verified,chrIV,1230167,1233196,+
orf48145,chr4_1233278,YDR379C-A,canonical,conserved,Verified,chrIV,1233278,1233517,-
orf59313,chr4_1233627,NA,noncanonical,denovo,None,chrIV,1233627,1233755,-
orf45892,chr4_1234218,YDR380W,canonical,conserved,Verified,chrIV,1234218,1236125,+
orf59308,chr4_1235151,NA,noncanonical,other,None,chrIV,1235151,1235279,-
orf48131,chr4_1235840,NA,noncanonical,other,None,chrIV,1235840,1235965,-
orf48130,chr4_1235966,NA,noncanonical,other,None,chrIV,1235966,1236088,-
NA,chr4_1236558,YDR381W,canonical,conserved,Verified,chrIV,1236558,1238004,+
NA,chr4_1238312,YDR381C-A,canonical,conserved,Verified,chrIV,1238312,1238850,-
orf40306,chr4_1238414,NA,noncanonical,other,None,chrIV,1238414,1238620,+
orf57873,chr4_123865,YDL188C,canonical,conserved,Verified,chrIV,123865,124998,-
orf34668,chr4_1238875,NA,noncanonical,denovo,None,chrIV,1238875,1238961,+
orf48120,chr4_1238918,NA,noncanonical,other,None,chrIV,1238918,1239004,-
orf45911,chr4_1239492,YDR382W,canonical,conserved,Verified,chrIV,1239492,1239824,+
orf48117,chr4_1239524,NA,noncanonical,other,None,chrIV,1239524,1239658,-
orf48116,chr4_1239668,NA,noncanonical,other,None,chrIV,1239668,1239802,-
orf59297,chr4_1239960,YDR383C,canonical,conserved,Verified,chrIV,1239960,1240718,-
orf40311,chr4_1240352,NA,noncanonical,denovo,None,chrIV,1240352,1240600,+
orf59294,chr4_1241091,NA,noncanonical,other,None,chrIV,1241091,1241150,-
orf53811,chr4_1241161,NA,noncanonical,other,None,chrIV,1241161,1241214,-
orf48105,chr4_1241204,YDR384C,canonical,conserved,Verified,chrIV,1241204,1242031,-
orf48103,chr4_1242167,NA,noncanonical,other,None,chrIV,1242167,1242253,-
orf45919,chr4_1242300,NA,noncanonical,denovo,None,chrIV,1242300,1242497,+
orf45924,chr4_1243230,YDR385W,canonical,conserved,Verified,chrIV,1243230,1245758,+
orf34701,chr4_1246084,YDR386W,canonical,conserved,Verified,chrIV,1246084,1247982,+
orf53792,chr4_1248154,YDR387C,canonical,conserved,Uncharacterized,chrIV,1248154,1249821,-
orf48077,chr4_1249829,NA,noncanonical,denovo,None,chrIV,1249829,1249900,-
orf40340,chr4_1250186,YDR388W,canonical,conserved,Verified,chrIV,1250186,1251634,+
orf34712,chr4_1252537,YDR389W,canonical,conserved,Verified,chrIV,1252537,1254501,+
orf45953,chr4_1254675,NA,noncanonical,other,None,chrIV,1254675,1254740,+
orf53770,chr4_1254937,YDR390C,canonical,conserved,Verified,chrIV,1254937,1256847,-
orf41858,chr4_125616,YDL186W,canonical,conserved,Uncharacterized,chrIV,125616,126449,+
orf53768,chr4_1257358,YDR391C,canonical,conserved,Uncharacterized,chrIV,1257358,1258056,-
orf59220,chr4_1258347,NA,noncanonical,denovo,None,chrIV,1258347,1258499,-
orf40377,chr4_1258484,NA,noncanonical,denovo,None,chrIV,1258484,1258588,+
orf34730,chr4_1258696,YDR392W,canonical,conserved,Verified,chrIV,1258696,1259709,+
orf45968,chr4_1259901,YDR393W,canonical,conserved,Verified,chrIV,1259901,1261271,+
orf48046,chr4_1260542,NA,noncanonical,denovo,None,chrIV,1260542,1261165,-
orf59214,chr4_1261233,NA,noncanonical,denovo,None,chrIV,1261233,1261325,-
orf40392,chr4_1261544,NA,noncanonical,denovo,None,chrIV,1261544,1261666,+
orf34745,chr4_1261681,YDR394W,canonical,conserved,Verified,chrIV,1261681,1262967,+
orf57867,chr4_126286,NA,noncanonical,other,None,chrIV,126286,126393,-
orf45972,chr4_1263324,YDR395W,canonical,conserved,Verified,chrIV,1263324,1266158,+
NA,chr4_1266366,YDR397C,canonical,conserved,Verified,chrIV,1266366,1266898,-
orf53726,chr4_1266937,NA,noncanonical,denovo,None,chrIV,1266937,1267032,-
orf34775,chr4_1267471,YDR398W,canonical,conserved,Verified,chrIV,1267471,1269402,+
orf30534,chr4_126787,YDL185W,canonical,conserved,Verified,chrIV,126787,130002,+
orf45983,chr4_1270068,YDR399W,canonical,conserved,Verified,chrIV,1270068,1270733,+
orf59187,chr4_1270533,NA,noncanonical,other,None,chrIV,1270533,1270745,-
orf40437,chr4_1270949,YDR400W,canonical,conserved,Verified,chrIV,1270949,1272085,+
orf34781,chr4_1272223,YDR401W,noncanonical,other,Dubious,chrIV,1272223,1272786,+
orf59180,chr4_1272234,YDR402C,canonical,conserved,Verified,chrIV,1272234,1273703,-
orf34790,chr4_1274602,YDR403W,canonical,conserved,Verified,chrIV,1274602,1276212,+
orf53685,chr4_1275541,NA,noncanonical,denovo,None,chrIV,1275541,1275732,-
orf53679,chr4_1276393,NA,noncanonical,other,None,chrIV,1276393,1276575,-
orf53678,chr4_1276654,YDR404C,canonical,conserved,Verified,chrIV,1276654,1277169,-
orf46010,chr4_1277646,YDR405W,canonical,conserved,Verified,chrIV,1277646,1278437,+
orf59167,chr4_1277751,NA,noncanonical,other,None,chrIV,1277751,1278017,-
orf34797,chr4_1279210,YDR406W,canonical,conserved,Verified,chrIV,1279210,1283799,+
orf59158,chr4_1279758,NA,noncanonical,other,None,chrIV,1279758,1279898,-
orf59142,chr4_1284069,YDR407C,canonical,conserved,Verified,chrIV,1284069,1287938,-
orf59140,chr4_1288065,NA,noncanonical,other,None,chrIV,1288065,1288139,-
orf59139,chr4_1288215,YDR408C,canonical,conserved,Verified,chrIV,1288215,1288859,-
orf34818,chr4_1288561,NA,noncanonical,other,None,chrIV,1288561,1288767,+
orf59136,chr4_1288977,NA,noncanonical,denovo,None,chrIV,1288977,1289045,-
orf46044,chr4_1289406,YDR409W,canonical,conserved,Verified,chrIV,1289406,1292120,+
orf47900,chr4_1291772,NA,noncanonical,other,None,chrIV,1291772,1291996,-
orf59126,chr4_1292277,NA,noncanonical,denovo,None,chrIV,1292277,1292366,-
orf47896,chr4_1292372,YDR410C,canonical,conserved,Verified,chrIV,1292372,1293091,-
orf59121,chr4_1293369,YDR411C,canonical,conserved,Verified,chrIV,1293369,1294394,-
orf34845,chr4_1294693,YDR412W,canonical,conserved,Verified,chrIV,1294693,1295400,+
orf59118,chr4_1295598,YDR414C,canonical,conserved,Verified,chrIV,1295598,1296686,-
orf34848,chr4_1295956,NA,noncanonical,other,None,chrIV,1295956,1296219,+
orf34849,chr4_1296349,NA,noncanonical,other,None,chrIV,1296349,1296492,+
orf47882,chr4_1296794,NA,noncanonical,denovo,None,chrIV,1296794,1296829,-
orf53617,chr4_1296856,NA,noncanonical,denovo,None,chrIV,1296856,1296900,-
orf47881,chr4_1297037,YDR415C,canonical,conserved,Uncharacterized,chrIV,1297037,1298161,-
orf40565,chr4_1298432,YDR416W,canonical,conserved,Verified,chrIV,1298432,1301011,+
orf46093,chr4_1301616,YDR418W,canonical,conserved,Verified,chrIV,1301616,1302113,+
orf34868,chr4_1302061,NA,noncanonical,other,None,chrIV,1302061,1302249,+
orf63455,chr4_130221,NA,noncanonical,denovo,None,chrIV,130221,130331,-
orf34875,chr4_1303174,YDR419W,canonical,conserved,Verified,chrIV,1303174,1305072,+
orf63454,chr4_130407,YDL184C,canonical,conserved,Verified,chrIV,130407,130484,-
orf34880,chr4_1306267,YDR420W,canonical,conserved,Verified,chrIV,1306267,1311675,+
orf52171,chr4_130871,YDL183C,canonical,conserved,Verified,chrIV,130871,131833,-
orf40618,chr4_1312040,YDR421W,canonical,conserved,Verified,chrIV,1312040,1314892,+
orf53571,chr4_1312102,NA,noncanonical,other,None,chrIV,1312102,1312494,-
orf53559,chr4_1315222,NA,noncanonical,denovo,None,chrIV,1315222,1315311,-
orf59042,chr4_1315326,YDR422C,canonical,conserved,Verified,chrIV,1315326,1317917,-
orf47783,chr4_1318046,YDR423C,canonical,conserved,Verified,chrIV,1318046,1319275,-
orf57845,chr4_131836,NA,noncanonical,other,None,chrIV,131836,131940,-
NA,chr4_1319387,YDR424C,canonical,conserved,Verified,chrIV,1319387,1319841,-
orf40636,chr4_1319441,NA,noncanonical,other,None,chrIV,1319441,1319593,+
orf53541,chr4_1319758,NA,noncanonical,other,None,chrIV,1319758,1320015,-
orf34915,chr4_1320064,YDR425W,canonical,conserved,Verified,chrIV,1320064,1321941,+
orf63451,chr4_132012,NA,noncanonical,denovo,None,chrIV,132012,132170,-
orf59022,chr4_1321629,YDR426C,noncanonical,other,Dubious,chrIV,1321629,1322006,-
orf46166,chr4_1322205,YDR427W,canonical,conserved,Verified,chrIV,1322205,1323386,+
orf63450,chr4_132333,NA,noncanonical,other,None,chrIV,132333,132539,-
orf53517,chr4_1323454,YDR428C,canonical,conserved,Verified,chrIV,1323454,1324239,-
orf53514,chr4_1324477,YDR429C,canonical,conserved,Verified,chrIV,1324477,1325301,-
orf47754,chr4_1325501,YDR430C,canonical,conserved,Verified,chrIV,1325501,1328470,-
orf40675,chr4_1328783,YDR432W,canonical,conserved,Verified,chrIV,1328783,1330027,+
orf46190,chr4_1330113,NA,noncanonical,denovo,None,chrIV,1330113,1330199,+
orf40677,chr4_1330250,NA,noncanonical,other,None,chrIV,1330250,1330303,+
orf40678,chr4_1330313,NA,noncanonical,denovo,None,chrIV,1330313,1330414,+
orf40679,chr4_1330442,NA,noncanonical,denovo,None,chrIV,1330442,1330492,+
orf40685,chr4_1331237,YDR434W,canonical,conserved,Verified,chrIV,1331237,1332841,+
orf47738,chr4_1332983,YDR435C,canonical,conserved,Verified,chrIV,1332983,1333969,-
orf58981,chr4_1334043,NA,noncanonical,denovo,None,chrIV,1334043,1334204,-
orf34966,chr4_1334338,NA,noncanonical,denovo,None,chrIV,1334338,1334553,+
orf41878,chr4_133437,YDL182W,canonical,conserved,Verified,chrIV,133437,134723,+
orf34967,chr4_1334821,YDR436W,canonical,conserved,Verified,chrIV,1334821,1336953,+
orf46221,chr4_1336968,NA,noncanonical,denovo,None,chrIV,1336968,1337051,+
orf46222,chr4_1337352,YDR437W,canonical,conserved,Verified,chrIV,1337352,1337774,+
orf47729,chr4_1337369,NA,noncanonical,other,None,chrIV,1337369,1337560,-
orf46224,chr4_1337931,NA,noncanonical,denovo,None,chrIV,1337931,1338056,+
orf40709,chr4_1338029,NA,noncanonical,denovo,None,chrIV,1338029,1338145,+
orf46226,chr4_1338159,NA,noncanonical,other,None,chrIV,1338159,1338233,+
orf34975,chr4_1338274,YDR438W,canonical,conserved,Verified,chrIV,1338274,1339386,+
orf58961,chr4_1339146,NA,noncanonical,other,None,chrIV,1339146,1339292,-
orf40715,chr4_1339676,YDR439W,canonical,conserved,Verified,chrIV,1339676,1340719,+
orf53441,chr4_1341097,NA,noncanonical,other,None,chrIV,1341097,1341168,-
orf47709,chr4_1341338,NA,noncanonical,denovo,None,chrIV,1341338,1341385,-
orf53437,chr4_1341880,NA,noncanonical,other,None,chrIV,1341880,1341990,-
orf40722,chr4_1342493,YDR440W,canonical,conserved,Verified,chrIV,1342493,1344241,+
orf58936,chr4_1344432,NA,noncanonical,other,None,chrIV,1344432,1344566,-
orf53426,chr4_1344517,YDR441C,canonical,conserved,Verified,chrIV,1344517,1345062,-
orf47700,chr4_1345049,NA,noncanonical,other,None,chrIV,1345049,1345093,-
orf53425,chr4_1345285,NA,noncanonical,denovo,None,chrIV,1345285,1345521,-
orf47698,chr4_1345676,YDR443C,canonical,conserved,Verified,chrIV,1345676,1349938,-
orf52159,chr4_135017,NA,noncanonical,denovo,None,chrIV,135017,135130,-
orf40749,chr4_1350290,YDR444W,canonical,conserved,Uncharacterized,chrIV,1350290,1352353,+
orf63443,chr4_135144,NA,noncanonical,other,None,chrIV,135144,135209,-
orf36144,chr4_135179,YDL181W,canonical,conserved,Verified,chrIV,135179,135436,+
orf53384,chr4_1353001,NA,noncanonical,other,None,chrIV,1353001,1353120,-
orf53383,chr4_1353229,NA,noncanonical,denovo,None,chrIV,1353229,1353441,-
orf63442,chr4_135330,NA,noncanonical,other,None,chrIV,135330,135440,-
orf40760,chr4_1353725,YDR446W,canonical,conserved,Verified,chrIV,1353725,1354633,+
orf30555,chr4_135439,NA,noncanonical,denovo,None,chrIV,135439,135537,+
orf47680,chr4_1354754,NA,noncanonical,other,None,chrIV,1354754,1354801,-
NA,chr4_1354829,YDR447C,canonical,conserved,Verified,chrIV,1354829,1355553,-
orf40768,chr4_1356065,YDR448W,canonical,conserved,Verified,chrIV,1356065,1357369,+
orf41879,chr4_135609,NA,noncanonical,other,None,chrIV,135609,135725,+
orf47665,chr4_1357580,YDR449C,canonical,conserved,Verified,chrIV,1357580,1358902,-
orf36145,chr4_135896,YDL180W,canonical,conserved,Uncharacterized,chrIV,135896,137539,+
NA,chr4_1359923,YDR450W,canonical,conserved,Verified,chrIV,1359923,1360798,+
orf58882,chr4_1360920,NA,noncanonical,denovo,None,chrIV,1360920,1361054,-
orf47658,chr4_1361120,YDR451C,canonical,conserved,Verified,chrIV,1361120,1362181,-
orf35058,chr4_1361875,NA,noncanonical,denovo,None,chrIV,1361875,1362060,+
orf40789,chr4_1362878,YDR452W,canonical,conserved,Verified,chrIV,1362878,1364902,+
orf40790,chr4_1364921,NA,noncanonical,denovo,None,chrIV,1364921,1364989,+
orf58868,chr4_1365072,YDR453C,canonical,conserved,Verified,chrIV,1365072,1365662,-
orf53317,chr4_1366264,YDR454C,canonical,conserved,Verified,chrIV,1366264,1366827,-
orf40799,chr4_1366913,NA,noncanonical,denovo,None,chrIV,1366913,1367101,+
orf35074,chr4_1367485,YDR456W,canonical,conserved,Verified,chrIV,1367485,1369386,+
orf40814,chr4_1369790,YDR457W,canonical,conserved,Verified,chrIV,1369790,1379596,+
orf46467,chr4_1379721,NA,noncanonical,denovo,None,chrIV,1379721,1379840,+
orf40815,chr4_1379837,NA,noncanonical,denovo,None,chrIV,1379837,1379971,+
orf53269,chr4_1380055,YDR458C,canonical,conserved,Verified,chrIV,1380055,1382046,-
orf36147,chr4_138116,NA,noncanonical,other,None,chrIV,138116,138211,+
orf58794,chr4_1382319,YDR459C,canonical,conserved,Verified,chrIV,1382319,1383443,-
orf41891,chr4_138291,YDL179W,canonical,conserved,Verified,chrIV,138291,139205,+
orf35116,chr4_1383811,YDR460W,canonical,conserved,Verified,chrIV,1383811,1384776,+
orf58791,chr4_1383915,NA,noncanonical,denovo,None,chrIV,1383915,1384157,-
orf58790,chr4_1384215,NA,noncanonical,other,None,chrIV,1384215,1384655,-
orf35118,chr4_1385176,YDR461W,canonical,conserved,Verified,chrIV,1385176,1385286,+
orf46482,chr4_1385271,NA,noncanonical,other,None,chrIV,1385271,1385363,+
orf53259,chr4_1385524,YDR461C-A,canonical,conserved,Uncharacterized,chrIV,1385524,1385769,-
orf35120,chr4_1385581,NA,noncanonical,other,None,chrIV,1385581,1385826,+
orf35122,chr4_1386073,YDR462W,canonical,conserved,Verified,chrIV,1386073,1386516,+
orf46489,chr4_1386642,YDR463W,canonical,conserved,Verified,chrIV,1386642,1388375,+
orf35139,chr4_1388872,YDR464W,canonical,conserved,Verified,chrIV,1388872,1393179,+
orf53225,chr4_1393336,YDR465C,canonical,conserved,Verified,chrIV,1393336,1394574,-
orf36151,chr4_139343,NA,noncanonical,denovo,None,chrIV,139343,139405,+
orf35148,chr4_1395121,YDR466W,canonical,conserved,Verified,chrIV,1395121,1397817,+
orf30571,chr4_139522,YDL178W,canonical,conserved,Verified,chrIV,139522,141114,+
orf46514,chr4_1397865,NA,noncanonical,denovo,None,chrIV,1397865,1397996,+
orf47514,chr4_1398026,YDR468C,canonical,conserved,Verified,chrIV,1398026,1398700,-
orf35152,chr4_1399015,YDR469W,canonical,conserved,Verified,chrIV,1399015,1399542,+
orf47508,chr4_1399706,YDR470C,canonical,conserved,Verified,chrIV,1399706,1401214,-
NA,chr4_1401770,YDR471W,canonical,conserved,Verified,chrIV,1401770,1402564,+
orf58720,chr4_1402443,NA,noncanonical,other,None,chrIV,1402443,1402616,-
orf35163,chr4_1402537,NA,noncanonical,other,None,chrIV,1402537,1402665,+
orf58719,chr4_1402680,NA,noncanonical,denovo,None,chrIV,1402680,1402871,-
orf40924,chr4_1403135,NA,noncanonical,denovo,None,chrIV,1403135,1403317,+
orf46535,chr4_1403322,YDR472W,canonical,conserved,Verified,chrIV,1403322,1404173,+
orf53176,chr4_1404445,YDR473C,canonical,conserved,Verified,chrIV,1404445,1405854,-
orf35177,chr4_1406134,NA,noncanonical,other,None,chrIV,1406134,1406229,+
orf47477,chr4_1407464,YDR475C,canonical,conserved,Verified,chrIV,1407464,1410094,-
orf58683,chr4_1410204,NA,noncanonical,denovo,None,chrIV,1410204,1410359,-
orf58682,chr4_1410453,YDR476C,canonical,conserved,Uncharacterized,chrIV,1410453,1411127,-
orf36172,chr4_141122,NA,noncanonical,denovo,None,chrIV,141122,141199,+
orf40944,chr4_1411274,NA,noncanonical,denovo,None,chrIV,1411274,1411417,+
orf58681,chr4_1411470,NA,noncanonical,denovo,None,chrIV,1411470,1411697,-
orf46565,chr4_1411575,NA,noncanonical,other,None,chrIV,1411575,1411733,+
orf35203,chr4_1411657,NA,noncanonical,denovo,None,chrIV,1411657,1411803,+
orf40946,chr4_1411880,NA,noncanonical,denovo,None,chrIV,1411880,1411939,+
orf52130,chr4_141209,YDL177C,canonical,conserved,Uncharacterized,chrIV,141209,141721,-
orf46569,chr4_1412373,YDR477W,canonical,conserved,Verified,chrIV,1412373,1414274,+
orf46572,chr4_1414575,YDR478W,canonical,conserved,Verified,chrIV,1414575,1415171,+
orf47455,chr4_1415210,YDR479C,canonical,conserved,Verified,chrIV,1415210,1416874,-
orf35233,chr4_1417204,NA,noncanonical,other,None,chrIV,1417204,1417260,+
orf35234,chr4_1417399,YDR480W,canonical,conserved,Verified,chrIV,1417399,1418370,+
orf47450,chr4_1417844,NA,noncanonical,other,None,chrIV,1417844,1418095,-
orf58657,chr4_1418037,NA,noncanonical,other,None,chrIV,1418037,1418252,-
orf35235,chr4_1418398,NA,noncanonical,denovo,None,chrIV,1418398,1418460,+
orf58655,chr4_1418550,YDR481C,canonical,conserved,Verified,chrIV,1418550,1420250,-
orf35242,chr4_1419952,NA,noncanonical,other,None,chrIV,1419952,1420242,+
orf47430,chr4_1420397,NA,noncanonical,other,None,chrIV,1420397,1420438,-
orf58654,chr4_1420431,YDR482C,canonical,conserved,Verified,chrIV,1420431,1420838,-
orf36175,chr4_142097,YDL176W,canonical,conserved,Verified,chrIV,142097,144223,+
orf46601,chr4_1421157,YDR483W,canonical,conserved,Verified,chrIV,1421157,1422485,+
orf35254,chr4_1422763,YDR484W,canonical,conserved,Verified,chrIV,1422763,1424688,+
orf58640,chr4_1424820,YDR485C,canonical,conserved,Verified,chrIV,1424820,1427252,-
orf53087,chr4_1427431,YDR486C,canonical,conserved,Verified,chrIV,1427431,1428219,-
orf58630,chr4_1428258,NA,noncanonical,other,None,chrIV,1428258,1428299,-
orf58629,chr4_1428354,YDR487C,canonical,conserved,Verified,chrIV,1428354,1428980,-
orf58628,chr4_1429188,YDR488C,canonical,conserved,Verified,chrIV,1429188,1430789,-
orf46623,chr4_1431012,YDR489W,canonical,conserved,Verified,chrIV,1431012,1431896,+
orf58624,chr4_1431798,NA,noncanonical,other,None,chrIV,1431798,1431971,-
orf46624,chr4_1431903,NA,noncanonical,other,None,chrIV,1431903,1432034,+
orf47358,chr4_1431968,YDR490C,canonical,conserved,Verified,chrIV,1431968,1434268,-
orf46626,chr4_1432200,NA,noncanonical,other,None,chrIV,1432200,1432355,+
orf46635,chr4_1434621,NA,noncanonical,denovo,None,chrIV,1434621,1434827,+
orf46636,chr4_1434924,YDR492W,canonical,conserved,Verified,chrIV,1434924,1435874,+
orf46638,chr4_1436217,YDR493W,canonical,conserved,Verified,chrIV,1436217,1436588,+
orf41041,chr4_1436930,YDR494W,canonical,conserved,Verified,chrIV,1436930,1438015,+
orf47343,chr4_1438115,YDR495C,canonical,conserved,Verified,chrIV,1438115,1441150,-
orf47341,chr4_1441433,YDR496C,canonical,conserved,Verified,chrIV,1441433,1443403,-
orf47339,chr4_1443713,YDR497C,canonical,conserved,Verified,chrIV,1443713,1445467,-
orf57786,chr4_144484,YDL175C,canonical,conserved,Verified,chrIV,144484,145518,-
orf47337,chr4_1445843,YDR498C,canonical,conserved,Verified,chrIV,1445843,1446994,-
orf46680,chr4_1447830,YDR499W,canonical,conserved,Verified,chrIV,1447830,1450073,+
NA,chr4_1450198,YDR500C,canonical,conserved,Verified,chrIV,1450198,1450853,-
orf35365,chr4_1451353,YDR501W,canonical,conserved,Verified,chrIV,1451353,1452918,+
orf52957,chr4_1453171,NA,noncanonical,other,None,chrIV,1453171,1453368,-
orf47311,chr4_1453310,YDR502C,canonical,conserved,Verified,chrIV,1453310,1454464,-
orf58557,chr4_1455042,YDR503C,canonical,conserved,Verified,chrIV,1455042,1455866,-
orf35382,chr4_1455220,NA,noncanonical,denovo,None,chrIV,1455220,1455534,+
orf47305,chr4_1456019,NA,noncanonical,denovo,None,chrIV,1456019,1456150,-
orf47304,chr4_1456175,NA,noncanonical,other,None,chrIV,1456175,1456360,-
orf58556,chr4_1456311,YDR504C,canonical,other,Verified,chrIV,1456311,1456694,-
orf58555,chr4_1456695,YDR505C,canonical,conserved,Verified,chrIV,1456695,1459220,-
orf57783,chr4_145771,NA,noncanonical,other,None,chrIV,145771,145839,-
orf52112,chr4_145826,YDL174C,canonical,conserved,Verified,chrIV,145826,147589,-
orf41926,chr4_145884,NA,noncanonical,other,None,chrIV,145884,146084,+
orf58554,chr4_1459728,YDR506C,canonical,conserved,Verified,chrIV,1459728,1461554,-
orf58551,chr4_1462200,NA,noncanonical,other,None,chrIV,1462200,1462241,-
orf47256,chr4_1462358,YDR507C,canonical,conserved,Verified,chrIV,1462358,1465786,-
orf46730,chr4_1465536,NA,noncanonical,other,None,chrIV,1465536,1465829,+
orf52904,chr4_1466173,NA,noncanonical,other,None,chrIV,1466173,1466271,-
orf47254,chr4_1466453,YDR508C,canonical,conserved,Verified,chrIV,1466453,1468444,-
orf46753,chr4_1468818,NA,noncanonical,denovo,None,chrIV,1468818,1468994,+
orf46755,chr4_1469400,YDR510W,canonical,conserved,Verified,chrIV,1469400,1469705,+
orf41142,chr4_1469717,NA,noncanonical,other,None,chrIV,1469717,1469794,+
orf46756,chr4_1469778,NA,noncanonical,other,None,chrIV,1469778,1469813,+
orf46757,chr4_1469823,NA,noncanonical,other,None,chrIV,1469823,1469927,+
orf41144,chr4_1470017,YDR511W,canonical,conserved,Verified,chrIV,1470017,1470418,+
orf47239,chr4_1470500,YDR512C,canonical,conserved,Verified,chrIV,1470500,1471063,-
orf46762,chr4_1471017,YDR513W,canonical,conserved,Verified,chrIV,1471017,1471448,+
orf58534,chr4_1471548,YDR514C,canonical,conserved,Verified,chrIV,1471548,1472999,-
orf46772,chr4_1473429,YDR515W,canonical,conserved,Verified,chrIV,1473429,1474772,+
orf58527,chr4_1474974,YDR516C,canonical,conserved,Verified,chrIV,1474974,1476476,-
orf58526,chr4_1476537,NA,noncanonical,other,None,chrIV,1476537,1476662,-
orf58525,chr4_1476792,NA,noncanonical,denovo,None,chrIV,1476792,1476914,-
orf46780,chr4_1477239,YDR517W,canonical,conserved,Verified,chrIV,1477239,1478357,+
orf35491,chr4_1478608,YDR518W,canonical,conserved,Verified,chrIV,1478608,1480161,+
orf46785,chr4_1480425,YDR519W,canonical,conserved,Verified,chrIV,1480425,1480832,+
orf35496,chr4_1480867,NA,noncanonical,other,None,chrIV,1480867,1480908,+
orf46786,chr4_1481055,NA,noncanonical,denovo,None,chrIV,1481055,1481144,+
orf58509,chr4_1481085,YDR520C,canonical,conserved,Uncharacterized,chrIV,1481085,1483403,-
orf41938,chr4_148191,YDL173W,canonical,conserved,Verified,chrIV,148191,149078,+
orf52836,chr4_1483795,YDR522C,canonical,conserved,Verified,chrIV,1483795,1485303,-
orf41190,chr4_1484615,NA,noncanonical,other,None,chrIV,1484615,1484806,+
orf47159,chr4_1485566,YDR523C,canonical,conserved,Verified,chrIV,1485566,1487038,-
orf52109,chr4_148607,YDL172C,noncanonical,other,Dubious,chrIV,148607,149086,-
orf52819,chr4_1487302,NA,noncanonical,other,None,chrIV,1487302,1487373,-
orf52816,chr4_1487542,YDR524C,canonical,conserved,Verified,chrIV,1487542,1488990,-
orf35528,chr4_1489024,NA,noncanonical,denovo,None,chrIV,1489024,1489203,+
orf58485,chr4_1489359,NA,noncanonical,denovo,None,chrIV,1489359,1489433,-
orf41214,chr4_1489403,YDR524W-C,canonical,other,Uncharacterized,chrIV,1489403,1489492,+
orf58484,chr4_1489458,NA,noncanonical,other,None,chrIV,1489458,1489514,-
orf47153,chr4_1489598,YDR524C-B,canonical,conserved,Uncharacterized,chrIV,1489598,1489798,-
orf35531,chr4_1490596,YDR525W-A,canonical,conserved,Verified,chrIV,1490596,1490835,+
orf35532,chr4_1490980,NA,noncanonical,other,None,chrIV,1490980,1491024,+
orf35533,chr4_1491094,YDR527W,canonical,conserved,Verified,chrIV,1491094,1492413,+
orf57771,chr4_149203,YDL171C,canonical,conserved,Verified,chrIV,149203,155640,-
orf52796,chr4_1492900,NA,noncanonical,other,None,chrIV,1492900,1492980,-
orf35540,chr4_1494586,YDR528W,canonical,conserved,Verified,chrIV,1494586,1495857,+
orf47126,chr4_1496165,YDR529C,canonical,conserved,Verified,chrIV,1496165,1496548,-
orf52774,chr4_1496791,YDR530C,canonical,conserved,Verified,chrIV,1496791,1497768,-
orf41258,chr4_1498232,YDR531W,canonical,conserved,Verified,chrIV,1498232,1499335,+
orf47116,chr4_1499396,YDR532C,canonical,conserved,Verified,chrIV,1499396,1500553,-
orf35562,chr4_1500838,NA,noncanonical,denovo,None,chrIV,1500838,1500897,+
orf41263,chr4_1500863,NA,noncanonical,other,None,chrIV,1500863,1500922,+
orf35563,chr4_1500997,NA,noncanonical,other,None,chrIV,1500997,1501056,+
orf35565,chr4_1501315,NA,noncanonical,denovo,None,chrIV,1501315,1501431,+
orf52752,chr4_1501447,YDR533C,canonical,conserved,Verified,chrIV,1501447,1502160,-
orf52751,chr4_1502263,NA,noncanonical,other,None,chrIV,1502263,1502376,-
orf41272,chr4_1502360,NA,noncanonical,denovo,None,chrIV,1502360,1502599,+
orf47105,chr4_1503314,YDR534C,canonical,conserved,Verified,chrIV,1503314,1504900,-
orf52736,chr4_1505128,NA,noncanonical,denovo,None,chrIV,1505128,1505247,-
orf47101,chr4_1506023,NA,noncanonical,denovo,None,chrIV,1506023,1506220,-
orf47100,chr4_1506533,NA,noncanonical,other,None,chrIV,1506533,1506598,-
orf35589,chr4_1507132,NA,noncanonical,other,None,chrIV,1507132,1507269,+
orf35593,chr4_1508005,YDR536W,canonical,conserved,Verified,chrIV,1508005,1509714,+
orf58397,chr4_1509102,NA,noncanonical,other,None,chrIV,1509102,1509326,-
orf58394,chr4_1509624,NA,noncanonical,denovo,None,chrIV,1509624,1509737,-
orf35598,chr4_1510708,NA,noncanonical,other,None,chrIV,1510708,1510848,+
orf46896,chr4_1510902,YDR538W,canonical,conserved,Verified,chrIV,1510902,1511630,+
orf41301,chr4_1511738,NA,noncanonical,other,None,chrIV,1511738,1511839,+
orf35602,chr4_1512094,YDR539W,canonical,conserved,Verified,chrIV,1512094,1513605,+
orf58370,chr4_1514457,NA,noncanonical,other,None,chrIV,1514457,1514528,-
orf47060,chr4_1514516,NA,noncanonical,other,None,chrIV,1514516,1514629,-
orf46903,chr4_1514532,NA,noncanonical,other,None,chrIV,1514532,1514636,+
orf47059,chr4_1514681,NA,noncanonical,other,None,chrIV,1514681,1514875,-
orf35611,chr4_1514854,NA,noncanonical,other,None,chrIV,1514854,1514958,+
orf41322,chr4_1515125,NA,noncanonical,other,None,chrIV,1515125,1515208,+
orf52688,chr4_1515484,NA,noncanonical,other,None,chrIV,1515484,1515573,-
orf58365,chr4_1515870,NA,noncanonical,other,None,chrIV,1515870,1516043,-
orf41330,chr4_1516049,NA,noncanonical,other,None,chrIV,1516049,1516237,+
orf47047,chr4_1516856,NA,noncanonical,other,None,chrIV,1516856,1516984,-
orf58360,chr4_1517136,YDR540C,canonical,other,Verified,chrIV,1517136,1517675,-
orf52674,chr4_1517719,NA,noncanonical,other,None,chrIV,1517719,1517805,-
orf47043,chr4_1517819,NA,noncanonical,other,None,chrIV,1517819,1517953,-
orf35629,chr4_1518229,NA,noncanonical,other,None,chrIV,1518229,1518372,+
orf41340,chr4_1518464,NA,noncanonical,other,None,chrIV,1518464,1518535,+
orf46925,chr4_1518675,NA,noncanonical,other,None,chrIV,1518675,1518812,+
orf47033,chr4_1519664,YDR541C,canonical,conserved,Verified,chrIV,1519664,1520698,-
orf46938,chr4_1521252,NA,noncanonical,other,None,chrIV,1521252,1521311,+
orf41371,chr4_1523249,YDR542W,canonical,conserved,Verified,chrIV,1523249,1523611,+
orf41970,chr4_156318,YDL170W,canonical,conserved,Verified,chrIV,156318,157904,+
orf63309,chr4_158064,YDL169C,canonical,conserved,Verified,chrIV,158064,158735,-
orf30641,chr4_159604,YDL168W,canonical,conserved,Verified,chrIV,159604,160764,+
orf63302,chr4_160995,YDL167C,canonical,conserved,Verified,chrIV,160995,163154,-
orf30107,chr4_16204,YDL244W,canonical,conserved,Verified,chrIV,16204,17226,+
orf63300,chr4_163449,YDL166C,canonical,conserved,Verified,chrIV,163449,164042,-
orf30657,chr4_164290,YDL165W,canonical,conserved,Verified,chrIV,164290,164865,+
orf52047,chr4_164858,NA,noncanonical,other,None,chrIV,164858,164902,-
orf52045,chr4_164987,YDL164C,canonical,conserved,Verified,chrIV,164987,167254,-
orf36257,chr4_167714,YDL161W,canonical,conserved,Verified,chrIV,167714,169078,+
orf57714,chr4_169366,YDL160C-A,canonical,conserved,Verified,chrIV,169366,169608,-
orf57712,chr4_170410,YDL160C,canonical,conserved,Verified,chrIV,170410,171930,-
orf36274,chr4_172481,YDL159W,canonical,conserved,Verified,chrIV,172481,174028,+
orf57704,chr4_173866,YDL158C,noncanonical,other,Dubious,chrIV,173866,174174,-
orf36275,chr4_174029,NA,noncanonical,denovo,None,chrIV,174029,174109,+
orf63264,chr4_174174,NA,noncanonical,other,None,chrIV,174174,174254,-
orf57703,chr4_174232,YDL157C,canonical,conserved,Uncharacterized,chrIV,174232,174588,-
orf52545,chr4_17450,NA,noncanonical,other,None,chrIV,17450,17674,-
orf42054,chr4_174918,YDL156W,canonical,conserved,Verified,chrIV,174918,176486,+
orf63881,chr4_17577,YDL243C,canonical,conserved,Verified,chrIV,17577,18566,-
orf42055,chr4_176592,NA,noncanonical,other,None,chrIV,176592,176783,+
orf30708,chr4_176773,YDL155W,canonical,conserved,Verified,chrIV,176773,178056,+
orf36288,chr4_178334,YDL154W,canonical,conserved,Verified,chrIV,178334,181039,+
orf35686,chr4_1802,YDL248W,canonical,conserved,Verified,chrIV,1802,2953,+
orf30725,chr4_181090,NA,noncanonical,denovo,None,chrIV,181090,181164,+
orf57676,chr4_181186,YDL153C,canonical,conserved,Verified,chrIV,181186,183018,-
orf30733,chr4_183343,YDL150W,canonical,conserved,Verified,chrIV,183343,184611,+
orf36307,chr4_184925,YDL149W,canonical,conserved,Verified,chrIV,184925,187918,+
orf57666,chr4_184957,NA,noncanonical,other,None,chrIV,184957,185382,-
orf58228,chr4_18775,NA,noncanonical,other,None,chrIV,18775,18831,-
orf51977,chr4_187871,NA,noncanonical,other,None,chrIV,187871,187942,-
orf51976,chr4_187952,NA,noncanonical,denovo,None,chrIV,187952,187999,-
orf63208,chr4_188154,YDL148C,canonical,conserved,Verified,chrIV,188154,190586,-
orf35750,chr4_18959,YDL242W,canonical,other,Uncharacterized,chrIV,18959,19312,+
orf63880,chr4_19002,NA,noncanonical,other,None,chrIV,19002,19142,-
orf30751,chr4_190924,YDL147W,canonical,conserved,Verified,chrIV,190924,192261,+
orf42123,chr4_192258,NA,noncanonical,other,None,chrIV,192258,192437,+
orf42125,chr4_192750,YDL146W,canonical,conserved,Verified,chrIV,192750,194225,+
orf63189,chr4_194463,NA,noncanonical,denovo,None,chrIV,194463,194570,-
orf63188,chr4_194571,YDL145C,canonical,conserved,Verified,chrIV,194571,198176,-
orf30116,chr4_19654,NA,noncanonical,other,None,chrIV,19654,19827,+
orf51918,chr4_198662,YDL144C,canonical,conserved,Verified,chrIV,198662,199741,-
orf30785,chr4_199996,YDL143W,canonical,conserved,Verified,chrIV,199996,201582,+
orf51912,chr4_201719,YDL142C,canonical,conserved,Verified,chrIV,201719,202570,-
orf35752,chr4_20285,NA,noncanonical,other,None,chrIV,20285,20380,+
orf36378,chr4_203039,YDL141W,canonical,conserved,Verified,chrIV,203039,205111,+
orf41465,chr4_20427,NA,noncanonical,other,None,chrIV,20427,20468,+
orf30119,chr4_20452,NA,noncanonical,other,None,chrIV,20452,20496,+
orf30797,chr4_205156,NA,noncanonical,denovo,None,chrIV,205156,205215,+
orf57606,chr4_205360,YDL140C,canonical,conserved,Verified,chrIV,205360,210561,-
orf30120,chr4_20635,YDL241W,canonical,conserved,Uncharacterized,chrIV,20635,21006,+
orf35755,chr4_21017,NA,noncanonical,other,None,chrIV,21017,21079,+
orf57604,chr4_211375,YDL139C,canonical,conserved,Verified,chrIV,211375,212118,-
orf36398,chr4_211556,NA,noncanonical,other,None,chrIV,211556,211831,+
orf30121,chr4_21262,NA,noncanonical,other,None,chrIV,21262,21366,+
orf51893,chr4_212702,NA,noncanonical,denovo,None,chrIV,212702,212827,-
orf42202,chr4_213351,YDL138W,canonical,conserved,Verified,chrIV,213351,215642,+
orf41467,chr4_21450,NA,noncanonical,other,None,chrIV,21450,21545,+
orf51881,chr4_214547,NA,noncanonical,other,None,chrIV,214547,214825,-
orf57584,chr4_215608,NA,noncanonical,denovo,None,chrIV,215608,215733,-
orf57582,chr4_215878,NA,noncanonical,denovo,None,chrIV,215878,216072,-
orf30857,chr4_216529,YDL137W,canonical,conserved,Verified,chrIV,216529,217074,+
orf63109,chr4_216771,NA,noncanonical,other,None,chrIV,216771,216929,-
orf42207,chr4_217101,NA,noncanonical,denovo,None,chrIV,217101,217181,+
NA,chr4_217600,YDL136W,canonical,conserved,Verified,chrIV,217600,218367,+
orf57578,chr4_217789,NA,noncanonical,other,None,chrIV,217789,217896,-
orf57576,chr4_218569,NA,noncanonical,denovo,None,chrIV,218569,218667,-
orf57575,chr4_218680,YDL135C,canonical,conserved,Verified,chrIV,218680,219288,-
orf36420,chr4_219470,NA,noncanonical,denovo,None,chrIV,219470,219538,+
orf51862,chr4_219662,YDL134C,canonical,conserved,Verified,chrIV,219662,220771,-
orf35762,chr4_21974,NA,noncanonical,other,None,chrIV,21974,22063,+
orf63089,chr4_221724,YDL133C-A,canonical,conserved,Verified,chrIV,221724,221801,-
orf30874,chr4_222427,YDL133W,canonical,conserved,Verified,chrIV,222427,223740,+
orf42232,chr4_224304,YDL132W,canonical,conserved,Verified,chrIV,224304,226751,+
orf63073,chr4_226791,NA,noncanonical,denovo,None,chrIV,226791,226931,-
orf30900,chr4_227236,NA,noncanonical,denovo,None,chrIV,227236,227373,+
orf36444,chr4_227393,YDL131W,canonical,conserved,Verified,chrIV,227393,228715,+
orf35765,chr4_22823,YDL240W,canonical,conserved,Verified,chrIV,22823,25876,+
orf51823,chr4_228629,NA,noncanonical,other,None,chrIV,228629,228739,-
orf30904,chr4_229171,YDL130W-A,canonical,conserved,Verified,chrIV,229171,229431,+
orf63063,chr4_229320,NA,noncanonical,other,None,chrIV,229320,229493,-
NA,chr4_229906,YDL130W,canonical,conserved,Verified,chrIV,229906,230527,+
orf42254,chr4_231024,YDL129W,canonical,conserved,Verified,chrIV,231024,231899,+
orf42256,chr4_232194,NA,noncanonical,denovo,None,chrIV,232194,232271,+
orf36458,chr4_232652,YDL128W,canonical,conserved,Verified,chrIV,232652,233887,+
orf30922,chr4_233884,NA,noncanonical,other,None,chrIV,233884,233949,+
orf51801,chr4_234035,NA,noncanonical,other,None,chrIV,234035,234130,-
orf63040,chr4_234162,NA,noncanonical,denovo,None,chrIV,234162,234233,-
orf42272,chr4_234927,YDL127W,canonical,conserved,Verified,chrIV,234927,235853,+
orf51796,chr4_235181,NA,noncanonical,other,None,chrIV,235181,235366,-
orf42273,chr4_235860,NA,noncanonical,denovo,None,chrIV,235860,235982,+
orf63032,chr4_236157,YDL126C,canonical,conserved,Verified,chrIV,236157,238664,-
orf30934,chr4_238498,NA,noncanonical,other,None,chrIV,238498,238686,+
orf51765,chr4_238925,NA,noncanonical,denovo,None,chrIV,238925,239014,-
NA,chr4_239019,YDL125C,canonical,conserved,Verified,chrIV,239019,239606,-
orf42281,chr4_239142,NA,noncanonical,other,None,chrIV,239142,239315,+
orf63028,chr4_239616,NA,noncanonical,other,None,chrIV,239616,239687,-
orf57502,chr4_239692,NA,noncanonical,denovo,None,chrIV,239692,239757,-
orf36480,chr4_239981,NA,noncanonical,other,None,chrIV,239981,240082,+
orf42285,chr4_240192,NA,noncanonical,other,None,chrIV,240192,240293,+
orf30940,chr4_240259,YDL124W,canonical,conserved,Verified,chrIV,240259,241197,+
orf36488,chr4_241418,YDL123W,canonical,conserved,Verified,chrIV,241418,241840,+
orf42289,chr4_241791,NA,noncanonical,other,None,chrIV,241791,241946,+
orf42290,chr4_241965,NA,noncanonical,denovo,None,chrIV,241965,242048,+
orf42291,chr4_242073,NA,noncanonical,other,None,chrIV,242073,242186,+
orf36490,chr4_242552,YDL122W,canonical,conserved,Verified,chrIV,242552,244981,+
orf57481,chr4_245092,NA,noncanonical,other,None,chrIV,245092,245130,-
orf63006,chr4_245133,YDL121C,canonical,conserved,Verified,chrIV,245133,245582,-
orf30948,chr4_245923,YDL120W,canonical,conserved,Verified,chrIV,245923,246447,+
orf63004,chr4_246204,NA,noncanonical,other,None,chrIV,246204,246461,-
orf36497,chr4_246542,NA,noncanonical,denovo,None,chrIV,246542,246616,+
orf51729,chr4_246689,YDL119C,canonical,conserved,Verified,chrIV,246689,247612,-
orf30959,chr4_248581,YDL117W,canonical,conserved,Verified,chrIV,248581,251238,+
orf30963,chr4_251566,YDL116W,canonical,conserved,Verified,chrIV,251566,253746,+
NA,chr4_253995,YDL115C,canonical,conserved,Verified,chrIV,253995,255126,-
orf42336,chr4_254025,NA,noncanonical,other,None,chrIV,254025,254378,+
orf30968,chr4_255604,YDL114W,canonical,conserved,Uncharacterized,chrIV,255604,256530,+
orf57429,chr4_256633,YDL113C,canonical,conserved,Verified,chrIV,256633,258555,-
orf42355,chr4_258915,YDL112W,canonical,conserved,Verified,chrIV,258915,263225,+
orf31014,chr4_263257,NA,noncanonical,denovo,None,chrIV,263257,263298,+
orf62927,chr4_263313,YDL111C,canonical,conserved,Verified,chrIV,263313,264110,-
orf63841,chr4_26403,YDL239C,canonical,conserved,Verified,chrIV,26403,28775,-
orf51635,chr4_264512,YDL110C,canonical,conserved,Verified,chrIV,264512,264964,-
orf57403,chr4_265258,YDL109C,canonical,conserved,Uncharacterized,chrIV,265258,267201,-
orf62909,chr4_267444,NA,noncanonical,denovo,None,chrIV,267444,267530,-
NA,chr4_267698,YDL108W,canonical,conserved,Verified,chrIV,267698,268699,+
orf31032,chr4_268921,YDL107W,canonical,conserved,Verified,chrIV,268921,269976,+
orf62896,chr4_270222,YDL106C,canonical,conserved,Verified,chrIV,270222,271901,-
orf31043,chr4_272389,YDL105W,canonical,conserved,Verified,chrIV,272389,273597,+
orf51600,chr4_273653,YDL104C,canonical,conserved,Verified,chrIV,273653,274876,-
orf62877,chr4_275148,YDL103C,canonical,conserved,Verified,chrIV,275148,276581,-
orf36636,chr4_276872,YDL102W,canonical,conserved,Verified,chrIV,276872,280165,+
orf62858,chr4_280206,NA,noncanonical,denovo,None,chrIV,280206,280304,-
orf51579,chr4_280307,YDL101C,canonical,conserved,Verified,chrIV,280307,281848,-
orf57350,chr4_282112,YDL100C,canonical,conserved,Verified,chrIV,282112,283176,-
orf36646,chr4_282500,NA,noncanonical,other,None,chrIV,282500,282814,+
orf42449,chr4_283419,YDL099W,canonical,conserved,Verified,chrIV,283419,284444,+
orf57346,chr4_284581,YDL098C,canonical,conserved,Verified,chrIV,284581,285165,-
orf57343,chr4_285391,YDL097C,canonical,conserved,Verified,chrIV,285391,286695,-
orf62829,chr4_286998,YDL096C,noncanonical,other,Dubious,chrIV,286998,287324,-
orf31098,chr4_287059,YDL095W,canonical,conserved,Verified,chrIV,287059,289512,+
orf52479,chr4_28985,YDL238C,canonical,conserved,Verified,chrIV,28985,30454,-
orf31100,chr4_289909,YDL093W,canonical,conserved,Verified,chrIV,289909,292140,+
orf62806,chr4_292293,NA,noncanonical,denovo,None,chrIV,292293,292514,-
orf36686,chr4_292781,YDL092W,canonical,conserved,Verified,chrIV,292781,293221,+
orf31106,chr4_293221,NA,noncanonical,other,None,chrIV,293221,293313,+
orf57319,chr4_293392,YDL091C,canonical,conserved,Verified,chrIV,293392,294759,-
orf51528,chr4_294746,NA,noncanonical,other,None,chrIV,294746,295015,-
orf51527,chr4_295034,YDL090C,canonical,conserved,Verified,chrIV,295034,296329,-
orf36705,chr4_296492,NA,noncanonical,denovo,None,chrIV,296492,296623,+
orf42489,chr4_296820,YDL089W,canonical,conserved,Verified,chrIV,296820,298274,+
orf57299,chr4_298291,NA,noncanonical,denovo,None,chrIV,298291,298392,-
orf57298,chr4_298417,YDL088C,canonical,conserved,Verified,chrIV,298417,300003,-
orf51518,chr4_300026,NA,noncanonical,other,None,chrIV,300026,300160,-
orf57297,chr4_300214,YDL087C,canonical,conserved,Verified,chrIV,300214,300999,-
orf42504,chr4_301413,YDL086W,canonical,conserved,Uncharacterized,chrIV,301413,302234,+
orf51515,chr4_301655,YDL086C-A,noncanonical,other,Dubious,chrIV,301655,302089,-
orf62753,chr4_302361,NA,noncanonical,denovo,None,chrIV,302361,302432,-
orf57293,chr4_302464,YDL085C-A,canonical,conserved,Uncharacterized,chrIV,302464,302670,-
orf57292,chr4_302842,NA,noncanonical,denovo,None,chrIV,302842,302934,-
orf57290,chr4_303061,NA,noncanonical,denovo,None,chrIV,303061,303294,-
orf31149,chr4_303211,YDL085W,canonical,conserved,Verified,chrIV,303211,304848,+
orf36735,chr4_305237,YDL084W,canonical,conserved,Verified,chrIV,305237,306577,+
orf41511,chr4_30657,YDL237W,canonical,conserved,Verified,chrIV,30657,31829,+
orf62738,chr4_306672,NA,noncanonical,other,None,chrIV,306672,306776,-
NA,chr4_306926,YDL083C,canonical,conserved,Verified,chrIV,306926,307789,-
NA,chr4_308424,YDL082W,canonical,conserved,Verified,chrIV,308424,309388,+
orf51492,chr4_309515,NA,noncanonical,other,None,chrIV,309515,309601,-
orf57268,chr4_309802,YDL081C,canonical,conserved,Verified,chrIV,309802,310122,-
orf36748,chr4_309824,NA,noncanonical,other,None,chrIV,309824,310099,+
orf57265,chr4_310642,YDL080C,canonical,conserved,Verified,chrIV,310642,312471,-
orf36760,chr4_312941,NA,noncanonical,other,None,chrIV,312941,313219,+
NA,chr4_312951,YDL079C,canonical,conserved,Verified,chrIV,312951,314748,-
orf31182,chr4_315301,NA,noncanonical,other,None,chrIV,315301,315591,+
orf62704,chr4_315357,YDL078C,canonical,conserved,Verified,chrIV,315357,316388,-
orf31186,chr4_316042,NA,noncanonical,other,None,chrIV,316042,316182,+
orf62702,chr4_316971,YDL077C,canonical,conserved,Verified,chrIV,316971,320120,-
orf51439,chr4_320504,NA,noncanonical,other,None,chrIV,320504,320677,-
orf57247,chr4_320668,YDL076C,canonical,conserved,Verified,chrIV,320668,321552,-
orf36784,chr4_321857,NA,noncanonical,denovo,None,chrIV,321857,322123,+
NA,chr4_322226,YDL075W,canonical,conserved,Verified,chrIV,322226,322988,+
orf30171,chr4_32296,YDL236W,canonical,conserved,Verified,chrIV,32296,33234,+
orf51427,chr4_323339,NA,noncanonical,other,None,chrIV,323339,323485,-
orf36792,chr4_323936,NA,noncanonical,denovo,None,chrIV,323936,324040,+
orf51424,chr4_324047,YDL074C,canonical,conserved,Verified,chrIV,324047,326149,-
orf31228,chr4_326563,NA,noncanonical,other,None,chrIV,326563,326610,+
orf42603,chr4_326613,YDL073W,canonical,conserved,Verified,chrIV,326613,329567,+
orf51407,chr4_329702,NA,noncanonical,denovo,None,chrIV,329702,329773,-
orf57204,chr4_329836,YDL072C,canonical,conserved,Verified,chrIV,329836,330447,-
orf36817,chr4_330233,NA,noncanonical,other,None,chrIV,330233,330436,+
orf62665,chr4_330666,YDL071C,noncanonical,denovo,Dubious,chrIV,330666,331040,-
orf31260,chr4_331024,YDL070W,canonical,conserved,Verified,chrIV,331024,332940,+
orf35791,chr4_33224,NA,noncanonical,other,None,chrIV,33224,33346,+
orf36836,chr4_333005,NA,noncanonical,denovo,None,chrIV,333005,333052,+
orf62659,chr4_333030,NA,noncanonical,denovo,None,chrIV,333030,333107,-
orf57193,chr4_333121,YDL069C,canonical,conserved,Verified,chrIV,333121,333822,-
orf36839,chr4_333500,YDL068W,noncanonical,denovo,Dubious,chrIV,333500,333829,+
orf58176,chr4_33415,YDL235C,canonical,conserved,Verified,chrIV,33415,33918,-
orf51399,chr4_334217,YDL067C,canonical,conserved,Verified,chrIV,334217,334396,-
orf57189,chr4_334543,NA,noncanonical,other,None,chrIV,334543,334659,-
orf36843,chr4_334835,YDL066W,canonical,conserved,Verified,chrIV,334835,336121,+
orf62652,chr4_336249,YDL065C,canonical,conserved,Verified,chrIV,336249,337301,-
NA,chr4_337487,YDL064W,canonical,conserved,Verified,chrIV,337487,338070,+
orf57176,chr4_338272,YDL063C,canonical,conserved,Verified,chrIV,338272,340134,-
orf36860,chr4_339857,YDL062W,noncanonical,denovo,Dubious,chrIV,339857,340282,+
orf57174,chr4_340465,NA,noncanonical,denovo,None,chrIV,340465,340506,-
orf52466,chr4_34049,NA,noncanonical,denovo,None,chrIV,34049,34183,-
orf42648,chr4_340599,NA,noncanonical,other,None,chrIV,340599,340679,+
orf51369,chr4_340628,YDL061C,canonical,conserved,Verified,chrIV,340628,340798,-
orf51368,chr4_340811,NA,noncanonical,denovo,None,chrIV,340811,340978,-
orf57173,chr4_340963,NA,noncanonical,denovo,None,chrIV,340963,341031,-
orf51366,chr4_341171,NA,noncanonical,other,None,chrIV,341171,341221,-
orf42653,chr4_341619,YDL060W,canonical,conserved,Verified,chrIV,341619,343985,+
orf58175,chr4_34237,YDL234C,canonical,conserved,Verified,chrIV,34237,36477,-
orf51353,chr4_344237,YDL059C,canonical,conserved,Verified,chrIV,344237,344953,-
orf36878,chr4_345665,YDL058W,canonical,conserved,Verified,chrIV,345665,351037,+
orf36880,chr4_351434,YDL057W,canonical,conserved,Uncharacterized,chrIV,351434,352420,+
orf36882,chr4_352877,YDL056W,canonical,conserved,Verified,chrIV,352877,355378,+
orf42735,chr4_355371,NA,noncanonical,other,None,chrIV,355371,355421,+
orf62573,chr4_355452,NA,noncanonical,denovo,None,chrIV,355452,355529,-
orf51322,chr4_355532,NA,noncanonical,denovo,None,chrIV,355532,355579,-
orf62572,chr4_355674,YDL055C,canonical,conserved,Verified,chrIV,355674,356759,-
orf42741,chr4_357867,NA,noncanonical,other,None,chrIV,357867,357941,+
orf51310,chr4_358400,NA,noncanonical,other,None,chrIV,358400,358558,-
orf62562,chr4_358647,NA,noncanonical,other,None,chrIV,358647,358931,-
orf42746,chr4_359115,NA,noncanonical,other,None,chrIV,359115,359297,+
orf51306,chr4_359825,YDL054C,canonical,conserved,Verified,chrIV,359825,361285,-
orf51305,chr4_361394,NA,noncanonical,denovo,None,chrIV,361394,361555,-
orf57087,chr4_361699,YDL053C,canonical,conserved,Verified,chrIV,361699,362256,-
orf51301,chr4_362672,YDL052C,canonical,conserved,Verified,chrIV,362672,363583,-
orf31356,chr4_363952,YDL051W,canonical,conserved,Verified,chrIV,363952,364779,+
orf57072,chr4_365068,YDL049C,canonical,conserved,Verified,chrIV,365068,365874,-
orf57071,chr4_366187,NA,noncanonical,denovo,None,chrIV,366187,366453,-
orf57069,chr4_366739,YDL048C,canonical,conserved,Verified,chrIV,366739,368211,-
orf31374,chr4_367867,NA,noncanonical,other,None,chrIV,367867,367965,+
orf35807,chr4_36797,YDL233W,canonical,conserved,Uncharacterized,chrIV,36797,38173,+
orf51283,chr4_368444,NA,noncanonical,denovo,None,chrIV,368444,368578,-
orf36943,chr4_368699,NA,noncanonical,other,None,chrIV,368699,368800,+
orf36944,chr4_369014,NA,noncanonical,denovo,None,chrIV,369014,369139,+
orf42798,chr4_369465,NA,noncanonical,denovo,None,chrIV,369465,369557,+
orf42799,chr4_369771,YDL047W,canonical,conserved,Verified,chrIV,369771,370706,+
orf36955,chr4_370895,NA,noncanonical,denovo,None,chrIV,370895,371035,+
orf36956,chr4_371240,YDL046W,canonical,conserved,Verified,chrIV,371240,371761,+
orf57058,chr4_371371,NA,noncanonical,denovo,None,chrIV,371371,371634,-
orf36957,chr4_371810,NA,noncanonical,denovo,None,chrIV,371810,371911,+
orf36959,chr4_372248,YDL045W-A,canonical,conserved,Verified,chrIV,372248,372535,+
orf57049,chr4_372688,YDL045C,canonical,conserved,Verified,chrIV,372688,373608,-
orf51268,chr4_373967,YDL044C,canonical,conserved,Verified,chrIV,373967,375289,-
orf51267,chr4_375680,YDL043C,canonical,conserved,Verified,chrIV,375680,376480,-
orf51265,chr4_376757,YDL042C,canonical,conserved,Verified,chrIV,376757,378445,-
orf57010,chr4_378874,YDL040C,canonical,conserved,Verified,chrIV,378874,381438,-
orf57008,chr4_381985,YDL039C,canonical,conserved,Verified,chrIV,381985,384081,-
orf30187,chr4_38221,NA,noncanonical,denovo,None,chrIV,38221,38325,+
orf57007,chr4_384601,YDL037C,canonical,conserved,Verified,chrIV,384601,385587,-
orf41541,chr4_38487,YDL232W,canonical,conserved,Verified,chrIV,38487,38597,+
orf51250,chr4_385685,NA,noncanonical,other,None,chrIV,385685,385816,-
orf62446,chr4_387513,YDL036C,canonical,conserved,Verified,chrIV,387513,388901,-
orf52453,chr4_38867,YDL231C,canonical,conserved,Verified,chrIV,38867,42244,-
orf56995,chr4_388984,NA,noncanonical,denovo,None,chrIV,388984,389064,-
orf62443,chr4_389172,YDL035C,canonical,conserved,Verified,chrIV,389172,392057,-
orf56985,chr4_392659,YDL033C,canonical,conserved,Verified,chrIV,392659,393912,-
orf37037,chr4_392693,NA,noncanonical,other,None,chrIV,392693,393037,+
orf37045,chr4_394217,YDL031W,canonical,conserved,Verified,chrIV,394217,397204,+
orf31461,chr4_397537,YDL030W,canonical,conserved,Verified,chrIV,397537,399129,+
NA,chr4_399340,YDL029W,canonical,conserved,Verified,chrIV,399340,400638,+
orf62418,chr4_400866,NA,noncanonical,denovo,None,chrIV,400866,400961,-
orf51187,chr4_400997,YDL028C,canonical,conserved,Verified,chrIV,400997,403291,-
orf51185,chr4_403592,NA,noncanonical,denovo,None,chrIV,403592,403660,-
orf62413,chr4_403695,YDL027C,canonical,conserved,Uncharacterized,chrIV,403695,404957,-
orf31483,chr4_404749,YDL026W,noncanonical,denovo,Dubious,chrIV,404749,405060,+
orf51176,chr4_405344,YDL025C,canonical,conserved,Verified,chrIV,405344,407206,-
orf56915,chr4_407278,NA,noncanonical,denovo,None,chrIV,407278,407409,-
orf37103,chr4_407594,NA,noncanonical,denovo,None,chrIV,407594,407707,+
orf42984,chr4_408009,NA,noncanonical,other,None,chrIV,408009,408077,+
orf56912,chr4_408451,YDL024C,canonical,conserved,Verified,chrIV,408451,409857,-
orf51168,chr4_409808,YDL022C-A,canonical,other,Uncharacterized,chrIV,409808,410056,-
orf56908,chr4_411052,NA,noncanonical,denovo,None,chrIV,411052,411177,-
orf42996,chr4_411825,YDL022W,canonical,conserved,Verified,chrIV,411825,413000,+
orf31519,chr4_413953,YDL021W,canonical,conserved,Verified,chrIV,413953,414888,+
orf51153,chr4_414872,NA,noncanonical,denovo,None,chrIV,414872,415063,-
orf62362,chr4_415113,YDL020C,canonical,conserved,Verified,chrIV,415113,416708,-
orf62361,chr4_416898,NA,noncanonical,other,None,chrIV,416898,416963,-
orf62357,chr4_417663,YDL019C,canonical,conserved,Verified,chrIV,417663,421514,-
orf51105,chr4_421568,NA,noncanonical,denovo,None,chrIV,421568,421780,-
orf56875,chr4_422833,YDL018C,canonical,conserved,Verified,chrIV,422833,423510,-
orf43038,chr4_424209,YDL017W,canonical,conserved,Verified,chrIV,424209,425732,+
orf51080,chr4_426002,YDL015C,canonical,conserved,Verified,chrIV,426002,426934,-
orf30204,chr4_42700,YDL230W,canonical,conserved,Verified,chrIV,42700,43707,+
orf37189,chr4_427364,YDL014W,canonical,conserved,Verified,chrIV,427364,428347,+
orf62328,chr4_428442,NA,noncanonical,denovo,None,chrIV,428442,428612,-
orf31578,chr4_429067,YDL013W,canonical,conserved,Verified,chrIV,429067,430926,+
NA,chr4_431108,YDL012C,canonical,conserved,Verified,chrIV,431108,431517,-
orf56840,chr4_431710,NA,noncanonical,denovo,None,chrIV,431710,431760,-
orf51061,chr4_431855,NA,noncanonical,denovo,None,chrIV,431855,431911,-
orf43061,chr4_432330,YDL010W,canonical,conserved,Verified,chrIV,432330,433025,+
orf56834,chr4_432925,YDL009C,canonical,denovo,Uncharacterized,chrIV,432925,433248,-
orf43064,chr4_433497,YDL008W,canonical,conserved,Verified,chrIV,433497,433994,+
orf51053,chr4_433823,NA,noncanonical,denovo,None,chrIV,433823,433966,-
orf31602,chr4_434263,NA,noncanonical,other,None,chrIV,434263,434385,+
orf37233,chr4_438047,YDL007W,canonical,conserved,Verified,chrIV,438047,439360,+
orf31619,chr4_439360,NA,noncanonical,other,None,chrIV,439360,439476,+
orf31620,chr4_439909,YDL006W,canonical,conserved,Verified,chrIV,439909,440754,+
orf30207,chr4_44065,YDL229W,canonical,conserved,Verified,chrIV,44065,45906,+
orf51022,chr4_441014,YDL005C,canonical,conserved,Verified,chrIV,441014,442309,-
orf31627,chr4_443029,YDL004W,canonical,conserved,Verified,chrIV,443029,443511,+
orf37255,chr4_443519,NA,noncanonical,denovo,None,chrIV,443519,443587,+
orf51014,chr4_443882,NA,noncanonical,denovo,None,chrIV,443882,443956,-
orf37260,chr4_444683,YDL003W,canonical,conserved,Verified,chrIV,444683,446383,+
orf56770,chr4_445840,NA,noncanonical,denovo,None,chrIV,445840,446085,-
orf56768,chr4_446737,NA,noncanonical,denovo,None,chrIV,446737,446835,-
orf62269,chr4_446967,YDL002C,canonical,conserved,Verified,chrIV,446967,447578,-
orf43128,chr4_447984,YDL001W,canonical,conserved,Verified,chrIV,447984,449276,+
orf56755,chr4_450220,YDR001C,canonical,conserved,Verified,chrIV,450220,452475,-
orf50981,chr4_452636,NA,noncanonical,other,None,chrIV,452636,452725,-
orf43144,chr4_453045,YDR002W,canonical,conserved,Verified,chrIV,453045,453650,+
orf43148,chr4_454122,YDR003W,canonical,conserved,Verified,chrIV,454122,454754,+
orf43149,chr4_454782,YDR003W-A,canonical,denovo,Uncharacterized,chrIV,454782,454904,+
orf37291,chr4_455201,YDR004W,canonical,conserved,Verified,chrIV,455201,456583,+
orf37292,chr4_456629,NA,noncanonical,other,None,chrIV,456629,456694,+
NA,chr4_456836,YDR005C,canonical,conserved,Verified,chrIV,456836,458103,-
orf56728,chr4_458440,NA,noncanonical,denovo,None,chrIV,458440,458529,-
orf56727,chr4_458542,YDR006C,canonical,conserved,Verified,chrIV,458542,461247,-
orf30208,chr4_45928,NA,noncanonical,other,None,chrIV,45928,45984,+
orf56724,chr4_461689,NA,noncanonical,denovo,None,chrIV,461689,461784,-
orf31688,chr4_461842,YDR007W,canonical,conserved,Verified,chrIV,461842,462516,+
orf62200,chr4_462114,NA,noncanonical,other,None,chrIV,462114,462224,-
orf37315,chr4_462503,NA,noncanonical,other,None,chrIV,462503,462589,+
orf52441,chr4_46271,YDL227C,canonical,conserved,Verified,chrIV,46271,48031,-
orf43179,chr4_462714,NA,noncanonical,other,None,chrIV,462714,462818,+
orf56719,chr4_462985,NA,noncanonical,other,None,chrIV,462985,463053,-
orf50957,chr4_463070,NA,noncanonical,other,None,chrIV,463070,463309,-
orf43180,chr4_463074,NA,noncanonical,other,None,chrIV,463074,463322,+
orf43181,chr4_463434,YDR009W,canonical,conserved,Verified,chrIV,463434,464996,+
orf62188,chr4_465051,YDR010C,canonical,conserved,Uncharacterized,chrIV,465051,465383,-
orf31706,chr4_465919,YDR011W,canonical,conserved,Verified,chrIV,465919,470424,+
orf43192,chr4_470424,NA,noncanonical,other,None,chrIV,470424,470471,+
orf62160,chr4_470916,NA,noncanonical,denovo,None,chrIV,470916,471005,-
orf43193,chr4_471075,NA,noncanonical,other,None,chrIV,471075,471176,+
orf31708,chr4_471238,NA,noncanonical,denovo,None,chrIV,471238,471330,+
orf31709,chr4_471457,NA,noncanonical,denovo,None,chrIV,471457,471525,+
orf31711,chr4_471853,YDR012W,canonical,conserved,Verified,chrIV,471853,472941,+
orf43198,chr4_473157,YDR013W,canonical,conserved,Verified,chrIV,473157,473783,+
orf31718,chr4_474046,YDR014W,canonical,conserved,Verified,chrIV,474046,475989,+
orf37383,chr4_476177,NA,noncanonical,denovo,None,chrIV,476177,476314,+
orf37393,chr4_477797,YDR014W-A,canonical,conserved,Verified,chrIV,477797,478285,+
orf56652,chr4_478474,YDR016C,canonical,conserved,Verified,chrIV,478474,478758,-
orf37395,chr4_478697,NA,noncanonical,other,None,chrIV,478697,478813,+
orf62125,chr4_479115,YDR017C,canonical,conserved,Verified,chrIV,479115,482267,-
orf62124,chr4_482670,YDR018C,canonical,conserved,Uncharacterized,chrIV,482670,483860,-
orf56640,chr4_483904,NA,noncanonical,denovo,None,chrIV,483904,484062,-
orf50847,chr4_484163,YDR019C,canonical,conserved,Verified,chrIV,484163,485365,-
orf50846,chr4_485543,NA,noncanonical,other,None,chrIV,485543,485749,-
orf52439,chr4_48560,NA,noncanonical,other,None,chrIV,48560,48718,-
orf56625,chr4_485746,YDR020C,canonical,conserved,Uncharacterized,chrIV,485746,486444,-
orf37424,chr4_485927,NA,noncanonical,denovo,None,chrIV,485927,486103,+
orf56624,chr4_486472,NA,noncanonical,denovo,None,chrIV,486472,486573,-
orf43249,chr4_486804,YDR021W,canonical,conserved,Verified,chrIV,486804,488003,+
orf50835,chr4_488072,YDR022C,canonical,conserved,Verified,chrIV,488072,488662,-
orf31778,chr4_489508,YDR023W,canonical,conserved,Verified,chrIV,489508,490896,+
orf52435,chr4_49046,NA,noncanonical,denovo,None,chrIV,49046,49249,-
orf31781,chr4_491017,YDR024W,noncanonical,denovo,Dubious,chrIV,491017,491502,+
NA,chr4_491515,YDR025W,canonical,conserved,Verified,chrIV,491515,492324,+
orf37452,chr4_492332,NA,noncanonical,denovo,None,chrIV,492332,492391,+
orf56594,chr4_492556,YDR026C,canonical,conserved,Verified,chrIV,492556,494268,-
orf62079,chr4_494649,YDR027C,canonical,conserved,Verified,chrIV,494649,497318,-
orf50792,chr4_497573,NA,noncanonical,other,None,chrIV,497573,497632,-
orf62077,chr4_497835,YDR028C,canonical,conserved,Verified,chrIV,497835,500879,-
orf30222,chr4_50029,NA,noncanonical,denovo,None,chrIV,50029,50247,+
orf56582,chr4_501370,NA,noncanonical,denovo,None,chrIV,501370,501627,-
orf62075,chr4_501753,YDR030C,canonical,conserved,Verified,chrIV,501753,503273,-
orf35862,chr4_50345,NA,noncanonical,denovo,None,chrIV,50345,50497,+
orf37493,chr4_503498,YDR031W,canonical,conserved,Verified,chrIV,503498,503863,+
orf43317,chr4_503949,NA,noncanonical,denovo,None,chrIV,503949,504002,+
orf56573,chr4_504031,NA,noncanonical,denovo,None,chrIV,504031,504069,-
orf62071,chr4_504099,YDR032C,canonical,conserved,Verified,chrIV,504099,504695,-
orf43318,chr4_504297,NA,noncanonical,other,None,chrIV,504297,504665,+
orf62068,chr4_505419,NA,noncanonical,denovo,None,chrIV,505419,505640,-
orf56562,chr4_506098,NA,noncanonical,denovo,None,chrIV,506098,506223,-
orf50737,chr4_506501,NA,noncanonical,denovo,None,chrIV,506501,506641,-
orf43330,chr4_506625,NA,noncanonical,denovo,None,chrIV,506625,506708,+
orf30228,chr4_50698,NA,noncanonical,denovo,None,chrIV,50698,50835,+
orf37503,chr4_507227,NA,noncanonical,other,None,chrIV,507227,507346,+
orf31843,chr4_508147,YDR033W,canonical,conserved,Verified,chrIV,508147,509109,+
orf37511,chr4_509120,NA,noncanonical,denovo,None,chrIV,509120,509164,+
orf43338,chr4_509376,NA,noncanonical,denovo,None,chrIV,509376,509420,+
orf56548,chr4_509737,YDR034C,canonical,conserved,Verified,chrIV,509737,512109,-
orf58109,chr4_51115,YDL226C,canonical,conserved,Verified,chrIV,51115,52173,-
orf62030,chr4_512247,NA,noncanonical,denovo,None,chrIV,512247,512342,-
orf62029,chr4_512505,NA,noncanonical,other,None,chrIV,512505,512657,-
orf31854,chr4_512695,NA,noncanonical,other,None,chrIV,512695,512742,+
orf31855,chr4_512743,NA,noncanonical,other,None,chrIV,512743,512874,+
orf31857,chr4_513025,NA,noncanonical,other,None,chrIV,513025,513174,+
orf43356,chr4_513156,NA,noncanonical,other,None,chrIV,513156,513272,+
orf50715,chr4_513512,NA,noncanonical,other,None,chrIV,513512,513595,-
orf50712,chr4_514043,NA,noncanonical,other,None,chrIV,514043,518083,-
orf62006,chr4_518040,YDR034C-C,canonical,conserved,transposable_element_gene,chrIV,518040,519356,-
orf31891,chr4_520039,NA,noncanonical,other,None,chrIV,520039,520164,+
orf56492,chr4_520516,YDR034C-A,canonical,conserved,Uncharacterized,chrIV,520516,520692,-
orf31896,chr4_521314,YDR034W-B,canonical,conserved,Uncharacterized,chrIV,521314,521469,+
orf37567,chr4_521495,NA,noncanonical,denovo,None,chrIV,521495,521569,+
orf37568,chr4_521816,YDR035W,canonical,conserved,Verified,chrIV,521816,522928,+
orf43405,chr4_523080,NA,noncanonical,denovo,None,chrIV,523080,523325,+
orf50690,chr4_523211,YDR036C,canonical,conserved,Verified,chrIV,523211,524713,-
orf35867,chr4_52445,YDL225W,canonical,conserved,Verified,chrIV,52445,54100,+
orf43414,chr4_525084,NA,noncanonical,other,None,chrIV,525084,525152,+
orf43417,chr4_525315,NA,noncanonical,denovo,None,chrIV,525315,525422,+
orf37577,chr4_525440,YDR037W,canonical,conserved,Verified,chrIV,525440,527215,+
orf56463,chr4_527422,YDR038C,canonical,conserved,Verified,chrIV,527422,530697,-
orf31916,chr4_527425,NA,noncanonical,other,None,chrIV,527425,527694,+
orf56459,chr4_531307,YDR039C,canonical,conserved,Verified,chrIV,531307,534582,-
orf56455,chr4_535192,YDR040C,canonical,conserved,Verified,chrIV,535192,538467,-
orf37609,chr4_535478,NA,noncanonical,other,None,chrIV,535478,535651,+
orf50665,chr4_539195,NA,noncanonical,denovo,None,chrIV,539195,539482,-
orf31960,chr4_539803,YDR041W,canonical,conserved,Verified,chrIV,539803,540414,+
orf56445,chr4_540601,YDR042C,canonical,conserved,Uncharacterized,chrIV,540601,541203,-
orf61877,chr4_541239,NA,noncanonical,denovo,None,chrIV,541239,541307,-
orf50660,chr4_541289,NA,noncanonical,denovo,None,chrIV,541289,541447,-
orf61876,chr4_541680,NA,noncanonical,denovo,None,chrIV,541680,541763,-
orf58101,chr4_54187,NA,noncanonical,denovo,None,chrIV,54187,54294,-
orf31969,chr4_542551,NA,noncanonical,other,None,chrIV,542551,542805,+
orf56441,chr4_542674,YDR043C,canonical,conserved,Verified,chrIV,542674,543369,-
orf61865,chr4_543705,NA,noncanonical,denovo,None,chrIV,543705,543941,-
orf58100,chr4_54397,YDL224C,canonical,conserved,Verified,chrIV,54397,56346,-
orf31977,chr4_544912,NA,noncanonical,other,None,chrIV,544912,544971,+
orf61858,chr4_545286,NA,noncanonical,denovo,None,chrIV,545286,545351,-
orf56438,chr4_545725,NA,noncanonical,denovo,None,chrIV,545725,545925,-
orf43506,chr4_546642,YDR044W,canonical,conserved,Verified,chrIV,546642,547628,+
orf56427,chr4_547978,YDR045C,canonical,conserved,Verified,chrIV,547978,548310,-
orf50635,chr4_548762,YDR046C,canonical,conserved,Verified,chrIV,548762,550576,-
orf56412,chr4_550576,NA,noncanonical,other,None,chrIV,550576,550629,-
orf37672,chr4_551582,NA,noncanonical,denovo,None,chrIV,551582,551650,+
orf32009,chr4_551860,YDR047W,canonical,conserved,Verified,chrIV,551860,552948,+
orf56406,chr4_553084,YDR048C,noncanonical,denovo,Dubious,chrIV,553084,553398,-
orf43533,chr4_553254,YDR049W,canonical,conserved,Verified,chrIV,553254,555152,+
orf50624,chr4_555275,NA,noncanonical,denovo,None,chrIV,555275,555454,-
orf37686,chr4_555620,NA,noncanonical,denovo,None,chrIV,555620,555736,+
orf61817,chr4_555726,YDR050C,canonical,conserved,Verified,chrIV,555726,556472,-
orf32030,chr4_555742,NA,noncanonical,other,None,chrIV,555742,555921,+
orf37687,chr4_556628,NA,noncanonical,denovo,None,chrIV,556628,556861,+
orf56400,chr4_557056,YDR051C,canonical,conserved,Verified,chrIV,557056,558060,-
orf56399,chr4_558286,NA,noncanonical,denovo,None,chrIV,558286,558414,-
orf56398,chr4_558511,YDR052C,canonical,conserved,Verified,chrIV,558511,560625,-
orf50608,chr4_560888,NA,noncanonical,denovo,None,chrIV,560888,561028,-
orf50607,chr4_561281,NA,noncanonical,denovo,None,chrIV,561281,561379,-
orf50606,chr4_561440,YDR054C,canonical,conserved,Verified,chrIV,561440,562327,-
orf32060,chr4_563527,YDR055W,canonical,conserved,Verified,chrIV,563527,564861,+
orf61786,chr4_563649,NA,noncanonical,other,None,chrIV,563649,563960,-
orf61785,chr4_563961,NA,noncanonical,other,None,chrIV,563961,564272,-
orf61783,chr4_564630,NA,noncanonical,other,None,chrIV,564630,564884,-
orf37725,chr4_564950,NA,noncanonical,other,None,chrIV,564950,565153,+
orf61782,chr4_565023,YDR056C,canonical,conserved,Uncharacterized,chrIV,565023,565640,-
orf61781,chr4_565785,NA,noncanonical,other,None,chrIV,565785,566036,-
orf32063,chr4_565927,YDR057W,canonical,conserved,Verified,chrIV,565927,567555,+
orf61772,chr4_567723,YDR058C,canonical,conserved,Verified,chrIV,567723,568703,-
NA,chr4_569234,YDR059C,canonical,conserved,Verified,chrIV,569234,569770,-
orf32079,chr4_570649,YDR060W,canonical,conserved,Verified,chrIV,570649,573726,+
orf58097,chr4_57265,YDL223C,canonical,conserved,Verified,chrIV,57265,60405,-
orf37782,chr4_573947,NA,noncanonical,other,None,chrIV,573947,573994,+
orf43587,chr4_574164,YDR061W,canonical,conserved,Uncharacterized,chrIV,574164,575783,+
orf37788,chr4_575849,NA,noncanonical,denovo,None,chrIV,575849,575917,+
orf50534,chr4_576167,NA,noncanonical,denovo,None,chrIV,576167,576283,-
orf43589,chr4_576474,YDR062W,canonical,conserved,Verified,chrIV,576474,578159,+
orf37797,chr4_578360,NA,noncanonical,denovo,None,chrIV,578360,578506,+
orf43591,chr4_578448,NA,noncanonical,denovo,None,chrIV,578448,578546,+
orf32110,chr4_578554,NA,noncanonical,other,None,chrIV,578554,578691,+
orf37798,chr4_578663,YDR063W,canonical,conserved,Verified,chrIV,578663,579112,+
NA,chr4_579458,YDR064W,canonical,conserved,Verified,chrIV,579458,580452,+
orf32116,chr4_580687,YDR065W,canonical,conserved,Verified,chrIV,580687,581784,+
orf56321,chr4_581908,YDR066C,canonical,conserved,Verified,chrIV,581908,582498,-
orf50505,chr4_582524,NA,noncanonical,denovo,None,chrIV,582524,582688,-
orf32120,chr4_582682,NA,noncanonical,denovo,None,chrIV,582682,582867,+
orf50504,chr4_582791,YDR067C,canonical,conserved,Uncharacterized,chrIV,582791,583465,-
orf43611,chr4_583713,YDR068W,canonical,conserved,Verified,chrIV,583713,584645,+
orf61701,chr4_584700,NA,noncanonical,denovo,None,chrIV,584700,584780,-
orf50497,chr4_584939,YDR069C,canonical,conserved,Verified,chrIV,584939,587719,-
orf50494,chr4_588011,NA,noncanonical,denovo,None,chrIV,588011,588073,-
orf37847,chr4_588068,NA,noncanonical,other,None,chrIV,588068,588283,+
orf50493,chr4_588098,YDR070C,canonical,conserved,Verified,chrIV,588098,588379,-
orf50492,chr4_588827,YDR071C,canonical,conserved,Verified,chrIV,588827,589402,-
orf61687,chr4_589761,YDR072C,canonical,conserved,Verified,chrIV,589761,591344,-
orf43648,chr4_591114,NA,noncanonical,denovo,None,chrIV,591114,591275,+
orf32160,chr4_591169,NA,noncanonical,other,None,chrIV,591169,591354,+
orf30262,chr4_59119,NA,noncanonical,denovo,None,chrIV,59119,59499,+
orf37859,chr4_591758,NA,noncanonical,denovo,None,chrIV,591758,591850,+
orf43651,chr4_592110,NA,noncanonical,denovo,None,chrIV,592110,592205,+
orf37860,chr4_592205,NA,noncanonical,denovo,None,chrIV,592205,592324,+
orf32166,chr4_592339,NA,noncanonical,denovo,None,chrIV,592339,592404,+
orf37861,chr4_592439,YDR073W,canonical,conserved,Verified,chrIV,592439,592948,+
orf56267,chr4_593209,NA,noncanonical,denovo,None,chrIV,593209,593304,-
orf32170,chr4_593893,YDR074W,canonical,conserved,Verified,chrIV,593893,596583,+
orf32171,chr4_596602,NA,noncanonical,other,None,chrIV,596602,596673,+
orf43670,chr4_597156,YDR075W,canonical,conserved,Verified,chrIV,597156,598082,+
orf32185,chr4_598468,YDR076W,canonical,conserved,Verified,chrIV,598468,599688,+
orf41413,chr4_5985,YDL247W,canonical,conserved,Verified,chrIV,5985,7814,+
orf61654,chr4_599091,NA,noncanonical,other,None,chrIV,599091,599348,-
orf56240,chr4_599638,NA,noncanonical,denovo,None,chrIV,599638,599745,-
orf43675,chr4_599844,NA,noncanonical,denovo,None,chrIV,599844,600011,+
orf43676,chr4_600276,NA,noncanonical,denovo,None,chrIV,600276,600470,+
orf43679,chr4_600570,NA,noncanonical,other,None,chrIV,600570,600629,+
orf32189,chr4_600793,YDR077W,canonical,conserved,Verified,chrIV,600793,601809,+
orf32190,chr4_601840,NA,noncanonical,denovo,None,chrIV,601840,601956,+
orf37903,chr4_601970,NA,noncanonical,other,None,chrIV,601970,602044,+
orf50442,chr4_602198,YDR078C,canonical,conserved,Verified,chrIV,602198,602869,-
orf43683,chr4_602208,NA,noncanonical,other,None,chrIV,602208,602390,+
orf32195,chr4_603064,YDR079W,canonical,conserved,Verified,chrIV,603064,603399,+
orf32196,chr4_603526,NA,noncanonical,other,None,chrIV,603526,603585,+
orf50440,chr4_603593,YDR079C-A,canonical,conserved,Verified,chrIV,603593,603811,-
orf43689,chr4_604008,YDR080W,canonical,conserved,Verified,chrIV,604008,606986,+
orf58096,chr4_60658,NA,noncanonical,denovo,None,chrIV,60658,60753,-
orf56199,chr4_606997,NA,noncanonical,other,None,chrIV,606997,607215,-
orf37925,chr4_607223,NA,noncanonical,denovo,None,chrIV,607223,607330,+
orf50423,chr4_607304,YDR081C,canonical,conserved,Verified,chrIV,607304,610081,-
orf52407,chr4_60872,YDL222C,canonical,conserved,Verified,chrIV,60872,61801,-
orf32239,chr4_610441,YDR082W,canonical,conserved,Verified,chrIV,610441,611925,+
orf32240,chr4_612016,YDR083W,canonical,conserved,Verified,chrIV,612016,613251,+
orf50409,chr4_613151,NA,noncanonical,other,None,chrIV,613151,613273,-
orf56161,chr4_613405,YDR084C,canonical,conserved,Verified,chrIV,613405,614004,-
orf50404,chr4_614288,YDR085C,canonical,conserved,Verified,chrIV,614288,616150,-
orf43717,chr4_614379,NA,noncanonical,other,None,chrIV,614379,614705,+
orf43718,chr4_614817,NA,noncanonical,denovo,None,chrIV,614817,615371,+
orf50403,chr4_616271,NA,noncanonical,denovo,None,chrIV,616271,616408,-
orf56144,chr4_616429,NA,noncanonical,denovo,None,chrIV,616429,616533,-
orf32253,chr4_616444,NA,noncanonical,other,None,chrIV,616444,616581,+
orf50398,chr4_616928,YDR086C,canonical,conserved,Verified,chrIV,616928,617170,-
orf37979,chr4_616955,NA,noncanonical,other,None,chrIV,616955,617194,+
orf56141,chr4_617470,YDR087C,canonical,conserved,Verified,chrIV,617470,618306,-
orf37981,chr4_617969,NA,noncanonical,other,None,chrIV,617969,618124,+
orf56140,chr4_618421,NA,noncanonical,other,None,chrIV,618421,618504,-
orf50393,chr4_618497,YDR088C,canonical,conserved,Verified,chrIV,618497,619645,-
orf63701,chr4_61935,NA,noncanonical,denovo,None,chrIV,61935,62024,-
orf61590,chr4_621015,NA,noncanonical,other,None,chrIV,621015,621167,-
orf37993,chr4_622112,YDR089W,canonical,conserved,Verified,chrIV,622112,624721,+
orf63698,chr4_62244,YDL220C,canonical,conserved,Verified,chrIV,62244,65018,-
orf56106,chr4_624784,NA,noncanonical,denovo,None,chrIV,624784,624840,-
orf56104,chr4_625066,YDR090C,canonical,conserved,Verified,chrIV,625066,625998,-
orf32286,chr4_626308,NA,noncanonical,denovo,None,chrIV,626308,626391,+
orf50368,chr4_626708,YDR091C,canonical,conserved,Verified,chrIV,626708,628534,-
NA,chr4_629876,YDR092W,canonical,conserved,Verified,chrIV,629876,630605,+
orf32308,chr4_631282,YDR093W,canonical,conserved,Verified,chrIV,631282,636120,+
orf38049,chr4_637139,YDR096W,canonical,conserved,Verified,chrIV,637139,639823,+
orf38050,chr4_639833,NA,noncanonical,denovo,None,chrIV,639833,639946,+
orf50333,chr4_640109,YDR097C,canonical,conserved,Verified,chrIV,640109,643837,-
orf61505,chr4_644178,YDR098C,canonical,conserved,Verified,chrIV,644178,645035,-
orf61498,chr4_645858,NA,noncanonical,other,None,chrIV,645858,649325,-
orf55997,chr4_649804,YDR098C-A,canonical,conserved,transposable_element_gene,chrIV,649804,651126,-
orf41644,chr4_65067,NA,noncanonical,other,None,chrIV,65067,65336,+
orf32375,chr4_651667,NA,noncanonical,other,None,chrIV,651667,651786,+
orf43887,chr4_651837,NA,noncanonical,other,None,chrIV,651837,651947,+
orf50283,chr4_651986,NA,noncanonical,other,None,chrIV,651986,652132,-
orf55991,chr4_652231,NA,noncanonical,other,None,chrIV,652231,652293,-
orf61479,chr4_652305,NA,noncanonical,other,None,chrIV,652305,652415,-
NA,chr4_65242,YDL219W,canonical,conserved,Verified,chrIV,65242,65765,+
orf61478,chr4_652458,NA,noncanonical,other,None,chrIV,652458,652562,-
orf32382,chr4_652783,NA,noncanonical,denovo,None,chrIV,652783,652848,+
orf50277,chr4_652811,NA,noncanonical,denovo,None,chrIV,652811,652867,-
orf43894,chr4_652866,NA,noncanonical,other,None,chrIV,652866,652907,+
orf43895,chr4_653049,NA,noncanonical,other,None,chrIV,653049,653126,+
orf32384,chr4_653146,NA,noncanonical,denovo,None,chrIV,653146,653268,+
orf43897,chr4_653607,YDR099W,canonical,conserved,Verified,chrIV,653607,654428,+
orf43898,chr4_654453,NA,noncanonical,denovo,None,chrIV,654453,654617,+
orf55981,chr4_654691,NA,noncanonical,denovo,None,chrIV,654691,654768,-
orf55980,chr4_654820,NA,noncanonical,denovo,None,chrIV,654820,655074,-
orf38108,chr4_655013,YDR100W,canonical,conserved,Verified,chrIV,655013,655444,+
orf38110,chr4_655673,NA,noncanonical,denovo,None,chrIV,655673,655798,+
orf61467,chr4_655686,YDR101C,canonical,conserved,Verified,chrIV,655686,657467,-
orf61465,chr4_657648,YDR102C,canonical,conserved,Uncharacterized,chrIV,657648,657980,-
orf43914,chr4_658350,YDR103W,canonical,conserved,Verified,chrIV,658350,661103,+
orf61454,chr4_661173,YDR104C,canonical,conserved,Verified,chrIV,661173,664910,-
orf58084,chr4_66229,NA,noncanonical,denovo,None,chrIV,66229,66405,-
orf30298,chr4_66493,YDL218W,canonical,conserved,Uncharacterized,chrIV,66493,67446,+
orf61451,chr4_665349,YDR105C,canonical,conserved,Verified,chrIV,665349,666770,-
orf38154,chr4_667004,YDR106W,canonical,conserved,Verified,chrIV,667004,667858,+
orf38158,chr4_668504,NA,noncanonical,other,None,chrIV,668504,668563,+
orf43941,chr4_668592,NA,noncanonical,denovo,None,chrIV,668592,668648,+
orf55929,chr4_669016,YDR107C,canonical,conserved,Verified,chrIV,669016,671034,-
orf32453,chr4_671269,YDR108W,canonical,conserved,Verified,chrIV,671269,673365,+
orf50183,chr4_673520,YDR109C,canonical,conserved,Verified,chrIV,673520,675667,-
orf55905,chr4_675664,NA,noncanonical,other,None,chrIV,675664,675834,-
orf32462,chr4_676102,YDR110W,canonical,conserved,Verified,chrIV,676102,677802,+
orf38217,chr4_677975,NA,noncanonical,other,None,chrIV,677975,678061,+
orf55893,chr4_678010,NA,noncanonical,denovo,None,chrIV,678010,678192,-
orf55891,chr4_678241,YDR111C,canonical,conserved,Uncharacterized,chrIV,678241,679764,-
orf63687,chr4_67983,YDL217C,canonical,conserved,Verified,chrIV,67983,68606,-
orf55890,chr4_679849,NA,noncanonical,denovo,None,chrIV,679849,680094,-
orf61401,chr4_680496,YDR113C,canonical,conserved,Verified,chrIV,680496,681617,-
orf61399,chr4_681924,YDR114C,canonical,other,Uncharacterized,chrIV,681924,682226,-
orf38236,chr4_682175,YDR115W,canonical,conserved,Verified,chrIV,682175,682492,+
orf32481,chr4_682546,NA,noncanonical,denovo,None,chrIV,682546,682650,+
orf38237,chr4_682631,NA,noncanonical,other,None,chrIV,682631,682723,+
orf50150,chr4_682724,YDR116C,canonical,conserved,Verified,chrIV,682724,683581,-
orf61393,chr4_683778,NA,noncanonical,other,None,chrIV,683778,683930,-
orf61392,chr4_683946,YDR117C,canonical,conserved,Verified,chrIV,683946,685643,-
orf32496,chr4_685882,YDR118W,canonical,conserved,Verified,chrIV,685882,687840,+
orf43999,chr4_688227,YDR119W,canonical,conserved,Uncharacterized,chrIV,688227,690533,+
orf63683,chr4_68997,YDL216C,canonical,conserved,Verified,chrIV,68997,70364,-
orf38276,chr4_690542,NA,noncanonical,denovo,None,chrIV,690542,690592,+
orf44002,chr4_691014,YDR119W-A,canonical,conserved,Verified,chrIV,691014,691214,+
orf38280,chr4_691211,NA,noncanonical,other,None,chrIV,691211,691276,+
orf55848,chr4_691549,YDR120C,canonical,conserved,Verified,chrIV,691549,693261,-
orf44011,chr4_693321,NA,noncanonical,denovo,None,chrIV,693321,693527,+
orf44012,chr4_693585,YDR121W,canonical,conserved,Verified,chrIV,693585,694175,+
orf38291,chr4_694700,YDR122W,canonical,conserved,Verified,chrIV,694700,697894,+
orf55829,chr4_698074,NA,noncanonical,denovo,None,chrIV,698074,698118,-
orf55826,chr4_698554,YDR123C,canonical,conserved,Verified,chrIV,698554,699468,-
orf32544,chr4_699784,NA,noncanonical,other,None,chrIV,699784,699852,+
orf38300,chr4_699923,NA,noncanonical,denovo,None,chrIV,699923,700099,+
orf61323,chr4_700173,NA,noncanonical,denovo,None,chrIV,700173,700289,-
orf44043,chr4_700248,NA,noncanonical,other,None,chrIV,700248,700310,+
orf32546,chr4_700315,YDR124W,canonical,conserved,Uncharacterized,chrIV,700315,701289,+
orf61315,chr4_701397,YDR125C,canonical,conserved,Verified,chrIV,701397,702758,-
orf44053,chr4_703185,NA,noncanonical,other,None,chrIV,703185,703337,+
orf32551,chr4_703234,YDR126W,canonical,conserved,Verified,chrIV,703234,704244,+
orf50076,chr4_703511,NA,noncanonical,denovo,None,chrIV,703511,703648,-
orf55807,chr4_703615,NA,noncanonical,other,None,chrIV,703615,703722,-
orf63682,chr4_70422,NA,noncanonical,denovo,None,chrIV,70422,70580,-
orf44059,chr4_704484,YDR127W,canonical,conserved,Verified,chrIV,704484,709250,+
orf52363,chr4_70640,YDL215C,canonical,conserved,Verified,chrIV,70640,73918,-
orf44060,chr4_709293,NA,noncanonical,denovo,None,chrIV,709293,709352,+
orf32598,chr4_709549,YDR128W,canonical,conserved,Verified,chrIV,709549,712995,+
orf32599,chr4_713119,NA,noncanonical,denovo,None,chrIV,713119,713226,+
NA,chr4_713340,YDR129C,canonical,conserved,Verified,chrIV,713340,715379,-
orf55761,chr4_715747,YDR130C,canonical,conserved,Verified,chrIV,715747,716622,-
orf61263,chr4_716790,YDR131C,canonical,conserved,Verified,chrIV,716790,718460,-
orf55751,chr4_718816,YDR132C,canonical,conserved,Verified,chrIV,718816,720303,-
orf38388,chr4_720311,NA,noncanonical,denovo,None,chrIV,720311,720490,+
orf38391,chr4_720737,NA,noncanonical,denovo,None,chrIV,720737,720856,+
orf61252,chr4_721281,NA,noncanonical,other,None,chrIV,721281,721481,-
orf38395,chr4_722024,NA,noncanonical,denovo,None,chrIV,722024,722209,+
orf38398,chr4_722387,NA,noncanonical,denovo,None,chrIV,722387,722458,+
orf44102,chr4_722487,NA,noncanonical,denovo,None,chrIV,722487,722618,+
orf55741,chr4_723004,YDR135C,canonical,conserved,Verified,chrIV,723004,727551,-
orf38401,chr4_723119,NA,noncanonical,other,None,chrIV,723119,723397,+
orf55740,chr4_727711,YDR136C,noncanonical,denovo,Dubious,chrIV,727711,728283,-
orf44132,chr4_728259,YDR137W,canonical,conserved,Verified,chrIV,728259,730250,+
orf44134,chr4_730578,YDR138W,canonical,conserved,Verified,chrIV,730578,732836,+
orf32692,chr4_732877,NA,noncanonical,denovo,None,chrIV,732877,732912,+
orf38435,chr4_732947,NA,noncanonical,other,None,chrIV,732947,732988,+
orf44138,chr4_733602,NA,noncanonical,other,None,chrIV,733602,733718,+
NA,chr4_733618,YDR139C,canonical,conserved,Verified,chrIV,733618,733924,-
orf38440,chr4_733766,NA,noncanonical,other,None,chrIV,733766,733867,+
orf38441,chr4_734138,YDR140W,canonical,conserved,Verified,chrIV,734138,734803,+
orf61183,chr4_734901,YDR141C,canonical,conserved,Verified,chrIV,734901,739997,-
orf55696,chr4_740473,YDR142C,canonical,conserved,Verified,chrIV,740473,741600,-
orf55693,chr4_742042,YDR143C,canonical,conserved,Verified,chrIV,742042,743874,-
orf30325,chr4_74416,NA,noncanonical,other,None,chrIV,74416,74604,+
orf49910,chr4_744311,YDR144C,canonical,conserved,Verified,chrIV,744311,746101,-
orf58042,chr4_74446,YDL214C,canonical,conserved,Verified,chrIV,74446,76545,-
orf38490,chr4_746738,YDR145W,canonical,conserved,Verified,chrIV,746738,748357,+
orf49906,chr4_748523,NA,noncanonical,denovo,None,chrIV,748523,748600,-
orf49905,chr4_748613,YDR146C,canonical,conserved,Verified,chrIV,748613,750742,-
orf41684,chr4_75009,NA,noncanonical,denovo,None,chrIV,75009,75140,+
orf44209,chr4_751341,NA,noncanonical,denovo,None,chrIV,751341,751409,+
orf32766,chr4_751429,NA,noncanonical,other,None,chrIV,751429,751662,+
orf38499,chr4_751631,YDR147W,canonical,conserved,Verified,chrIV,751631,753235,+
orf61141,chr4_753570,NA,noncanonical,other,None,chrIV,753570,753641,-
orf61140,chr4_753675,YDR148C,canonical,conserved,Verified,chrIV,753675,755066,-
orf49888,chr4_755207,NA,noncanonical,denovo,None,chrIV,755207,755365,-
orf44233,chr4_755628,YDR150W,canonical,conserved,Verified,chrIV,755628,763874,+
orf61099,chr4_764178,YDR151C,canonical,conserved,Verified,chrIV,764178,765155,-
orf38526,chr4_765518,NA,noncanonical,denovo,None,chrIV,765518,765631,+
orf32849,chr4_765706,YDR152W,canonical,conserved,Verified,chrIV,765706,766503,+
orf49856,chr4_766736,YDR153C,canonical,conserved,Verified,chrIV,766736,767971,-
orf49854,chr4_768512,YDR155C,canonical,conserved,Verified,chrIV,768512,769000,-
orf32861,chr4_769525,YDR156W,canonical,conserved,Verified,chrIV,769525,769938,+
orf58040,chr4_76963,NA,noncanonical,denovo,None,chrIV,76963,77109,-
orf38546,chr4_769931,YDR157W,canonical,other,Uncharacterized,chrIV,769931,770332,+
orf38547,chr4_770357,YDR158W,canonical,conserved,Verified,chrIV,770357,771454,+
orf32866,chr4_771472,NA,noncanonical,denovo,None,chrIV,771472,771561,+
orf44263,chr4_771741,NA,noncanonical,other,None,chrIV,771741,771914,+
orf32867,chr4_771877,YDR159W,canonical,conserved,Verified,chrIV,771877,775782,+
orf63665,chr4_77289,YDL213C,canonical,conserved,Verified,chrIV,77289,77966,-
orf44271,chr4_776163,YDR160W,canonical,conserved,Verified,chrIV,776163,778721,+
orf44274,chr4_779043,YDR161W,canonical,conserved,Verified,chrIV,779043,780206,+
orf49804,chr4_780278,NA,noncanonical,denovo,None,chrIV,780278,780370,-
orf61045,chr4_780390,YDR162C,canonical,conserved,Verified,chrIV,780390,781100,-
orf49797,chr4_781313,NA,noncanonical,denovo,None,chrIV,781313,781531,-
orf32903,chr4_781423,YDR163W,canonical,conserved,Verified,chrIV,781423,781950,+
orf61038,chr4_781980,NA,noncanonical,other,None,chrIV,781980,782051,-
orf55509,chr4_782041,YDR164C,canonical,conserved,Verified,chrIV,782041,784215,-
orf41704,chr4_78426,YDL212W,canonical,conserved,Verified,chrIV,78426,79058,+
orf44285,chr4_784545,NA,noncanonical,other,None,chrIV,784545,784640,+
orf38599,chr4_784871,YDR165W,canonical,conserved,Verified,chrIV,784871,786205,+
orf49785,chr4_785315,NA,noncanonical,other,None,chrIV,785315,785596,-
orf61012,chr4_786123,NA,noncanonical,denovo,None,chrIV,786123,786278,-
orf61011,chr4_786306,YDR166C,canonical,conserved,Verified,chrIV,786306,789221,-
orf38613,chr4_789449,YDR167W,canonical,conserved,Verified,chrIV,789449,790069,+
orf38615,chr4_790328,YDR168W,canonical,conserved,Verified,chrIV,790328,791848,+
orf61003,chr4_792048,NA,noncanonical,denovo,None,chrIV,792048,792299,-
orf61001,chr4_792348,YDR169C,canonical,conserved,Verified,chrIV,792348,793889,-
orf58030,chr4_79294,YDL211C,canonical,conserved,Uncharacterized,chrIV,79294,80412,-
orf55480,chr4_794446,NA,noncanonical,other,None,chrIV,794446,794610,-
orf60997,chr4_794574,YDR169C-A,canonical,denovo,Uncharacterized,chrIV,794574,794723,-
orf55479,chr4_794833,NA,noncanonical,denovo,None,chrIV,794833,794964,-
orf49738,chr4_795185,NA,noncanonical,other,None,chrIV,795185,795268,-
orf38629,chr4_795233,NA,noncanonical,other,None,chrIV,795233,795346,+
orf55476,chr4_795421,NA,noncanonical,denovo,None,chrIV,795421,795627,-
orf55475,chr4_795727,NA,noncanonical,denovo,None,chrIV,795727,795837,-
orf49734,chr4_796193,YDR170C,canonical,conserved,Verified,chrIV,796193,802222,-
orf38653,chr4_803123,NA,noncanonical,other,None,chrIV,803123,803182,+
orf38654,chr4_803195,YDR170W-A,canonical,conserved,transposable_element_gene,chrIV,803195,804517,+
orf60981,chr4_803343,NA,noncanonical,other,None,chrIV,803343,803516,-
orf44386,chr4_804996,NA,noncanonical,other,None,chrIV,804996,805688,+
orf38661,chr4_806621,YDR171W,canonical,conserved,Verified,chrIV,806621,807748,+
orf49708,chr4_807617,NA,noncanonical,denovo,None,chrIV,807617,807781,-
orf38662,chr4_808148,NA,noncanonical,denovo,None,chrIV,808148,808318,+
orf32991,chr4_808324,YDR172W,canonical,conserved,Verified,chrIV,808324,810381,+
orf55392,chr4_810565,YDR173C,canonical,conserved,Verified,chrIV,810565,811632,-
orf32997,chr4_812110,YDR174W,canonical,conserved,Verified,chrIV,812110,812850,+
orf55387,chr4_813118,NA,noncanonical,other,None,chrIV,813118,813189,-
orf55386,chr4_813193,YDR175C,canonical,conserved,Verified,chrIV,813193,814152,-
orf60924,chr4_814269,NA,noncanonical,denovo,None,chrIV,814269,814463,-
orf49684,chr4_814388,NA,noncanonical,other,None,chrIV,814388,814618,-
orf44416,chr4_814452,YDR176W,canonical,conserved,Verified,chrIV,814452,816560,+
orf30342,chr4_81493,NA,noncanonical,denovo,None,chrIV,81493,81765,+
orf38690,chr4_816878,YDR177W,canonical,conserved,Verified,chrIV,816878,817525,+
orf44425,chr4_817950,YDR178W,canonical,conserved,Verified,chrIV,817950,818495,+
orf44426,chr4_818532,NA,noncanonical,denovo,None,chrIV,818532,818759,+
orf49669,chr4_818708,YDR179C,canonical,conserved,Verified,chrIV,818708,819196,-
orf33031,chr4_819433,YDR179W-A,canonical,conserved,Verified,chrIV,819433,820824,+
orf33032,chr4_820993,NA,noncanonical,denovo,None,chrIV,820993,821244,+
orf44437,chr4_821295,YDR180W,canonical,conserved,Verified,chrIV,821295,825776,+
orf55338,chr4_825910,YDR181C,canonical,conserved,Verified,chrIV,825910,827355,-
orf38732,chr4_827582,YDR182W,canonical,conserved,Verified,chrIV,827582,829057,+
orf38734,chr4_829151,YDR182W-A,canonical,conserved,Uncharacterized,chrIV,829151,829354,+
orf33084,chr4_829585,YDR183W,canonical,conserved,Verified,chrIV,829585,830277,+
orf60857,chr4_830397,YDR183C-A,noncanonical,other,Dubious,chrIV,830397,830654,-
orf55321,chr4_830629,YDR184C,canonical,conserved,Verified,chrIV,830629,831513,-
orf38752,chr4_831908,NA,noncanonical,other,None,chrIV,831908,832132,+
orf55319,chr4_831934,YDR185C,canonical,conserved,Verified,chrIV,831934,832473,-
orf49625,chr4_832859,YDR186C,canonical,conserved,Verified,chrIV,832859,835492,-
orf44483,chr4_836421,YDR188W,canonical,conserved,Verified,chrIV,836421,838061,+
orf44484,chr4_838392,YDR189W,canonical,conserved,Verified,chrIV,838392,840392,+
orf49604,chr4_840248,NA,noncanonical,denovo,None,chrIV,840248,840523,-
orf55288,chr4_840604,YDR190C,canonical,conserved,Verified,chrIV,840604,841995,-
orf44491,chr4_842337,YDR191W,canonical,conserved,Verified,chrIV,842337,843449,+
orf41730,chr4_84270,YDL210W,canonical,conserved,Verified,chrIV,84270,85985,+
orf49599,chr4_843569,YDR192C,canonical,conserved,Verified,chrIV,843569,844861,-
orf60809,chr4_845952,YDR194C,canonical,conserved,Verified,chrIV,845952,847946,-
orf33181,chr4_848599,YDR195W,canonical,conserved,Verified,chrIV,848599,850200,+
orf52329,chr4_84872,NA,noncanonical,other,None,chrIV,84872,85120,-
orf49569,chr4_850274,YDR196C,canonical,conserved,Verified,chrIV,850274,850999,-
orf38804,chr4_851228,YDR197W,canonical,conserved,Verified,chrIV,851228,852397,+
orf49560,chr4_852533,YDR198C,canonical,conserved,Verified,chrIV,852533,853972,-
orf49558,chr4_854279,YDR200C,canonical,conserved,Verified,chrIV,854279,856093,-
orf44535,chr4_856317,YDR201W,canonical,conserved,Verified,chrIV,856317,856814,+
orf49555,chr4_856898,YDR202C,canonical,conserved,Verified,chrIV,856898,857953,-
orf44541,chr4_857682,YDR203W,noncanonical,other,Dubious,chrIV,857682,857999,+
orf38825,chr4_858137,YDR204W,canonical,conserved,Verified,chrIV,858137,859144,+
orf38826,chr4_859298,YDR205W,canonical,conserved,Verified,chrIV,859298,861520,+
orf33216,chr4_861820,NA,noncanonical,denovo,None,chrIV,861820,861885,+
orf33217,chr4_862054,YDR206W,canonical,conserved,Verified,chrIV,862054,864708,+
orf52324,chr4_86207,YDL209C,canonical,conserved,Verified,chrIV,86207,87226,-
orf55193,chr4_865012,YDR207C,canonical,conserved,Verified,chrIV,865012,867522,-
orf44591,chr4_868224,YDR208W,canonical,conserved,Verified,chrIV,868224,870563,+
orf58267,chr4_8683,YDL246C,canonical,conserved,Verified,chrIV,8683,9756,-
orf33243,chr4_870865,NA,noncanonical,denovo,None,chrIV,870865,870999,+
orf55179,chr4_871036,YDR209C,canonical,other,Uncharacterized,chrIV,871036,871449,-
orf44593,chr4_871074,YDR210W,canonical,conserved,Uncharacterized,chrIV,871074,871301,+
orf33246,chr4_871696,NA,noncanonical,other,None,chrIV,871696,871920,+
orf44599,chr4_872112,YDR210W-A,canonical,conserved,transposable_element_gene,chrIV,872112,873428,+
orf33257,chr4_873385,NA,noncanonical,other,None,chrIV,873385,877425,+
orf35976,chr4_87461,YDL208W,canonical,conserved,Verified,chrIV,87461,87982,+
orf55136,chr4_878659,NA,noncanonical,other,None,chrIV,878659,882126,-
orf41742,chr4_88248,YDL207W,canonical,conserved,Verified,chrIV,88248,89864,+
orf49460,chr4_882605,YDR210C-C,canonical,conserved,transposable_element_gene,chrIV,882605,883927,-
orf44648,chr4_884727,YDR211W,canonical,conserved,Verified,chrIV,884727,886865,+
orf44650,chr4_887232,YDR212W,canonical,conserved,Verified,chrIV,887232,888911,+
orf38952,chr4_889751,YDR213W,canonical,conserved,Verified,chrIV,889751,892492,+
orf38953,chr4_892571,NA,noncanonical,denovo,None,chrIV,892571,892663,+
orf44672,chr4_892875,YDR214W,canonical,conserved,Verified,chrIV,892875,893927,+
orf49427,chr4_893195,NA,noncanonical,other,None,chrIV,893195,893335,-
orf49426,chr4_893561,NA,noncanonical,other,None,chrIV,893561,893833,-
orf44673,chr4_893958,NA,noncanonical,denovo,None,chrIV,893958,894014,+
orf49424,chr4_894089,YDR215C,canonical,denovo,Uncharacterized,chrIV,894089,894502,-
orf44676,chr4_895035,YDR216W,canonical,conserved,Verified,chrIV,895035,899006,+
orf44677,chr4_899028,NA,noncanonical,denovo,None,chrIV,899028,899069,+
orf33391,chr4_899527,NA,noncanonical,denovo,None,chrIV,899527,899640,+
orf55074,chr4_899551,YDR217C,canonical,conserved,Verified,chrIV,899551,903480,-
orf35983,chr4_90176,YDL206W,canonical,conserved,Uncharacterized,chrIV,90176,92464,+
orf55072,chr4_903781,YDR218C,canonical,conserved,Verified,chrIV,903781,905052,-
orf49393,chr4_905255,NA,noncanonical,other,None,chrIV,905255,905308,-
orf55070,chr4_905455,YDR219C,canonical,conserved,Verified,chrIV,905455,906852,-
orf55069,chr4_907000,YDR220C,noncanonical,denovo,Dubious,chrIV,907000,907293,-
orf33421,chr4_907330,YDR221W,canonical,conserved,Verified,chrIV,907330,909438,+
orf39012,chr4_909710,NA,noncanonical,denovo,None,chrIV,909710,909853,+
orf33422,chr4_909874,NA,noncanonical,other,None,chrIV,909874,909945,+
orf44712,chr4_909930,NA,noncanonical,other,None,chrIV,909930,909968,+
orf33423,chr4_910054,YDR222W,canonical,conserved,Uncharacterized,chrIV,910054,911301,+
orf60512,chr4_911040,NA,noncanonical,other,None,chrIV,911040,911180,-
orf55056,chr4_911191,NA,noncanonical,other,None,chrIV,911191,911325,-
orf49374,chr4_911429,NA,noncanonical,other,None,chrIV,911429,911467,-
orf60509,chr4_911502,NA,noncanonical,denovo,None,chrIV,911502,911627,-
orf60508,chr4_911631,NA,noncanonical,other,None,chrIV,911631,911672,-
orf39024,chr4_911939,NA,noncanonical,other,None,chrIV,911939,912013,+
orf44717,chr4_912099,YDR223W,canonical,conserved,Verified,chrIV,912099,913502,+
orf55050,chr4_912118,NA,noncanonical,other,None,chrIV,912118,912225,-
orf33439,chr4_913549,NA,noncanonical,denovo,None,chrIV,913549,913620,+
orf49367,chr4_913631,NA,noncanonical,denovo,None,chrIV,913631,913747,-
orf49365,chr4_914264,NA,noncanonical,other,None,chrIV,914264,914317,-
orf55044,chr4_914317,YDR224C,canonical,conserved,Verified,chrIV,914317,914712,-
orf49364,chr4_914729,NA,noncanonical,denovo,None,chrIV,914729,914821,-
orf39031,chr4_915530,YDR225W,canonical,conserved,Verified,chrIV,915530,915928,+
orf49358,chr4_916025,NA,noncanonical,denovo,None,chrIV,916025,916138,-
orf33451,chr4_916486,YDR226W,canonical,conserved,Verified,chrIV,916486,917154,+
orf44728,chr4_917571,YDR227W,canonical,conserved,Verified,chrIV,917571,921647,+
orf49339,chr4_921926,YDR228C,canonical,conserved,Verified,chrIV,921926,923806,-
orf44734,chr4_923322,NA,noncanonical,other,None,chrIV,923322,923567,+
orf55004,chr4_924331,NA,noncanonical,other,None,chrIV,924331,924432,-
orf39053,chr4_924785,YDR229W,canonical,conserved,Verified,chrIV,924785,926146,+
orf54998,chr4_926293,YDR231C,canonical,conserved,Verified,chrIV,926293,926910,-
orf39055,chr4_927452,YDR232W,canonical,conserved,Verified,chrIV,927452,929098,+
orf52302,chr4_92762,YDL205C,canonical,conserved,Verified,chrIV,92762,93745,-
orf44770,chr4_929298,NA,noncanonical,other,None,chrIV,929298,929366,+
orf54987,chr4_929470,YDR233C,canonical,conserved,Verified,chrIV,929470,930357,-
orf33504,chr4_930754,NA,noncanonical,denovo,None,chrIV,930754,930876,+
orf33505,chr4_930880,NA,noncanonical,denovo,None,chrIV,930880,931041,+
orf33506,chr4_931129,YDR234W,canonical,conserved,Verified,chrIV,931129,933210,+
orf44782,chr4_933504,YDR235W,canonical,conserved,Verified,chrIV,933504,935138,+
orf54971,chr4_935236,YDR236C,canonical,conserved,Verified,chrIV,935236,935892,-
orf49286,chr4_936131,NA,noncanonical,denovo,None,chrIV,936131,936199,-
orf54968,chr4_936193,NA,noncanonical,denovo,None,chrIV,936193,936288,-
orf44785,chr4_936267,NA,noncanonical,denovo,None,chrIV,936267,936491,+
orf44786,chr4_936615,YDR237W,canonical,conserved,Verified,chrIV,936615,937493,+
orf54958,chr4_937663,NA,noncanonical,denovo,None,chrIV,937663,937737,-
orf54957,chr4_937816,NA,noncanonical,other,None,chrIV,937816,937863,-
orf49281,chr4_937895,YDR238C,canonical,conserved,Verified,chrIV,937895,940816,-
orf49279,chr4_941057,YDR239C,canonical,conserved,Verified,chrIV,941057,943420,-
orf35993,chr4_94133,NA,noncanonical,denovo,None,chrIV,94133,94285,+
orf41769,chr4_94203,NA,noncanonical,denovo,None,chrIV,94203,94370,+
orf60395,chr4_943674,YDR240C,canonical,conserved,Verified,chrIV,943674,945152,-
orf44819,chr4_945873,NA,noncanonical,other,None,chrIV,945873,945977,+
orf41770,chr4_94605,YDL204W,canonical,conserved,Verified,chrIV,94605,95786,+
orf44821,chr4_946647,NA,noncanonical,other,None,chrIV,946647,946868,+
orf33570,chr4_946807,YDR242W,canonical,conserved,Verified,chrIV,946807,948456,+
orf54885,chr4_948382,NA,noncanonical,other,None,chrIV,948382,948534,-
orf49249,chr4_948518,YDR243C,canonical,conserved,Verified,chrIV,948518,950284,-
orf33578,chr4_950563,YDR244W,canonical,conserved,Verified,chrIV,950563,952401,+
orf44839,chr4_952800,YDR245W,canonical,conserved,Verified,chrIV,952800,953981,+
orf33591,chr4_953983,NA,noncanonical,denovo,None,chrIV,953983,954102,+
orf44841,chr4_954288,YDR246W,canonical,conserved,Verified,chrIV,954288,954947,+
orf39182,chr4_955133,YDR246W-A,canonical,denovo,Uncharacterized,chrIV,955133,955333,+
orf39183,chr4_955412,NA,noncanonical,denovo,None,chrIV,955412,955600,+
orf33595,chr4_955594,NA,noncanonical,denovo,None,chrIV,955594,955785,+
orf44844,chr4_956013,YDR247W,canonical,conserved,Verified,chrIV,956013,957398,+
orf33605,chr4_957469,NA,noncanonical,other,None,chrIV,957469,957516,+
orf49213,chr4_957758,YDR248C,canonical,conserved,Uncharacterized,chrIV,957758,958339,-
orf39188,chr4_957923,NA,noncanonical,denovo,None,chrIV,957923,958063,+
orf44847,chr4_958206,NA,noncanonical,other,None,chrIV,958206,958370,+
orf54832,chr4_958681,YDR249C,canonical,conserved,Uncharacterized,chrIV,958681,959802,-
orf49208,chr4_959774,NA,noncanonical,other,None,chrIV,959774,959890,-
orf39198,chr4_960614,YDR251W,canonical,conserved,Verified,chrIV,960614,963106,+
orf57955,chr4_96082,YDL203C,canonical,conserved,Verified,chrIV,96082,97953,-
orf39199,chr4_963161,NA,noncanonical,denovo,None,chrIV,963161,963283,+
orf33626,chr4_963412,YDR252W,canonical,conserved,Verified,chrIV,963412,963861,+
orf60316,chr4_963990,YDR253C,canonical,conserved,Verified,chrIV,963990,964565,-
orf33630,chr4_964411,NA,noncanonical,other,None,chrIV,964411,964557,+
orf33633,chr4_965113,YDR254W,canonical,conserved,Verified,chrIV,965113,966489,+
orf60309,chr4_966138,NA,noncanonical,other,None,chrIV,966138,966311,-
orf49183,chr4_966557,YDR255C,canonical,conserved,Verified,chrIV,966557,967822,-
orf60302,chr4_968133,YDR256C,canonical,conserved,Verified,chrIV,968133,969680,-
orf39241,chr4_968618,NA,noncanonical,denovo,None,chrIV,968618,968791,+
orf44898,chr4_968985,NA,noncanonical,denovo,None,chrIV,968985,969089,+
orf60301,chr4_969990,YDR257C,canonical,conserved,Verified,chrIV,969990,971474,-
orf60299,chr4_971628,NA,noncanonical,denovo,None,chrIV,971628,971792,-
orf60298,chr4_971808,YDR258C,canonical,conserved,Verified,chrIV,971808,974243,-
orf60295,chr4_974631,YDR259C,canonical,conserved,Verified,chrIV,974631,975782,-
orf33676,chr4_976534,NA,noncanonical,denovo,None,chrIV,976534,976644,+
orf54773,chr4_976717,YDR260C,canonical,conserved,Verified,chrIV,976717,977229,-
orf54771,chr4_977521,YDR261C,canonical,conserved,Verified,chrIV,977521,979209,-
orf39270,chr4_977546,NA,noncanonical,other,None,chrIV,977546,977770,+
orf49102,chr4_980270,NA,noncanonical,other,None,chrIV,980270,980332,-
orf60264,chr4_980439,NA,noncanonical,other,None,chrIV,980439,980642,-
orf49101,chr4_980801,NA,noncanonical,other,None,chrIV,980801,980878,-
orf44945,chr4_981462,YDR261W-A,canonical,conserved,transposable_element_gene,chrIV,981462,982778,+
orf33700,chr4_982735,NA,noncanonical,other,None,chrIV,982735,986775,+
orf41779,chr4_98475,YDL202W,canonical,conserved,Verified,chrIV,98475,99224,+
orf60232,chr4_987534,NA,noncanonical,other,None,chrIV,987534,990548,-
orf54724,chr4_991027,YDR261C-C,canonical,conserved,transposable_element_gene,chrIV,991027,992349,-
orf39365,chr4_992771,NA,noncanonical,other,None,chrIV,992771,992911,+
orf39366,chr4_992930,NA,noncanonical,denovo,None,chrIV,992930,993004,+
orf33731,chr4_993007,NA,noncanonical,denovo,None,chrIV,993007,993111,+
orf39367,chr4_993134,YDR262W,canonical,conserved,Uncharacterized,chrIV,993134,993952,+
orf44992,chr4_993966,NA,noncanonical,denovo,None,chrIV,993966,994031,+
orf39368,chr4_994034,NA,noncanonical,denovo,None,chrIV,994034,994129,+
orf60216,chr4_994242,YDR263C,canonical,conserved,Verified,chrIV,994242,995534,-
orf36008,chr4_99437,NA,noncanonical,other,None,chrIV,99437,99508,+
orf41781,chr4_99561,YDL201W,canonical,conserved,Verified,chrIV,99561,100421,+
orf49022,chr4_995867,NA,noncanonical,denovo,None,chrIV,995867,995953,-
orf49021,chr4_996029,YDR264C,canonical,conserved,Verified,chrIV,996029,998323,-
orf39392,chr4_998864,YDR265W,canonical,conserved,Verified,chrIV,998864,999877,+
orf66434,chr5_100418,NA,noncanonical,denovo,None,chrV,100418,100615,+
orf66435,chr5_100769,YEL027W,canonical,conserved,Verified,chrV,100769,101251,+
orf68615,chr5_101238,NA,noncanonical,other,None,chrV,101238,101282,+
orf66436,chr5_101450,NA,noncanonical,other,None,chrV,101450,101572,+
orf66128,chr5_10163,NA,noncanonical,other,None,chrV,10163,10270,+
orf68618,chr5_101943,YEL026W,canonical,conserved,Verified,chrV,101943,102323,+
orf72086,chr5_102581,YEL025C,canonical,conserved,Uncharacterized,chrV,102581,106147,-
orf72084,chr5_106280,NA,noncanonical,denovo,None,chrV,106280,106522,-
orf74330,chr5_106783,NA,noncanonical,other,None,chrV,106783,106890,-
orf64408,chr5_107260,YEL024W,canonical,conserved,Verified,chrV,107260,107907,+
orf68649,chr5_107994,NA,noncanonical,denovo,None,chrV,107994,108047,+
orf76403,chr5_108504,YEL023C,canonical,conserved,Uncharacterized,chrV,108504,110552,-
orf74720,chr5_11062,NA,noncanonical,other,None,chrV,11062,11121,-
orf76402,chr5_110724,NA,noncanonical,denovo,None,chrV,110724,110801,-
orf76401,chr5_110916,NA,noncanonical,denovo,None,chrV,110916,111017,-
orf64419,chr5_111421,YEL022W,canonical,conserved,Verified,chrV,111421,115800,+
orf76379,chr5_115956,NA,noncanonical,denovo,None,chrV,115956,116168,-
orf64422,chr5_116167,YEL021W,canonical,conserved,Verified,chrV,116167,116970,+
orf76378,chr5_116202,NA,noncanonical,other,None,chrV,116202,116678,-
orf64015,chr5_11638,NA,noncanonical,other,None,chrV,11638,11727,+
orf68676,chr5_116952,NA,noncanonical,other,None,chrV,116952,117017,+
orf66518,chr5_117065,NA,noncanonical,denovo,None,chrV,117065,117208,+
orf76375,chr5_117183,YEL020C-B,noncanonical,other,Dubious,chrV,117183,117380,-
orf64423,chr5_117211,YEL020W-A,canonical,conserved,Verified,chrV,117211,117474,+
orf76374,chr5_117744,NA,noncanonical,other,None,chrV,117744,117794,-
orf64425,chr5_117892,NA,noncanonical,other,None,chrV,117892,117966,+
orf76370,chr5_118617,YEL020C,canonical,conserved,Verified,chrV,118617,120299,-
orf72009,chr5_120296,NA,noncanonical,other,None,chrV,120296,120508,-
orf76369,chr5_120498,YEL019C,canonical,conserved,Verified,chrV,120498,121301,-
orf76368,chr5_121455,YEL018C-A,noncanonical,other,Dubious,chrV,121455,121988,-
orf64442,chr5_121471,YEL018W,canonical,conserved,Verified,chrV,121471,122310,+
orf76365,chr5_122187,NA,noncanonical,other,None,chrV,122187,122354,-
orf74276,chr5_122674,NA,noncanonical,other,None,chrV,122674,122712,-
orf74275,chr5_122719,NA,noncanonical,denovo,None,chrV,122719,122769,-
orf72001,chr5_122798,YEL017C-A,canonical,conserved,Verified,chrV,122798,122929,-
orf68694,chr5_122847,NA,noncanonical,other,None,chrV,122847,122939,+
orf66542,chr5_123215,NA,noncanonical,denovo,None,chrV,123215,123343,+
orf68697,chr5_123657,YEL017W,canonical,conserved,Verified,chrV,123657,124670,+
orf76358,chr5_124737,YEL016C,canonical,conserved,Verified,chrV,124737,126218,-
orf68698,chr5_124914,NA,noncanonical,other,None,chrV,124914,125120,+
orf76357,chr5_126282,NA,noncanonical,other,None,chrV,126282,126338,-
orf72436,chr5_12656,NA,noncanonical,other,None,chrV,12656,12793,-
orf66553,chr5_126629,YEL015W,canonical,conserved,Verified,chrV,126629,128284,+
orf74263,chr5_127804,NA,noncanonical,other,None,chrV,127804,128130,-
orf66556,chr5_128825,YEL013W,canonical,conserved,Verified,chrV,128825,130561,+
orf66557,chr5_130859,NA,noncanonical,other,None,chrV,130859,130912,+
NA,chr5_131772,YEL012W,canonical,conserved,Verified,chrV,131772,132551,+
orf76329,chr5_132663,NA,noncanonical,denovo,None,chrV,132663,132767,-
orf64485,chr5_133003,NA,noncanonical,denovo,None,chrV,133003,133101,+
orf64486,chr5_133120,YEL011W,canonical,conserved,Verified,chrV,133120,135234,+
orf76316,chr5_136110,NA,noncanonical,other,None,chrV,136110,136319,-
orf76315,chr5_136371,YEL009C-A,canonical,other,Uncharacterized,chrV,136371,136778,-
orf64022,chr5_13720,YEL072W,canonical,conserved,Verified,chrV,13720,14415,+
orf74220,chr5_137782,NA,noncanonical,other,None,chrV,137782,137961,-
orf76304,chr5_138918,YEL009C,canonical,conserved,Verified,chrV,138918,139763,-
orf64512,chr5_140512,YEL008W,canonical,denovo,Uncharacterized,chrV,140512,140892,+
orf76301,chr5_140643,NA,noncanonical,denovo,None,chrV,140643,140786,-
orf64514,chr5_141892,YEL007W,canonical,conserved,Verified,chrV,141892,143892,+
orf68776,chr5_143964,NA,noncanonical,denovo,None,chrV,143964,144020,+
orf68778,chr5_144327,YEL006W,canonical,conserved,Verified,chrV,144327,145334,+
orf71907,chr5_145907,YEL005C,canonical,conserved,Verified,chrV,145907,146755,-
orf66630,chr5_146951,YEL004W,canonical,conserved,Verified,chrV,146951,147979,+
orf74174,chr5_147628,NA,noncanonical,other,None,chrV,147628,147801,-
orf64532,chr5_147976,NA,noncanonical,other,None,chrV,147976,148050,+
orf68795,chr5_148089,NA,noncanonical,denovo,None,chrV,148089,148151,+
NA,chr5_148176,YEL003W,canonical,conserved,Verified,chrV,148176,148599,+
orf64534,chr5_148669,NA,noncanonical,other,None,chrV,148669,148725,+
orf76263,chr5_148722,YEL002C,canonical,conserved,Verified,chrV,148722,150014,-
orf76262,chr5_150222,NA,noncanonical,other,None,chrV,150222,150335,-
orf74165,chr5_150301,YEL001C,canonical,conserved,Verified,chrV,150301,150978,-
orf74159,chr5_151609,NA,noncanonical,denovo,None,chrV,151609,151650,-
orf74158,chr5_151753,NA,noncanonical,denovo,None,chrV,151753,151830,-
orf64549,chr5_152731,NA,noncanonical,denovo,None,chrV,152731,152883,+
orf64553,chr5_153520,YER001W,canonical,conserved,Verified,chrV,153520,155808,+
orf74687,chr5_15421,NA,noncanonical,other,None,chrV,15421,15507,-
orf71873,chr5_156314,NA,noncanonical,other,None,chrV,156314,156394,-
orf66681,chr5_156803,YER002W,canonical,conserved,Verified,chrV,156803,157498,+
orf74135,chr5_157510,NA,noncanonical,denovo,None,chrV,157510,157614,-
orf66682,chr5_157541,NA,noncanonical,denovo,None,chrV,157541,157636,+
NA,chr5_157736,YER003C,canonical,conserved,Verified,chrV,157736,159118,-
orf74683,chr5_15877,NA,noncanonical,other,None,chrV,15877,15969,-
orf64560,chr5_159424,NA,noncanonical,denovo,None,chrV,159424,159537,+
orf64561,chr5_159580,YER004W,canonical,conserved,Verified,chrV,159580,160275,+
orf66698,chr5_160349,NA,noncanonical,denovo,None,chrV,160349,160432,+
orf71866,chr5_160418,NA,noncanonical,other,None,chrV,160418,160657,-
orf66699,chr5_160550,YER005W,canonical,conserved,Verified,chrV,160550,162442,+
orf68857,chr5_162435,NA,noncanonical,other,None,chrV,162435,162602,+
orf68859,chr5_162723,YER006W,canonical,conserved,Verified,chrV,162723,164285,+
orf66154,chr5_16355,YEL071W,canonical,conserved,Verified,chrV,16355,17845,+
orf64581,chr5_164527,YER007W,canonical,conserved,Verified,chrV,164527,166083,+
NA,chr5_166237,YER007C-A,canonical,conserved,Verified,chrV,166237,166885,-
orf64584,chr5_166750,NA,noncanonical,other,None,chrV,166750,166881,+
orf64586,chr5_167215,NA,noncanonical,other,None,chrV,167215,167274,+
orf64587,chr5_167314,NA,noncanonical,denovo,None,chrV,167314,167403,+
orf66730,chr5_167408,NA,noncanonical,other,None,chrV,167408,167560,+
orf76198,chr5_167808,YER008C,canonical,conserved,Verified,chrV,167808,171818,-
orf66743,chr5_172115,YER009W,canonical,conserved,Verified,chrV,172115,172492,+
orf68888,chr5_172518,NA,noncanonical,other,None,chrV,172518,172565,+
orf71800,chr5_172634,YER010C,canonical,conserved,Verified,chrV,172634,173338,-
orf64608,chr5_173068,NA,noncanonical,denovo,None,chrV,173068,173244,+
orf66747,chr5_173594,NA,noncanonical,denovo,None,chrV,173594,173773,+
orf66752,chr5_175097,NA,noncanonical,other,None,chrV,175097,175261,+
orf68910,chr5_175248,YER011W,canonical,conserved,Verified,chrV,175248,176012,+
orf71788,chr5_175472,NA,noncanonical,other,None,chrV,175472,175885,-
orf74060,chr5_176860,NA,noncanonical,other,None,chrV,176860,176916,-
orf74059,chr5_176953,NA,noncanonical,other,None,chrV,176953,177018,-
orf76181,chr5_177369,NA,noncanonical,other,None,chrV,177369,177452,-
orf74055,chr5_177403,NA,noncanonical,denovo,None,chrV,177403,177561,-
orf64621,chr5_177835,YER012W,canonical,conserved,Verified,chrV,177835,178431,+
orf66770,chr5_178841,YER013W,canonical,conserved,Verified,chrV,178841,182278,+
orf66773,chr5_182600,YER014W,canonical,conserved,Verified,chrV,182600,184219,+
orf66775,chr5_184541,YER015W,canonical,conserved,Verified,chrV,184541,186775,+
orf66777,chr5_186836,NA,noncanonical,other,None,chrV,186836,186880,+
orf71746,chr5_187316,NA,noncanonical,other,None,chrV,187316,187525,-
orf71745,chr5_187571,NA,noncanonical,denovo,None,chrV,187571,187627,-
orf76135,chr5_187794,NA,noncanonical,denovo,None,chrV,187794,187847,-
orf76134,chr5_187881,NA,noncanonical,denovo,None,chrV,187881,187952,-
orf68982,chr5_188277,YER016W,canonical,conserved,Verified,chrV,188277,189311,+
orf71737,chr5_189350,NA,noncanonical,denovo,None,chrV,189350,189400,-
orf71736,chr5_189503,YER017C,canonical,conserved,Verified,chrV,189503,191788,-
orf73988,chr5_191959,YER018C,canonical,conserved,Verified,chrV,191959,192624,-
orf66795,chr5_192797,YER019W,canonical,conserved,Verified,chrV,192797,194230,+
orf73982,chr5_193915,NA,noncanonical,other,None,chrV,193915,194166,-
orf76115,chr5_194163,NA,noncanonical,other,None,chrV,194163,194252,-
orf71732,chr5_194273,YER019C-A,canonical,conserved,Verified,chrV,194273,194539,-
orf71731,chr5_194591,NA,noncanonical,denovo,None,chrV,194591,194821,-
orf69006,chr5_194871,NA,noncanonical,denovo,None,chrV,194871,195008,+
orf69007,chr5_195168,YER020W,canonical,conserved,Verified,chrV,195168,196517,+
orf66163,chr5_19589,YEL070W,canonical,conserved,Verified,chrV,19589,21097,+
orf66802,chr5_196514,NA,noncanonical,other,None,chrV,196514,196633,+
orf64682,chr5_196948,YER021W,canonical,conserved,Verified,chrV,196948,198519,+
orf66817,chr5_198812,YER022W,canonical,conserved,Verified,chrV,198812,200875,+
orf64687,chr5_201076,YER023W,canonical,conserved,Verified,chrV,201076,201936,+
orf71701,chr5_201623,NA,noncanonical,denovo,None,chrV,201623,201787,-
orf64691,chr5_202192,YER024W,canonical,conserved,Verified,chrV,202192,204963,+
orf76076,chr5_204420,NA,noncanonical,denovo,None,chrV,204420,204668,-
orf69032,chr5_205251,YER025W,canonical,conserved,Verified,chrV,205251,206834,+
orf71670,chr5_207416,NA,noncanonical,denovo,None,chrV,207416,207520,-
orf71668,chr5_207644,YER026C,canonical,conserved,Verified,chrV,207644,208474,-
orf71665,chr5_208979,YER027C,canonical,conserved,Verified,chrV,208979,210232,-
orf64724,chr5_210577,NA,noncanonical,other,None,chrV,210577,210702,+
orf71662,chr5_210692,YER028C,canonical,conserved,Verified,chrV,210692,211876,-
orf64730,chr5_211879,NA,noncanonical,denovo,None,chrV,211879,212070,+
orf69057,chr5_212172,NA,noncanonical,denovo,None,chrV,212172,212327,+
orf73899,chr5_212587,YER029C,canonical,conserved,Verified,chrV,212587,213177,-
orf66882,chr5_213416,YER030W,canonical,conserved,Verified,chrV,213416,213898,+
orf64739,chr5_213907,NA,noncanonical,denovo,None,chrV,213907,214005,+
orf73894,chr5_214021,NA,noncanonical,other,None,chrV,214021,214095,-
orf71656,chr5_214076,YER031C,canonical,conserved,Verified,chrV,214076,214747,-
orf66887,chr5_214916,YER032W,canonical,conserved,Verified,chrV,214916,217693,+
orf76710,chr5_21537,YEL069C,canonical,conserved,Verified,chrV,21537,23231,-
orf69089,chr5_217752,NA,noncanonical,denovo,None,chrV,217752,217838,+
orf71633,chr5_218057,YER033C,canonical,conserved,Verified,chrV,218057,221287,-
orf66907,chr5_221846,YER034W,canonical,conserved,Verified,chrV,221846,222403,+
orf69111,chr5_222639,YER035W,canonical,conserved,Verified,chrV,222639,223076,+
orf76013,chr5_222888,NA,noncanonical,other,None,chrV,222888,223043,-
orf64769,chr5_223171,NA,noncanonical,denovo,None,chrV,223171,223293,+
orf71623,chr5_223367,YER036C,canonical,conserved,Verified,chrV,223367,225199,-
orf64778,chr5_225889,YER037W,canonical,conserved,Verified,chrV,225889,226854,+
orf66925,chr5_226838,NA,noncanonical,other,None,chrV,226838,226972,+
orf73821,chr5_226858,YER038C,canonical,conserved,Verified,chrV,226858,228252,-
orf64784,chr5_228451,YER038W-A,canonical,conserved,Uncharacterized,chrV,228451,228831,+
orf75987,chr5_228456,YER039C,canonical,conserved,Verified,chrV,228456,229205,-
orf75986,chr5_229263,YER039C-A,canonical,conserved,Uncharacterized,chrV,229263,229481,-
orf64791,chr5_229795,YER040W,canonical,conserved,Verified,chrV,229795,231987,+
orf66949,chr5_232406,NA,noncanonical,other,None,chrV,232406,232546,+
orf69132,chr5_232461,YER041W,canonical,conserved,Verified,chrV,232461,234740,+
orf64810,chr5_234937,YER042W,canonical,conserved,Verified,chrV,234937,235491,+
orf75967,chr5_235770,YER043C,canonical,conserved,Verified,chrV,235770,237119,-
orf71576,chr5_237464,NA,noncanonical,other,None,chrV,237464,237523,-
orf75966,chr5_237570,YER044C,canonical,conserved,Verified,chrV,237570,238016,-
orf73790,chr5_238150,NA,noncanonical,denovo,None,chrV,238150,238242,-
NA,chr5_238460,YER044C-A,canonical,conserved,Verified,chrV,238460,239774,-
orf66978,chr5_239732,NA,noncanonical,other,None,chrV,239732,239986,+
orf71572,chr5_240032,YER045C,canonical,conserved,Verified,chrV,240032,241501,-
orf73770,chr5_241999,NA,noncanonical,denovo,None,chrV,241999,242103,-
orf71570,chr5_242132,NA,noncanonical,other,None,chrV,242132,242221,-
orf75951,chr5_242202,NA,noncanonical,denovo,None,chrV,242202,242444,-
orf66986,chr5_242570,NA,noncanonical,other,None,chrV,242570,242737,+
orf69170,chr5_242832,NA,noncanonical,denovo,None,chrV,242832,242930,+
orf66987,chr5_242942,NA,noncanonical,denovo,None,chrV,242942,242992,+
orf64841,chr5_242992,NA,noncanonical,denovo,None,chrV,242992,243135,+
orf69171,chr5_243180,YER046W,canonical,conserved,Verified,chrV,243180,243611,+
orf75945,chr5_243810,YER047C,canonical,conserved,Verified,chrV,243810,246503,-
orf73761,chr5_246829,NA,noncanonical,denovo,None,chrV,246829,246903,-
orf73760,chr5_246982,YER048C,canonical,conserved,Verified,chrV,246982,248157,-
orf71542,chr5_248183,NA,noncanonical,other,None,chrV,248183,248248,-
orf64857,chr5_248560,NA,noncanonical,denovo,None,chrV,248560,248664,+
orf75936,chr5_248697,NA,noncanonical,other,None,chrV,248697,248759,-
orf67014,chr5_248792,NA,noncanonical,other,None,chrV,248792,248902,+
orf64859,chr5_249232,NA,noncanonical,other,None,chrV,249232,249315,+
orf75929,chr5_249366,NA,noncanonical,other,None,chrV,249366,249410,-
orf71536,chr5_249563,NA,noncanonical,other,None,chrV,249563,249637,-
orf75928,chr5_249615,NA,noncanonical,other,None,chrV,249615,249689,-
orf67021,chr5_250718,YER048W-A,canonical,conserved,Verified,chrV,250718,251002,+
orf69196,chr5_251079,NA,noncanonical,denovo,None,chrV,251079,251279,+
orf71531,chr5_251195,NA,noncanonical,denovo,None,chrV,251195,251419,-
orf64871,chr5_251728,YER049W,canonical,conserved,Verified,chrV,251728,253662,+
orf75910,chr5_253971,YER050C,canonical,conserved,Verified,chrV,253971,254579,-
orf64877,chr5_254656,YER051W,canonical,conserved,Verified,chrV,254656,256134,+
orf73731,chr5_256375,YER052C,canonical,conserved,Verified,chrV,256375,257958,-
orf72386,chr5_25646,YEL068C,canonical,denovo,Uncharacterized,chrV,25646,25978,-
orf67070,chr5_258368,NA,noncanonical,other,None,chrV,258368,258613,+
orf71511,chr5_258518,NA,noncanonical,denovo,None,chrV,258518,258652,-
orf64895,chr5_258619,NA,noncanonical,denovo,None,chrV,258619,258771,+
orf71510,chr5_258737,YER053C,canonical,conserved,Verified,chrV,258737,259639,-
orf67076,chr5_260456,NA,noncanonical,denovo,None,chrV,260456,260539,+
orf75877,chr5_260697,NA,noncanonical,denovo,None,chrV,260697,260762,-
orf71507,chr5_260783,NA,noncanonical,other,None,chrV,260783,260893,-
orf73720,chr5_260872,NA,noncanonical,other,None,chrV,260872,260952,-
orf71506,chr5_260933,YER053C-A,canonical,conserved,Verified,chrV,260933,261046,-
orf75876,chr5_261279,NA,noncanonical,denovo,None,chrV,261279,261374,-
orf72385,chr5_26189,YEL067C,canonical,denovo,Uncharacterized,chrV,26189,26776,-
orf71499,chr5_262052,YER054C,canonical,conserved,Verified,chrV,262052,263698,-
orf67091,chr5_263810,NA,noncanonical,denovo,None,chrV,263810,264004,+
orf76785,chr5_264,YEL077C,canonical,conserved,Uncharacterized,chrV,264,4097,-
orf73700,chr5_264139,NA,noncanonical,denovo,None,chrV,264139,264366,-
orf73698,chr5_264892,YER055C,canonical,conserved,Verified,chrV,264892,265785,-
orf67096,chr5_264923,NA,noncanonical,other,None,chrV,264923,265099,+
orf67098,chr5_265421,NA,noncanonical,denovo,None,chrV,265421,265669,+
orf73696,chr5_266440,NA,noncanonical,denovo,None,chrV,266440,266505,-
orf73695,chr5_266512,YER056C,canonical,conserved,Verified,chrV,266512,268113,-
orf68357,chr5_26667,YEL066W,canonical,conserved,Verified,chrV,26667,27206,+
orf71486,chr5_268517,NA,noncanonical,denovo,None,chrV,268517,268594,-
orf64931,chr5_268612,NA,noncanonical,other,None,chrV,268612,268788,+
orf73691,chr5_268768,NA,noncanonical,other,None,chrV,268768,268869,-
orf71485,chr5_268859,NA,noncanonical,denovo,None,chrV,268859,268963,-
orf67116,chr5_268937,NA,noncanonical,denovo,None,chrV,268937,269038,+
orf73689,chr5_269035,NA,noncanonical,denovo,None,chrV,269035,269139,-
orf67118,chr5_269258,NA,noncanonical,denovo,None,chrV,269258,269317,+
NA,chr5_269423,YER056C-A,canonical,conserved,Verified,chrV,269423,270185,-
orf71481,chr5_270737,YER057C,canonical,conserved,Verified,chrV,270737,271126,-
orf69290,chr5_270981,NA,noncanonical,other,None,chrV,270981,271139,+
orf64946,chr5_271768,YER058W,canonical,conserved,Verified,chrV,271768,272091,+
orf67136,chr5_272624,YER059W,canonical,conserved,Verified,chrV,272624,273886,+
orf64949,chr5_273889,NA,noncanonical,other,None,chrV,273889,273960,+
orf64952,chr5_274567,YER060W,canonical,conserved,Verified,chrV,274567,276153,+
orf75823,chr5_274866,NA,noncanonical,other,None,chrV,274866,275063,-
orf73668,chr5_275026,NA,noncanonical,other,None,chrV,275026,275226,-
orf64079,chr5_27544,NA,noncanonical,denovo,None,chrV,27544,27618,+
orf68358,chr5_27657,YEL065W,canonical,conserved,Verified,chrV,27657,29543,+
orf67149,chr5_276572,YER060W-A,canonical,conserved,Verified,chrV,276572,278164,+
orf75804,chr5_278298,YER061C,canonical,conserved,Verified,chrV,278298,279626,-
orf73649,chr5_279808,NA,noncanonical,denovo,None,chrV,279808,279855,-
orf75803,chr5_279930,YER062C,canonical,conserved,Verified,chrV,279930,280682,-
orf64970,chr5_280021,NA,noncanonical,other,None,chrV,280021,280239,+
orf64971,chr5_280270,NA,noncanonical,other,None,chrV,280270,280557,+
orf73644,chr5_281155,NA,noncanonical,denovo,None,chrV,281155,281274,-
orf67164,chr5_281438,NA,noncanonical,denovo,None,chrV,281438,281557,+
orf64976,chr5_281710,YER063W,canonical,conserved,Verified,chrV,281710,282366,+
orf75799,chr5_281802,NA,noncanonical,denovo,None,chrV,281802,281921,-
orf75797,chr5_282705,YER064C,canonical,conserved,Verified,chrV,282705,284222,-
orf71423,chr5_284357,NA,noncanonical,other,None,chrV,284357,284518,-
orf64984,chr5_284587,NA,noncanonical,other,None,chrV,284587,284721,+
orf64985,chr5_284815,NA,noncanonical,other,None,chrV,284815,284904,+
orf69352,chr5_285162,NA,noncanonical,denovo,None,chrV,285162,285266,+
orf73634,chr5_285241,YER065C,canonical,conserved,Verified,chrV,285241,286914,-
orf64995,chr5_287086,NA,noncanonical,denovo,None,chrV,287086,287148,+
orf71409,chr5_288953,NA,noncanonical,other,None,chrV,288953,289054,-
orf73620,chr5_289165,NA,noncanonical,other,None,chrV,289165,289308,-
orf67208,chr5_289532,NA,noncanonical,other,None,chrV,289532,289654,+
orf65010,chr5_289639,NA,noncanonical,other,None,chrV,289639,289908,+
orf65011,chr5_290242,YER066W,canonical,conserved,Uncharacterized,chrV,290242,290799,+
orf65016,chr5_292066,YER067W,canonical,conserved,Verified,chrV,292066,292551,+
orf73606,chr5_292240,YER067C-A,noncanonical,denovo,Dubious,chrV,292240,292563,-
orf65018,chr5_293050,YER068W,canonical,conserved,Verified,chrV,293050,294813,+
orf71378,chr5_295301,YER068C-A,noncanonical,denovo,Dubious,chrV,295301,295732,-
orf69392,chr5_295410,YER069W,canonical,conserved,Verified,chrV,295410,298001,+
orf74621,chr5_29797,YEL064C,canonical,conserved,Verified,chrV,29797,31239,-
orf73582,chr5_298027,NA,noncanonical,denovo,None,chrV,298027,298143,-
orf69398,chr5_298950,YER070W,canonical,conserved,Verified,chrV,298950,301616,+
orf67268,chr5_301616,NA,noncanonical,other,None,chrV,301616,301708,+
orf67269,chr5_301757,NA,noncanonical,denovo,None,chrV,301757,301810,+
orf67270,chr5_301817,NA,noncanonical,denovo,None,chrV,301817,301933,+
orf71347,chr5_301826,NA,noncanonical,other,None,chrV,301826,301930,-
orf75721,chr5_301947,YER071C,canonical,conserved,Verified,chrV,301947,302327,-
orf75718,chr5_302766,NA,noncanonical,other,None,chrV,302766,303014,-
orf65063,chr5_302806,YER072W,canonical,conserved,Verified,chrV,302806,303195,+
orf69402,chr5_303249,NA,noncanonical,other,None,chrV,303249,303323,+
orf65066,chr5_303838,NA,noncanonical,denovo,None,chrV,303838,303891,+
orf65067,chr5_304030,YER073W,canonical,conserved,Verified,chrV,304030,305592,+
NA,chr5_306323,YER074W,canonical,conserved,Verified,chrV,306323,307196,+
orf71325,chr5_307238,NA,noncanonical,denovo,None,chrV,307238,307474,-
NA,chr5_307653,YER074W-A,canonical,conserved,Verified,chrV,307653,308123,+
orf69413,chr5_308229,NA,noncanonical,denovo,None,chrV,308229,308300,+
orf73544,chr5_308413,YER075C,canonical,conserved,Verified,chrV,308413,311199,-
orf67315,chr5_310796,NA,noncanonical,other,None,chrV,310796,311014,+
orf66208,chr5_31088,NA,noncanonical,other,None,chrV,31088,31294,+
orf71313,chr5_311735,NA,noncanonical,denovo,None,chrV,311735,311911,-
orf73540,chr5_312166,NA,noncanonical,other,None,chrV,312166,312429,-
orf71309,chr5_312590,YER076C,canonical,conserved,Uncharacterized,chrV,312590,313498,-
orf65103,chr5_313390,YER076W-A,noncanonical,denovo,Dubious,chrV,313390,313737,+
orf71307,chr5_314168,NA,noncanonical,other,None,chrV,314168,314314,-
orf76667,chr5_31419,NA,noncanonical,denovo,None,chrV,31419,31562,-
orf71306,chr5_314534,YER077C,canonical,conserved,Uncharacterized,chrV,314534,316600,-
orf73513,chr5_316807,YER078C,canonical,conserved,Verified,chrV,316807,318342,-
orf72358,chr5_31694,YEL063C,canonical,conserved,Verified,chrV,31694,33466,-
orf65121,chr5_318646,YER078W-A,canonical,denovo,Uncharacterized,chrV,318646,318810,+
orf67342,chr5_318920,YER079W,canonical,conserved,Uncharacterized,chrV,318920,319552,+
orf71304,chr5_319190,NA,noncanonical,other,None,chrV,319190,319339,-
orf69459,chr5_319620,NA,noncanonical,denovo,None,chrV,319620,319727,+
orf65124,chr5_319963,YER080W,canonical,conserved,Verified,chrV,319963,321846,+
orf65125,chr5_321859,NA,noncanonical,denovo,None,chrV,321859,321969,+
orf69469,chr5_322026,NA,noncanonical,denovo,None,chrV,322026,322214,+
orf67361,chr5_322214,NA,noncanonical,denovo,None,chrV,322214,322276,+
orf67362,chr5_322343,NA,noncanonical,other,None,chrV,322343,322405,+
orf69470,chr5_322491,NA,noncanonical,denovo,None,chrV,322491,322526,+
orf69471,chr5_322578,NA,noncanonical,denovo,None,chrV,322578,322640,+
orf69472,chr5_322686,YER081W,canonical,conserved,Verified,chrV,322686,324095,+
orf65141,chr5_324178,NA,noncanonical,denovo,None,chrV,324178,324246,+
orf71278,chr5_324272,YER082C,canonical,conserved,Verified,chrV,324272,325936,-
orf71276,chr5_326174,YER083C,canonical,conserved,Verified,chrV,326174,327097,-
orf67376,chr5_327065,YER084W,canonical,other,Uncharacterized,chrV,327065,327451,+
orf73468,chr5_327619,YER085C,canonical,conserved,Uncharacterized,chrV,327619,328140,-
orf65158,chr5_328360,NA,noncanonical,denovo,None,chrV,328360,328455,+
orf65159,chr5_328477,YER086W,canonical,conserved,Verified,chrV,328477,330207,+
orf75618,chr5_329268,NA,noncanonical,other,None,chrV,329268,329525,-
orf69495,chr5_330576,YER087W,canonical,conserved,Verified,chrV,330576,332306,+
orf71258,chr5_331817,YER087C-A,noncanonical,other,Dubious,chrV,331817,332368,-
orf71257,chr5_332450,NA,noncanonical,denovo,None,chrV,332450,332566,-
orf71256,chr5_332582,YER087C-B,canonical,conserved,Verified,chrV,332582,332830,-
orf65177,chr5_332752,NA,noncanonical,denovo,None,chrV,332752,332916,+
orf71255,chr5_333176,YER088C,canonical,conserved,Verified,chrV,333176,335188,-
orf69500,chr5_333204,NA,noncanonical,other,None,chrV,333204,333713,+
orf69510,chr5_335511,NA,noncanonical,denovo,None,chrV,335511,335777,+
orf75601,chr5_335946,YER089C,canonical,conserved,Verified,chrV,335946,337340,-
orf65193,chr5_336694,NA,noncanonical,other,None,chrV,336694,336867,+
orf65195,chr5_337219,NA,noncanonical,other,None,chrV,337219,337446,+
orf67424,chr5_337949,YER090W,canonical,conserved,Verified,chrV,337949,339472,+
orf65198,chr5_339538,NA,noncanonical,denovo,None,chrV,339538,339630,+
orf73412,chr5_339790,NA,noncanonical,other,None,chrV,339790,339840,-
orf75585,chr5_339864,YER091C,canonical,conserved,Verified,chrV,339864,342167,-
orf72355,chr5_34184,NA,noncanonical,other,None,chrV,34184,34270,-
orf69542,chr5_342855,YER092W,canonical,conserved,Verified,chrV,342855,343232,+
orf75581,chr5_343320,YER093C,canonical,conserved,Verified,chrV,343320,347612,-
orf68385,chr5_34380,YEL062W,canonical,conserved,Verified,chrV,34380,36254,+
NA,chr5_347912,YER093C-A,canonical,conserved,Verified,chrV,347912,348400,-
orf75576,chr5_348729,YER094C,canonical,conserved,Verified,chrV,348729,349346,-
orf65247,chr5_349279,NA,noncanonical,other,None,chrV,349279,349566,+
orf69567,chr5_349980,YER095W,canonical,conserved,Verified,chrV,349980,351182,+
orf67466,chr5_351698,YER096W,canonical,conserved,Verified,chrV,351698,353236,+
orf73368,chr5_354637,NA,noncanonical,other,None,chrV,354637,354753,-
orf73365,chr5_354955,NA,noncanonical,other,None,chrV,354955,355128,-
orf69591,chr5_355140,YER097W,noncanonical,other,Dubious,chrV,355140,355469,+
orf67477,chr5_355466,YER098W,canonical,conserved,Verified,chrV,355466,357730,+
orf73355,chr5_358105,YER099C,canonical,conserved,Verified,chrV,358105,359061,-
orf67482,chr5_359261,NA,noncanonical,denovo,None,chrV,359261,359377,+
orf69611,chr5_359562,YER100W,canonical,conserved,Verified,chrV,359562,360314,+
orf73348,chr5_360502,YER101C,canonical,conserved,Verified,chrV,360502,361794,-
orf75508,chr5_361998,NA,noncanonical,other,None,chrV,361998,362138,-
orf69619,chr5_362619,NA,noncanonical,denovo,None,chrV,362619,362729,+
orf65303,chr5_363100,YER102W,canonical,conserved,Verified,chrV,363100,363702,+
orf69626,chr5_364326,NA,noncanonical,denovo,None,chrV,364326,364406,+
orf67501,chr5_364358,NA,noncanonical,denovo,None,chrV,364358,364432,+
orf67502,chr5_364589,YER103W,canonical,conserved,Verified,chrV,364589,366517,+
orf74596,chr5_36535,YEL061C,canonical,conserved,Verified,chrV,36535,39651,-
orf71126,chr5_366791,NA,noncanonical,denovo,None,chrV,366791,366928,-
orf65310,chr5_366802,YER104W,canonical,conserved,Verified,chrV,366802,367428,+
orf75494,chr5_367098,NA,noncanonical,denovo,None,chrV,367098,367265,-
orf71122,chr5_367838,YER105C,canonical,conserved,Verified,chrV,367838,372013,-
orf63972,chr5_370,NA,noncanonical,other,None,chrV,370,504,+
orf67525,chr5_372326,YER106W,canonical,conserved,Verified,chrV,372326,373234,+
orf71115,chr5_373448,YER107C,canonical,conserved,Verified,chrV,373448,374545,-
orf71112,chr5_375215,NA,noncanonical,other,None,chrV,375215,376999,-
orf71111,chr5_377189,NA,noncanonical,other,None,chrV,377189,377614,-
orf73254,chr5_377704,NA,noncanonical,denovo,None,chrV,377704,377922,-
orf69681,chr5_378219,NA,noncanonical,denovo,None,chrV,378219,378296,+
orf65348,chr5_378346,NA,noncanonical,denovo,None,chrV,378346,378447,+
orf75469,chr5_378762,YER110C,canonical,conserved,Verified,chrV,378762,382103,-
orf71077,chr5_382595,YER111C,canonical,conserved,Verified,chrV,382595,385876,-
orf65394,chr5_387232,YER112W,canonical,conserved,Verified,chrV,387232,387795,+
orf69711,chr5_387819,NA,noncanonical,denovo,None,chrV,387819,387890,+
orf71072,chr5_387932,YER113C,canonical,conserved,Verified,chrV,387932,390052,-
orf71071,chr5_390131,NA,noncanonical,other,None,chrV,390131,390196,-
orf71068,chr5_390590,YER114C,canonical,conserved,Verified,chrV,390590,393712,-
orf71066,chr5_394292,YER115C,canonical,conserved,Verified,chrV,394292,394867,-
orf71065,chr5_395021,NA,noncanonical,denovo,None,chrV,395021,395074,-
orf71064,chr5_395087,NA,noncanonical,other,None,chrV,395087,395122,-
orf71063,chr5_395348,YER116C,canonical,conserved,Verified,chrV,395348,396172,-
NA,chr5_396769,YER117W,canonical,conserved,Verified,chrV,396769,397653,+
orf65446,chr5_397738,NA,noncanonical,other,None,chrV,397738,397815,+
orf71056,chr5_397952,YER118C,canonical,conserved,Verified,chrV,397952,399055,-
orf76627,chr5_39840,NA,noncanonical,denovo,None,chrV,39840,39878,-
orf73153,chr5_399496,YER119C,canonical,conserved,Verified,chrV,399496,400842,-
orf67632,chr5_400025,NA,noncanonical,other,None,chrV,400025,400219,+
orf69763,chr5_400221,NA,noncanonical,other,None,chrV,400221,400457,+
orf67633,chr5_400382,NA,noncanonical,other,None,chrV,400382,400552,+
orf72339,chr5_40046,YEL060C,canonical,conserved,Verified,chrV,40046,41953,-
orf67634,chr5_400685,NA,noncanonical,other,None,chrV,400685,400846,+
orf73152,chr5_400867,YER119C-A,noncanonical,denovo,Dubious,chrV,400867,401238,-
orf67635,chr5_401135,YER120W,canonical,conserved,Verified,chrV,401135,401869,+
orf67636,chr5_401915,NA,noncanonical,denovo,None,chrV,401915,402070,+
orf71051,chr5_402209,NA,noncanonical,denovo,None,chrV,402209,402376,-
orf69772,chr5_402375,YER121W,canonical,denovo,Uncharacterized,chrV,402375,402719,+
orf75416,chr5_402711,NA,noncanonical,denovo,None,chrV,402711,402797,-
orf69773,chr5_402726,NA,noncanonical,other,None,chrV,402726,402827,+
orf73146,chr5_402871,YER122C,canonical,conserved,Verified,chrV,402871,404352,-
orf67645,chr5_404813,YER123W,canonical,conserved,Verified,chrV,404813,406387,+
orf69792,chr5_406578,NA,noncanonical,denovo,None,chrV,406578,406655,+
orf73136,chr5_407035,NA,noncanonical,denovo,None,chrV,407035,407217,-
orf73135,chr5_407233,NA,noncanonical,denovo,None,chrV,407233,407301,-
orf71040,chr5_407342,YER124C,canonical,conserved,Verified,chrV,407342,409063,-
orf65491,chr5_409633,NA,noncanonical,denovo,None,chrV,409633,409740,+
orf67658,chr5_410189,YER125W,canonical,conserved,Verified,chrV,410189,412618,+
orf69823,chr5_412761,NA,noncanonical,denovo,None,chrV,412761,412904,+
orf75366,chr5_413172,NA,noncanonical,denovo,None,chrV,413172,413357,-
orf75365,chr5_413394,YER126C,canonical,conserved,Verified,chrV,413394,414179,-
orf65503,chr5_414481,YER127W,canonical,conserved,Verified,chrV,414481,415554,+
orf67673,chr5_415859,YER128W,canonical,conserved,Verified,chrV,415859,416470,+
orf67675,chr5_417281,YER129W,canonical,conserved,Verified,chrV,417281,420709,+
orf73085,chr5_418102,NA,noncanonical,other,None,chrV,418102,418605,-
orf73076,chr5_421000,NA,noncanonical,other,None,chrV,421000,421059,-
orf70988,chr5_421115,YER130C,canonical,conserved,Verified,chrV,421115,422446,-
orf65529,chr5_423304,NA,noncanonical,denovo,None,chrV,423304,423456,+
orf65531,chr5_423712,NA,noncanonical,other,None,chrV,423712,423765,+
orf65532,chr5_423952,YER131W,canonical,conserved,Verified,chrV,423952,424311,+
orf74583,chr5_42400,YEL059C-A,canonical,conserved,Verified,chrV,42400,42624,-
orf73059,chr5_424573,NA,noncanonical,denovo,None,chrV,424573,424674,-
orf66243,chr5_42458,NA,noncanonical,denovo,None,chrV,42458,42655,+
orf75324,chr5_424671,NA,noncanonical,other,None,chrV,424671,424742,-
orf67690,chr5_424799,NA,noncanonical,denovo,None,chrV,424799,424864,+
orf70978,chr5_425063,NA,noncanonical,denovo,None,chrV,425063,425131,-
orf73058,chr5_425188,YER132C,canonical,conserved,Verified,chrV,425188,430449,-
orf72335,chr5_42755,NA,noncanonical,denovo,None,chrV,42755,42901,-
orf65556,chr5_431452,NA,noncanonical,other,None,chrV,431452,431547,+
orf70965,chr5_431723,NA,noncanonical,other,None,chrV,431723,431929,-
orf68416,chr5_43188,NA,noncanonical,other,None,chrV,43188,43262,+
orf75279,chr5_431997,NA,noncanonical,denovo,None,chrV,431997,432092,-
NA,chr5_432495,YER133W,canonical,conserved,Verified,chrV,432495,433958,+
orf64143,chr5_43252,YEL058W,canonical,conserved,Verified,chrV,43252,44925,+
orf69915,chr5_434112,NA,noncanonical,denovo,None,chrV,434112,434153,+
orf65567,chr5_434278,NA,noncanonical,other,None,chrV,434278,434331,+
orf73041,chr5_435520,NA,noncanonical,other,None,chrV,435520,435570,-
orf65573,chr5_436111,NA,noncanonical,other,None,chrV,436111,436230,+
orf75256,chr5_436971,NA,noncanonical,other,None,chrV,436971,437054,-
orf70934,chr5_437267,YER134C,canonical,conserved,Verified,chrV,437267,437803,-
orf75254,chr5_437952,YER135C,canonical,other,Uncharacterized,chrV,437952,438344,-
orf65577,chr5_437992,NA,noncanonical,other,None,chrV,437992,438186,+
orf65583,chr5_439306,NA,noncanonical,denovo,None,chrV,439306,439587,+
orf67747,chr5_439616,YER136W,canonical,conserved,Verified,chrV,439616,440971,+
orf65587,chr5_441028,NA,noncanonical,denovo,None,chrV,441028,441117,+
orf73005,chr5_441373,YER137C,canonical,conserved,Uncharacterized,chrV,441373,441819,-
orf67791,chr5_449474,YER138W-A,canonical,conserved,Uncharacterized,chrV,449474,449578,+
orf65632,chr5_449590,NA,noncanonical,other,None,chrV,449590,449658,+
orf66259,chr5_44975,NA,noncanonical,denovo,None,chrV,44975,45154,+
orf75213,chr5_449763,NA,noncanonical,other,None,chrV,449763,449885,-
orf69990,chr5_449796,NA,noncanonical,other,None,chrV,449796,449864,+
orf72328,chr5_45020,YEL057C,canonical,conserved,Verified,chrV,45020,45721,-
orf70888,chr5_450497,NA,noncanonical,denovo,None,chrV,450497,450550,-
orf70887,chr5_450563,YER139C,canonical,conserved,Verified,chrV,450563,451243,-
orf67797,chr5_451565,YER140W,canonical,conserved,Verified,chrV,451565,453235,+
orf68420,chr5_45171,NA,noncanonical,other,None,chrV,45171,45365,+
orf70881,chr5_453386,NA,noncanonical,other,None,chrV,453386,453568,-
orf70002,chr5_453459,YER141W,canonical,conserved,Verified,chrV,453459,454919,+
orf67802,chr5_454919,NA,noncanonical,other,None,chrV,454919,455044,+
orf72940,chr5_455146,YER142C,canonical,conserved,Verified,chrV,455146,456036,-
orf65657,chr5_456319,YER143W,canonical,conserved,Verified,chrV,456319,457605,+
orf75171,chr5_457806,YER144C,canonical,conserved,Verified,chrV,457806,460223,-
orf72324,chr5_46025,NA,noncanonical,denovo,None,chrV,46025,46180,-
orf70853,chr5_460526,YER145C,canonical,conserved,Verified,chrV,460526,461740,-
orf67833,chr5_460589,NA,noncanonical,other,None,chrV,460589,460762,+
orf67834,chr5_460946,NA,noncanonical,other,None,chrV,460946,461575,+
orf70028,chr5_461937,NA,noncanonical,denovo,None,chrV,461937,462086,+
orf67838,chr5_462119,NA,noncanonical,other,None,chrV,462119,462328,+
orf70851,chr5_462386,YER145C-A,canonical,other,Uncharacterized,chrV,462386,462823,-
orf70031,chr5_462585,YER146W,canonical,conserved,Verified,chrV,462585,462866,+
orf70849,chr5_462968,YER147C,canonical,conserved,Verified,chrV,462968,464842,-
orf70044,chr5_465099,NA,noncanonical,denovo,None,chrV,465099,465176,+
orf70045,chr5_465303,YER148W,canonical,conserved,Verified,chrV,465303,466025,+
orf70845,chr5_466208,YER149C,canonical,conserved,Verified,chrV,466208,467470,-
orf64153,chr5_46774,NA,noncanonical,denovo,None,chrV,46774,46953,+
orf65698,chr5_468370,YER150W,canonical,conserved,Verified,chrV,468370,468816,+
orf72887,chr5_468916,NA,noncanonical,denovo,None,chrV,468916,469032,-
orf75151,chr5_469686,YER151C,canonical,conserved,Verified,chrV,469686,472424,-
orf68428,chr5_47082,NA,noncanonical,denovo,None,chrV,47082,47150,+
orf66274,chr5_47168,YEL056W,canonical,conserved,Verified,chrV,47168,48373,+
orf72882,chr5_472657,YER152C,canonical,conserved,Verified,chrV,472657,473988,-
orf65716,chr5_473485,YER152W-A,noncanonical,denovo,Dubious,chrV,473485,474051,+
orf70804,chr5_474041,YER153C,canonical,conserved,Verified,chrV,474041,474805,-
orf70068,chr5_474276,NA,noncanonical,other,None,chrV,474276,474494,+
orf70070,chr5_474804,NA,noncanonical,denovo,None,chrV,474804,474872,+
orf65720,chr5_474940,NA,noncanonical,denovo,None,chrV,474940,475008,+
orf70071,chr5_475020,YER154W,canonical,conserved,Verified,chrV,475020,476228,+
orf70802,chr5_475130,NA,noncanonical,other,None,chrV,475130,475354,-
orf75138,chr5_475308,NA,noncanonical,denovo,None,chrV,475308,475496,-
orf67891,chr5_476225,NA,noncanonical,other,None,chrV,476225,476410,+
orf70795,chr5_476345,YER155C,canonical,conserved,Verified,chrV,476345,482848,-
orf70096,chr5_483063,NA,noncanonical,denovo,None,chrV,483063,483239,+
orf72815,chr5_483325,YER156C,canonical,conserved,Uncharacterized,chrV,483325,484341,-
orf67922,chr5_483401,NA,noncanonical,other,None,chrV,483401,483718,+
orf70099,chr5_484557,NA,noncanonical,other,None,chrV,484557,484658,+
orf76601,chr5_48471,YEL055C,canonical,conserved,Verified,chrV,48471,51539,-
orf70100,chr5_484788,YER157W,canonical,conserved,Verified,chrV,484788,487193,+
orf64158,chr5_48517,NA,noncanonical,other,None,chrV,48517,48675,+
orf67933,chr5_487700,NA,noncanonical,other,None,chrV,487700,487771,+
orf70769,chr5_488390,NA,noncanonical,denovo,None,chrV,488390,488488,-
orf72797,chr5_488857,YER158C,canonical,conserved,Uncharacterized,chrV,488857,490578,-
orf72795,chr5_491365,NA,noncanonical,denovo,None,chrV,491365,491499,-
orf70115,chr5_491487,YER158W-A,noncanonical,other,Dubious,chrV,491487,491702,+
orf72794,chr5_491530,YER159C,canonical,conserved,Verified,chrV,491530,491958,-
orf64161,chr5_49222,NA,noncanonical,other,None,chrV,49222,49731,+
orf75048,chr5_499176,NA,noncanonical,other,None,chrV,499176,499310,-
orf75047,chr5_499347,YER161C,canonical,conserved,Verified,chrV,499347,500348,-
orf70731,chr5_500630,YER162C,canonical,conserved,Verified,chrV,500630,502894,-
orf70157,chr5_501060,NA,noncanonical,other,None,chrV,501060,501452,+
orf70728,chr5_503084,YER163C,canonical,conserved,Verified,chrV,503084,503782,-
orf68001,chr5_504251,NA,noncanonical,denovo,None,chrV,504251,504514,+
orf65853,chr5_504544,NA,noncanonical,other,None,chrV,504544,504657,+
orf70171,chr5_504804,NA,noncanonical,denovo,None,chrV,504804,504917,+
orf70172,chr5_505392,YER164W,canonical,conserved,Verified,chrV,505392,509798,+
orf70173,chr5_509859,NA,noncanonical,other,None,chrV,509859,509924,+
orf65887,chr5_510373,YER165W,canonical,conserved,Verified,chrV,510373,512106,+
orf64167,chr5_51070,NA,noncanonical,other,None,chrV,51070,51291,+
orf68023,chr5_512744,YER166W,canonical,conserved,Verified,chrV,512744,517459,+
orf68027,chr5_518216,YER167W,canonical,conserved,Verified,chrV,518216,520771,+
orf72670,chr5_521029,YER168C,canonical,conserved,Verified,chrV,521029,522669,-
orf65915,chr5_523369,YER169W,canonical,conserved,Verified,chrV,523369,525759,+
orf72288,chr5_52391,NA,noncanonical,denovo,None,chrV,52391,52549,-
orf72658,chr5_525961,NA,noncanonical,other,None,chrV,525961,526119,-
orf68052,chr5_525974,YER170W,canonical,conserved,Verified,chrV,525974,526651,+
orf72657,chr5_526180,NA,noncanonical,other,None,chrV,526180,526386,-
orf76597,chr5_52623,NA,noncanonical,other,None,chrV,52623,52661,-
orf68053,chr5_526712,NA,noncanonical,denovo,None,chrV,526712,526798,+
orf70251,chr5_527082,YER171W,canonical,conserved,Verified,chrV,527082,529418,+
orf72287,chr5_52721,YEL054C,canonical,conserved,Verified,chrV,52721,53218,-
orf74925,chr5_529530,YER172C,canonical,conserved,Verified,chrV,529530,536021,-
orf72471,chr5_5345,YEL075C,canonical,conserved,Uncharacterized,chrV,5345,5713,-
orf68089,chr5_536300,YER173W,canonical,conserved,Verified,chrV,536300,538279,+
orf74914,chr5_538434,YER174C,canonical,conserved,Verified,chrV,538434,539168,-
orf76592,chr5_53901,YEL053C,canonical,conserved,Verified,chrV,53901,56102,-
orf72617,chr5_539464,YER175C,canonical,conserved,Verified,chrV,539464,540363,-
orf70295,chr5_539682,NA,noncanonical,denovo,None,chrV,539682,539927,+
orf70297,chr5_540183,NA,noncanonical,denovo,None,chrV,540183,540338,+
orf68097,chr5_540650,YER175W-A,canonical,denovo,Uncharacterized,chrV,540650,540814,+
orf70563,chr5_540995,NA,noncanonical,denovo,None,chrV,540995,541054,-
orf65983,chr5_541144,NA,noncanonical,denovo,None,chrV,541144,541221,+
orf74900,chr5_541356,NA,noncanonical,denovo,None,chrV,541356,541418,-
orf65985,chr5_541411,NA,noncanonical,denovo,None,chrV,541411,541473,+
orf65986,chr5_541690,YER176W,canonical,conserved,Verified,chrV,541690,545055,+
orf74898,chr5_541935,NA,noncanonical,other,None,chrV,541935,542132,-
orf74896,chr5_542313,NA,noncanonical,denovo,None,chrV,542313,542522,-
orf74892,chr5_543762,NA,noncanonical,other,None,chrV,543762,543959,-
orf74891,chr5_544062,NA,noncanonical,other,None,chrV,544062,544259,-
orf65988,chr5_545134,NA,noncanonical,denovo,None,chrV,545134,545403,+
orf70311,chr5_545400,NA,noncanonical,denovo,None,chrV,545400,545504,+
orf65989,chr5_545611,YER177W,canonical,conserved,Verified,chrV,545611,546414,+
orf74883,chr5_546168,NA,noncanonical,other,None,chrV,546168,546320,-
orf72605,chr5_546313,NA,noncanonical,other,None,chrV,546313,546492,-
orf68130,chr5_546521,NA,noncanonical,denovo,None,chrV,546521,546679,+
orf65992,chr5_546748,YER178W,canonical,conserved,Verified,chrV,546748,548079,+
orf70317,chr5_548121,NA,noncanonical,denovo,None,chrV,548121,548153,+
NA,chr5_548421,YER179W,canonical,conserved,Verified,chrV,548421,549517,+
orf70536,chr5_548831,NA,noncanonical,other,None,chrV,548831,548908,-
orf72599,chr5_549724,YER180C,canonical,conserved,Verified,chrV,549724,550527,-
orf74863,chr5_550566,NA,noncanonical,other,None,chrV,550566,550703,-
orf70529,chr5_550865,YER180C-A,canonical,conserved,Verified,chrV,550865,551122,-
orf72593,chr5_551473,YER181C,canonical,conserved,Verified,chrV,551473,551796,-
orf70332,chr5_552525,YER182W,canonical,conserved,Uncharacterized,chrV,552525,553259,+
orf70519,chr5_553334,YER183C,canonical,conserved,Verified,chrV,553334,553969,-
orf68159,chr5_554168,NA,noncanonical,other,None,chrV,554168,554317,+
orf70340,chr5_555036,NA,noncanonical,other,None,chrV,555036,555275,+
orf74837,chr5_556296,YER184C,canonical,conserved,Verified,chrV,556296,558680,-
orf70492,chr5_558749,NA,noncanonical,other,None,chrV,558749,558820,-
orf70491,chr5_558920,NA,noncanonical,other,None,chrV,558920,559096,-
orf68177,chr5_559304,NA,noncanonical,other,None,chrV,559304,559426,+
orf68178,chr5_559454,YER185W,canonical,conserved,Verified,chrV,559454,560365,+
orf70486,chr5_560510,NA,noncanonical,other,None,chrV,560510,560659,-
orf72552,chr5_561226,NA,noncanonical,other,None,chrV,561226,561363,-
orf74825,chr5_561705,YER186C,canonical,conserved,Uncharacterized,chrV,561705,562625,-
orf74816,chr5_565032,NA,noncanonical,other,None,chrV,565032,565169,-
orf66062,chr5_565603,NA,noncanonical,other,None,chrV,565603,565800,+
orf68464,chr5_56571,YEL052W,canonical,conserved,Verified,chrV,56571,58100,+
orf74813,chr5_566049,NA,noncanonical,other,None,chrV,566049,566237,-
orf66063,chr5_566230,YER187W,canonical,conserved,Uncharacterized,chrV,566230,566655,+
orf70459,chr5_566234,NA,noncanonical,other,None,chrV,566234,566560,-
orf68202,chr5_566612,NA,noncanonical,other,None,chrV,566612,566680,+
orf70450,chr5_567464,NA,noncanonical,other,None,chrV,567464,567559,-
orf66072,chr5_567985,NA,noncanonical,other,None,chrV,567985,568137,+
orf68205,chr5_568040,YER188W,canonical,conserved,Uncharacterized,chrV,568040,568759,+
orf72518,chr5_569218,NA,noncanonical,other,None,chrV,569218,569400,-
orf72517,chr5_569608,YER188C-A,canonical,conserved,Uncharacterized,chrV,569608,569907,-
orf70441,chr5_569813,NA,noncanonical,other,None,chrV,569813,569977,-
orf70408,chr5_571155,YER189W,canonical,conserved,Uncharacterized,chrV,571155,571523,+
orf66094,chr5_571480,YER190W,canonical,conserved,Verified,chrV,571480,576525,+
orf64201,chr5_58378,YEL051W,canonical,conserved,Verified,chrV,58378,59148,+
orf72265,chr5_58940,NA,noncanonical,other,None,chrV,58940,59113,-
orf76577,chr5_59670,YEL050C,canonical,conserved,Verified,chrV,59670,60851,-
orf72469,chr5_6047,NA,noncanonical,other,None,chrV,6047,6127,-
orf66320,chr5_61250,NA,noncanonical,other,None,chrV,61250,61354,+
orf72237,chr5_63488,NA,noncanonical,other,None,chrV,63488,63580,-
orf66328,chr5_63728,YEL049W,canonical,conserved,Verified,chrV,63728,64090,+
orf76566,chr5_64206,NA,noncanonical,denovo,None,chrV,64206,64373,-
orf74510,chr5_64540,NA,noncanonical,denovo,None,chrV,64540,64662,-
orf72228,chr5_64709,YEL048C,canonical,conserved,Verified,chrV,64709,65167,-
orf76563,chr5_65385,YEL047C,canonical,conserved,Verified,chrV,65385,66797,-
orf74744,chr5_6622,NA,noncanonical,other,None,chrV,6622,6681,-
orf66337,chr5_67199,NA,noncanonical,denovo,None,chrV,67199,67363,+
orf76559,chr5_67629,YEL046C,canonical,conserved,Verified,chrV,67629,68792,-
orf72208,chr5_68840,YEL045C,noncanonical,denovo,Dubious,chrV,68840,69265,-
orf74493,chr5_69319,NA,noncanonical,denovo,None,chrV,69319,69510,-
orf64246,chr5_69484,NA,noncanonical,other,None,chrV,69484,69549,+
orf64249,chr5_69757,YEL044W,canonical,conserved,Verified,chrV,69757,70257,+
orf66350,chr5_70478,YEL043W,canonical,conserved,Verified,chrV,70478,73348,+
orf76771,chr5_7230,YEL073C,canonical,conserved,Uncharacterized,chrV,7230,7553,-
orf64260,chr5_73771,YEL042W,canonical,conserved,Verified,chrV,73771,75327,+
orf72189,chr5_75104,NA,noncanonical,other,None,chrV,75104,75358,-
orf74473,chr5_75364,NA,noncanonical,other,None,chrV,75364,75537,-
orf64261,chr5_75403,NA,noncanonical,denovo,None,chrV,75403,75513,+
orf66370,chr5_75944,YEL041W,canonical,conserved,Verified,chrV,75944,77431,+
orf76769,chr5_7641,NA,noncanonical,other,None,chrV,7641,7754,-
orf76522,chr5_77202,NA,noncanonical,other,None,chrV,77202,77444,-
orf66375,chr5_77975,NA,noncanonical,other,None,chrV,77975,78046,+
orf66376,chr5_78053,YEL040W,canonical,conserved,Verified,chrV,78053,79456,+
orf68270,chr5_7839,NA,noncanonical,other,None,chrV,7839,7961,+
orf63995,chr5_7951,NA,noncanonical,other,None,chrV,7951,8040,+
orf74457,chr5_79636,YEL039C,canonical,conserved,Verified,chrV,79636,79977,-
orf68271,chr5_8016,NA,noncanonical,other,None,chrV,8016,8087,+
orf66379,chr5_80420,YEL038W,canonical,conserved,Verified,chrV,80420,81145,+
orf72171,chr5_80537,NA,noncanonical,other,None,chrV,80537,80881,-
orf74451,chr5_81349,NA,noncanonical,other,None,chrV,81349,81417,-
orf72167,chr5_81407,YEL037C,canonical,conserved,Verified,chrV,81407,82603,-
orf74444,chr5_83050,YEL036C,canonical,conserved,Verified,chrV,83050,84552,-
orf64289,chr5_83092,NA,noncanonical,other,None,chrV,83092,83229,+
orf74442,chr5_85045,YEL035C,canonical,other,Uncharacterized,chrV,85045,85545,-
orf72157,chr5_85613,YEL034C-A,noncanonical,other,Dubious,chrV,85613,86215,-
orf66399,chr5_85676,YEL034W,canonical,conserved,Verified,chrV,85676,86149,+
orf64299,chr5_86179,YEL033W,canonical,other,Uncharacterized,chrV,86179,86598,+
orf68593,chr5_86937,YEL032W,canonical,conserved,Verified,chrV,86937,89852,+
orf74730,chr5_8815,NA,noncanonical,denovo,None,chrV,8815,9015,-
orf68595,chr5_90258,YEL031W,canonical,conserved,Verified,chrV,90258,93905,+
orf72454,chr5_9080,NA,noncanonical,other,None,chrV,9080,9133,-
orf66410,chr5_93902,NA,noncanonical,other,None,chrV,93902,93976,+
orf72119,chr5_94583,YEL030C-A,noncanonical,other,Dubious,chrV,94583,94897,-
orf68598,chr5_94644,YEL030W,canonical,conserved,Verified,chrV,94644,96578,+
orf76447,chr5_96858,YEL029C,canonical,conserved,Verified,chrV,96858,97796,-
orf64378,chr5_98080,NA,noncanonical,other,None,chrV,98080,98136,+
orf64379,chr5_98503,NA,noncanonical,other,None,chrV,98503,98616,+
orf64380,chr5_98668,YEL028W,canonical,conserved,Uncharacterized,chrV,98668,99129,+
orf72100,chr5_99146,NA,noncanonical,other,None,chrV,99146,99349,-
orf66431,chr5_99851,NA,noncanonical,other,None,chrV,99851,99982,+
orf82202,chr6_100252,YFL019C,canonical,denovo,Uncharacterized,chrVI,100252,100605,-
orf80253,chr6_101628,YFL018C,canonical,conserved,Verified,chrVI,101628,103127,-
orf77147,chr6_102484,NA,noncanonical,other,None,chrVI,102484,102726,+
orf81539,chr6_10301,YFL060C,canonical,conserved,Verified,chrVI,10301,10969,-
orf77148,chr6_103033,NA,noncanonical,other,None,chrVI,103033,103140,+
orf77151,chr6_103699,YFL017W-A,canonical,conserved,Verified,chrVI,103699,103932,+
orf78961,chr6_103953,NA,noncanonical,other,None,chrVI,103953,104066,+
orf80246,chr6_103983,YFL017C,canonical,conserved,Verified,chrVI,103983,104462,-
orf77153,chr6_104200,NA,noncanonical,other,None,chrVI,104200,104442,+
orf82188,chr6_104701,YFL016C,canonical,conserved,Verified,chrVI,104701,106236,-
orf77993,chr6_104744,NA,noncanonical,other,None,chrVI,104744,105034,+
orf81251,chr6_106469,YFL015C,canonical,other,Uncharacterized,chrVI,106469,106963,-
orf78978,chr6_107256,YFL014W,canonical,conserved,Verified,chrVI,107256,107585,+
orf78980,chr6_107799,YFL013W-A,noncanonical,other,Dubious,chrVI,107799,108602,+
orf81248,chr6_107852,YFL013C,canonical,conserved,Verified,chrVI,107852,109930,-
orf77173,chr6_110443,NA,noncanonical,denovo,None,chrVI,110443,110535,+
orf77175,chr6_110647,YFL012W,canonical,conserved,Uncharacterized,chrVI,110647,111093,+
orf80229,chr6_111291,NA,noncanonical,denovo,None,chrVI,111291,111398,-
orf82156,chr6_111448,NA,noncanonical,denovo,None,chrVI,111448,111594,-
orf78020,chr6_111962,NA,noncanonical,denovo,None,chrVI,111962,112036,+
orf77179,chr6_112129,NA,noncanonical,denovo,None,chrVI,112129,112260,+
orf80223,chr6_112263,NA,noncanonical,other,None,chrVI,112263,112553,-
orf77180,chr6_112345,YFL011W,canonical,conserved,Verified,chrVI,112345,113985,+
orf78567,chr6_11274,NA,noncanonical,denovo,None,chrVI,11274,11351,+
orf77726,chr6_11363,YFL059W,canonical,conserved,Verified,chrVI,11363,12259,+
orf79005,chr6_114990,YFL010W-A,canonical,other,Verified,chrVI,114990,115274,+
orf82149,chr6_115108,YFL010C,canonical,conserved,Verified,chrVI,115108,115743,-
orf78040,chr6_115967,NA,noncanonical,other,None,chrVI,115967,116020,+
orf79008,chr6_116145,YFL009W,canonical,conserved,Verified,chrVI,116145,118484,+
orf78050,chr6_119429,YFL008W,canonical,conserved,Verified,chrVI,119429,123106,+
orf78051,chr6_123110,NA,noncanonical,denovo,None,chrVI,123110,123187,+
orf78052,chr6_123479,YFL007W,canonical,conserved,Verified,chrVI,123479,129910,+
orf76833,chr6_12841,NA,noncanonical,other,None,chrVI,12841,13077,+
orf77730,chr6_12929,YFL058W,canonical,conserved,Verified,chrVI,12929,13951,+
orf78054,chr6_130334,YFL005W,canonical,conserved,Verified,chrVI,130334,130981,+
orf81170,chr6_131081,NA,noncanonical,other,None,chrVI,131081,131155,-
orf77228,chr6_131161,NA,noncanonical,other,None,chrVI,131161,131205,+
orf82089,chr6_131197,NA,noncanonical,other,None,chrVI,131197,131256,-
orf77231,chr6_131650,NA,noncanonical,denovo,None,chrVI,131650,131742,+
orf78057,chr6_131810,YFL004W,canonical,conserved,Verified,chrVI,131810,134296,+
orf82080,chr6_134521,YFL003C,canonical,conserved,Verified,chrVI,134521,137157,-
orf77237,chr6_134722,NA,noncanonical,denovo,None,chrVI,134722,134958,+
orf81144,chr6_137765,NA,noncanonical,other,None,chrVI,137765,137902,-
orf80598,chr6_14175,NA,noncanonical,other,None,chrVI,14175,14402,-
orf80642,chr6_1437,YFL066C,canonical,conserved,Uncharacterized,chrVI,1437,2615,-
orf80087,chr6_143814,NA,noncanonical,other,None,chrVI,143814,143879,-
orf78114,chr6_143831,NA,noncanonical,other,None,chrVI,143831,143956,+
orf77259,chr6_143902,NA,noncanonical,other,None,chrVI,143902,144042,+
orf79157,chr6_144114,NA,noncanonical,other,None,chrVI,144114,144230,+
orf77262,chr6_144361,NA,noncanonical,other,None,chrVI,144361,144495,+
orf80597,chr6_14457,NA,noncanonical,other,None,chrVI,14457,14726,-
orf82035,chr6_145114,YFL002C,canonical,conserved,Verified,chrVI,145114,146934,-
orf78123,chr6_147131,YFL001W,canonical,conserved,Verified,chrVI,147131,148459,+
orf80596,chr6_14793,NA,noncanonical,other,None,chrVI,14793,15431,-
orf77277,chr6_149110,YFR001W,canonical,conserved,Verified,chrVI,149110,149724,+
orf77279,chr6_150016,YFR002W,canonical,conserved,Verified,chrVI,150016,152535,+
orf81091,chr6_152513,NA,noncanonical,denovo,None,chrVI,152513,152626,-
orf81090,chr6_152657,YFR003C,canonical,conserved,Verified,chrVI,152657,153124,-
orf78148,chr6_152864,NA,noncanonical,other,None,chrVI,152864,153097,+
orf79192,chr6_153393,YFR004W,canonical,conserved,Verified,chrVI,153393,154313,+
orf80042,chr6_154527,YFR005C,canonical,conserved,Verified,chrVI,154527,155873,-
orf80595,chr6_15486,NA,noncanonical,other,None,chrVI,15486,15539,-
orf77297,chr6_156145,YFR006W,canonical,conserved,Uncharacterized,chrVI,156145,157752,+
orf80594,chr6_15879,NA,noncanonical,other,None,chrVI,15879,15974,-
orf81988,chr6_158932,NA,noncanonical,other,None,chrVI,158932,159015,-
orf81987,chr6_159184,NA,noncanonical,denovo,None,chrVI,159184,159258,-
orf78179,chr6_159299,YFR007W,canonical,conserved,Verified,chrVI,159299,160360,+
orf82476,chr6_15976,NA,noncanonical,other,None,chrVI,15976,16068,-
orf78180,chr6_160535,YFR008W,canonical,conserved,Verified,chrVI,160535,161200,+
orf78184,chr6_161453,NA,noncanonical,other,None,chrVI,161453,161545,+
orf81522,chr6_16151,NA,noncanonical,other,None,chrVI,16151,16222,-
orf78190,chr6_162488,YFR009W,canonical,conserved,Verified,chrVI,162488,164746,+
orf77740,chr6_16319,NA,noncanonical,other,None,chrVI,16319,16480,+
orf77314,chr6_165067,YFR010W,canonical,conserved,Verified,chrVI,165067,166566,+
orf80005,chr6_166746,YFR011C,canonical,conserved,Verified,chrVI,166746,167258,-
orf78209,chr6_167888,YFR012W,canonical,conserved,Verified,chrVI,167888,168496,+
orf81952,chr6_168034,NA,noncanonical,other,None,chrVI,168034,168207,-
orf77323,chr6_168538,NA,noncanonical,other,None,chrVI,168538,168654,+
orf79265,chr6_168867,YFR012W-A,canonical,conserved,Uncharacterized,chrVI,168867,169310,+
orf76843,chr6_16918,NA,noncanonical,other,None,chrVI,16918,17004,+
orf78213,chr6_169922,YFR013W,canonical,conserved,Verified,chrVI,169922,172285,+
orf78587,chr6_17004,YFL055W,canonical,conserved,Verified,chrVI,17004,18680,+
orf81518,chr6_17072,NA,noncanonical,other,None,chrVI,17072,17293,-
orf81006,chr6_172484,NA,noncanonical,other,None,chrVI,172484,172540,-
orf81938,chr6_172537,YFR014C,canonical,conserved,Verified,chrVI,172537,173877,-
orf81937,chr6_174265,YFR015C,canonical,conserved,Verified,chrVI,174265,176391,-
orf81936,chr6_176473,NA,noncanonical,other,None,chrVI,176473,176646,-
orf79955,chr6_177042,YFR016C,canonical,conserved,Verified,chrVI,177042,180743,-
orf79949,chr6_182004,NA,noncanonical,other,None,chrVI,182004,182234,-
orf79948,chr6_182274,YFR017C,canonical,conserved,Verified,chrVI,182274,182861,-
orf80955,chr6_183131,YFR018C,canonical,conserved,Uncharacterized,chrVI,183131,184222,-
orf78247,chr6_184502,YFR019W,canonical,conserved,Verified,chrVI,184502,191338,+
orf79366,chr6_191952,NA,noncanonical,other,None,chrVI,191952,192056,+
orf77392,chr6_192061,NA,noncanonical,other,None,chrVI,192061,192147,+
orf78253,chr6_192317,NA,noncanonical,other,None,chrVI,192317,192358,+
orf77393,chr6_192499,NA,noncanonical,other,None,chrVI,192499,192534,+
orf79368,chr6_192597,NA,noncanonical,denovo,None,chrVI,192597,192653,+
orf78255,chr6_192737,YFR020W,canonical,conserved,Verified,chrVI,192737,193435,+
orf80914,chr6_193985,NA,noncanonical,denovo,None,chrVI,193985,194083,-
orf77407,chr6_194812,YFR021W,canonical,conserved,Verified,chrVI,194812,196314,+
orf80902,chr6_196784,NA,noncanonical,other,None,chrVI,196784,197008,-
orf79380,chr6_196833,YFR022W,canonical,conserved,Verified,chrVI,196833,199034,+
orf78277,chr6_199091,NA,noncanonical,denovo,None,chrVI,199091,199270,+
orf76859,chr6_19942,NA,noncanonical,denovo,None,chrVI,19942,20079,+
orf78279,chr6_199874,YFR023W,canonical,conserved,Verified,chrVI,199874,201709,+
orf77748,chr6_20018,NA,noncanonical,denovo,None,chrVI,20018,20122,+
NA,chr6_201960,YFR024C-A,canonical,conserved,Verified,chrVI,201960,203433,-
orf77427,chr6_203023,NA,noncanonical,other,None,chrVI,203023,203301,+
orf79870,chr6_203676,NA,noncanonical,other,None,chrVI,203676,203768,-
orf81837,chr6_203743,YFR025C,canonical,conserved,Verified,chrVI,203743,204750,-
orf77437,chr6_205507,NA,noncanonical,other,None,chrVI,205507,205662,+
orf79855,chr6_205521,NA,noncanonical,denovo,None,chrVI,205521,205631,-
orf80870,chr6_205748,YFR026C,canonical,conserved,Verified,chrVI,205748,206257,-
orf81830,chr6_206281,NA,noncanonical,other,None,chrVI,206281,206331,-
orf78302,chr6_206411,NA,noncanonical,denovo,None,chrVI,206411,206557,+
orf78303,chr6_206663,NA,noncanonical,other,None,chrVI,206663,206851,+
orf78304,chr6_206858,NA,noncanonical,other,None,chrVI,206858,206947,+
orf81826,chr6_207133,NA,noncanonical,denovo,None,chrVI,207133,207273,-
orf78309,chr6_207452,YFR027W,canonical,conserved,Verified,chrVI,207452,208297,+
orf79844,chr6_208413,YFR028C,canonical,conserved,Verified,chrVI,208413,210068,-
orf80578,chr6_20847,YFL054C,canonical,conserved,Uncharacterized,chrVI,20847,22787,-
orf77457,chr6_210937,YFR029W,canonical,conserved,Verified,chrVI,210937,212973,+
orf79831,chr6_213072,NA,noncanonical,denovo,None,chrVI,213072,213263,-
orf80835,chr6_213272,NA,noncanonical,denovo,None,chrVI,213272,213430,-
orf79441,chr6_213312,YFR030W,canonical,conserved,Verified,chrVI,213312,216419,+
orf79825,chr6_216594,YFR031C,canonical,conserved,Verified,chrVI,216594,220106,-
NA,chr6_220507,YFR031C-A,canonical,conserved,Verified,chrVI,220507,221418,-
orf79820,chr6_222090,YFR032C,canonical,conserved,Uncharacterized,chrVI,222090,222959,-
orf81773,chr6_223258,YFR032C-A,canonical,conserved,Verified,chrVI,223258,223437,-
orf77509,chr6_223303,NA,noncanonical,other,None,chrVI,223303,223509,+
orf79818,chr6_223710,YFR032C-B,canonical,conserved,Uncharacterized,chrVI,223710,223973,-
orf81772,chr6_224326,YFR033C,canonical,conserved,Verified,chrVI,224326,224769,-
orf77514,chr6_224383,NA,noncanonical,other,None,chrVI,224383,224730,+
orf81771,chr6_224773,NA,noncanonical,denovo,None,chrVI,224773,225009,-
orf80784,chr6_225020,YFR034C,canonical,conserved,Verified,chrVI,225020,225958,-
orf79470,chr6_225051,NA,noncanonical,denovo,None,chrVI,225051,225803,+
orf79471,chr6_225894,NA,noncanonical,other,None,chrVI,225894,226025,+
orf80783,chr6_226121,YFR035C,canonical,other,Uncharacterized,chrVI,226121,226465,-
orf79472,chr6_226260,NA,noncanonical,other,None,chrVI,226260,226550,+
orf77523,chr6_226963,YFR036W,canonical,conserved,Verified,chrVI,226963,227337,+
orf79476,chr6_227451,YFR036W-A,noncanonical,other,Dubious,chrVI,227451,228101,+
orf80778,chr6_227513,YFR037C,canonical,conserved,Verified,chrVI,227513,229186,-
orf79479,chr6_229380,YFR038W,canonical,conserved,Verified,chrVI,229380,231941,+
orf81746,chr6_232012,YFR039C,canonical,conserved,Verified,chrVI,232012,233544,-
orf77762,chr6_23423,YFL053W,canonical,conserved,Verified,chrVI,23423,25198,+
orf78398,chr6_234242,YFR040W,canonical,conserved,Verified,chrVI,234242,237250,+
orf80750,chr6_237368,YFR041C,canonical,conserved,Verified,chrVI,237368,238255,-
orf79514,chr6_238458,YFR042W,canonical,conserved,Verified,chrVI,238458,239060,+
orf78404,chr6_239057,NA,noncanonical,other,None,chrVI,239057,239119,+
orf80745,chr6_239114,YFR043C,canonical,conserved,Verified,chrVI,239114,239827,-
orf81709,chr6_239992,YFR044C,canonical,conserved,Verified,chrVI,239992,241437,-
NA,chr6_241998,YFR045W,canonical,conserved,Uncharacterized,chrVI,241998,242999,+
orf80733,chr6_243074,YFR046C,canonical,conserved,Verified,chrVI,243074,244159,-
orf81689,chr6_244279,YFR047C,canonical,conserved,Verified,chrVI,244279,245166,-
orf81478,chr6_24524,NA,noncanonical,other,None,chrVI,24524,24724,-
orf77584,chr6_245869,NA,noncanonical,other,None,chrVI,245869,245982,+
orf78427,chr6_246146,YFR048W,canonical,conserved,Verified,chrVI,246146,248134,+
orf81679,chr6_247513,NA,noncanonical,other,None,chrVI,247513,248058,-
orf77588,chr6_248299,NA,noncanonical,other,None,chrVI,248299,248427,+
orf79548,chr6_248523,YFR049W,canonical,conserved,Verified,chrVI,248523,248894,+
orf79721,chr6_249066,YFR050C,canonical,conserved,Verified,chrVI,249066,249866,-
orf80704,chr6_250163,YFR051C,canonical,conserved,Verified,chrVI,250163,251803,-
orf80702,chr6_252125,NA,noncanonical,denovo,None,chrVI,252125,252232,-
orf77605,chr6_252505,YFR052W,canonical,conserved,Verified,chrVI,252505,253329,+
orf78447,chr6_253346,NA,noncanonical,denovo,None,chrVI,253346,253402,+
orf80699,chr6_253592,YFR053C,canonical,conserved,Verified,chrVI,253592,255049,-
orf81475,chr6_25547,NA,noncanonical,denovo,None,chrVI,25547,25630,-
orf79575,chr6_256563,NA,noncanonical,other,None,chrVI,256563,256673,+
orf77616,chr6_256690,NA,noncanonical,other,None,chrVI,256690,256935,+
orf79577,chr6_256980,NA,noncanonical,other,None,chrVI,256980,257105,+
orf79691,chr6_258855,YFR054C,canonical,other,Uncharacterized,chrVI,258855,259433,-
orf79601,chr6_261861,NA,noncanonical,other,None,chrVI,261861,262031,+
orf79677,chr6_262686,NA,noncanonical,other,None,chrVI,262686,262754,-
orf80670,chr6_262760,NA,noncanonical,other,None,chrVI,262760,262804,-
orf81622,chr6_262801,NA,noncanonical,other,None,chrVI,262801,262884,-
orf80669,chr6_262916,NA,noncanonical,other,None,chrVI,262916,262981,-
orf81621,chr6_263011,NA,noncanonical,other,None,chrVI,263011,263097,-
orf81618,chr6_263257,NA,noncanonical,other,None,chrVI,263257,263334,-
orf79611,chr6_263514,NA,noncanonical,other,None,chrVI,263514,263582,+
orf79614,chr6_264204,YFR055W,canonical,conserved,Verified,chrVI,264204,265226,+
orf81600,chr6_267004,NA,noncanonical,other,None,chrVI,267004,267183,-
orf78506,chr6_267134,NA,noncanonical,other,None,chrVI,267134,267364,+
orf78507,chr6_267596,NA,noncanonical,other,None,chrVI,267596,267823,+
orf81467,chr6_26846,NA,noncanonical,other,None,chrVI,26846,26935,-
orf79641,chr6_269061,YFR057W,canonical,conserved,Uncharacterized,chrVI,269061,269516,+
orf82436,chr6_27418,NA,noncanonical,other,None,chrVI,27418,27489,-
orf81463,chr6_27587,NA,noncanonical,other,None,chrVI,27587,27655,-
orf82435,chr6_27709,NA,noncanonical,denovo,None,chrVI,27709,27837,-
orf77771,chr6_28232,YFL052W,canonical,conserved,Verified,chrVI,28232,29629,+
orf76894,chr6_30022,NA,noncanonical,other,None,chrVI,30022,30090,+
orf82426,chr6_30058,YFL051C,canonical,conserved,Uncharacterized,chrVI,30058,30540,-
orf80641,chr6_3030,YFL065C,canonical,conserved,Uncharacterized,chrVI,3030,3338,-
orf78656,chr6_32517,NA,noncanonical,other,None,chrVI,32517,32645,+
orf82417,chr6_33172,NA,noncanonical,other,None,chrVI,33172,33357,-
orf82537,chr6_3322,YFL064C,canonical,conserved,Uncharacterized,chrVI,3322,3846,-
orf81445,chr6_33272,YFL050C,canonical,conserved,Verified,chrVI,33272,35848,-
orf82396,chr6_35902,NA,noncanonical,denovo,None,chrVI,35902,35952,-
orf81444,chr6_36071,NA,noncanonical,denovo,None,chrVI,36071,36142,-
orf82394,chr6_36352,NA,noncanonical,other,None,chrVI,36352,36504,-
orf77797,chr6_36803,YFL049W,canonical,conserved,Verified,chrVI,36803,38674,+
orf81436,chr6_38843,YFL048C,canonical,conserved,Verified,chrVI,38843,40180,-
orf77801,chr6_40421,YFL047W,canonical,conserved,Verified,chrVI,40421,42565,+
orf77804,chr6_42815,YFL046W,canonical,conserved,Verified,chrVI,42815,43438,+
orf80505,chr6_43509,NA,noncanonical,denovo,None,chrVI,43509,43601,-
orf81422,chr6_43628,YFL045C,canonical,conserved,Verified,chrVI,43628,44392,-
orf82349,chr6_44407,NA,noncanonical,denovo,None,chrVI,44407,44547,-
orf80503,chr6_44655,YFL044C,canonical,conserved,Verified,chrVI,44655,45560,-
orf80502,chr6_45720,YFL042C,canonical,conserved,Verified,chrVI,45720,47744,-
orf78727,chr6_47982,NA,noncanonical,other,None,chrVI,47982,48050,+
orf78729,chr6_48420,NA,noncanonical,other,None,chrVI,48420,48461,+
orf77819,chr6_48734,YFL041W-A,canonical,conserved,Uncharacterized,chrVI,48734,48925,+
orf77820,chr6_49139,YFL041W,canonical,conserved,Verified,chrVI,49139,51007,+
orf78754,chr6_51033,NA,noncanonical,denovo,None,chrVI,51033,51074,+
orf77821,chr6_51350,YFL040W,canonical,conserved,Uncharacterized,chrVI,51350,52972,+
orf82319,chr6_52444,NA,noncanonical,other,None,chrVI,52444,52560,-
orf82318,chr6_52585,NA,noncanonical,other,None,chrVI,52585,52995,-
NA,chr6_53260,YFL039C,canonical,conserved,Verified,chrVI,53260,54696,-
orf76974,chr6_55003,NA,noncanonical,denovo,None,chrVI,55003,55092,+
orf82314,chr6_55366,YFL038C,canonical,conserved,Verified,chrVI,55366,55986,-
orf77835,chr6_56336,YFL037W,canonical,conserved,Verified,chrVI,56336,57709,+
orf78786,chr6_58782,YFL036W,canonical,conserved,Verified,chrVI,58782,62837,+
NA,chr6_63016,YFL034C-B,canonical,conserved,Verified,chrVI,63016,63993,-
NA,chr6_64243,YFL034C-A,canonical,conserved,Verified,chrVI,64243,64932,-
orf78545,chr6_6426,YFL062W,canonical,conserved,Verified,chrVI,6426,7565,+
orf77856,chr6_65477,YFL034W,canonical,conserved,Uncharacterized,chrVI,65477,68698,+
orf82259,chr6_69115,YFL033C,canonical,conserved,Verified,chrVI,69115,74427,-
orf77861,chr6_69524,NA,noncanonical,other,None,chrVI,69524,70054,+
NA,chr6_75179,YFL031W,canonical,conserved,Verified,chrVI,75179,76147,+
orf81332,chr6_76517,NA,noncanonical,denovo,None,chrVI,76517,76690,-
orf80371,chr6_76704,NA,noncanonical,other,None,chrVI,76704,76871,-
orf77062,chr6_76831,YFL030W,canonical,conserved,Verified,chrVI,76831,77988,+
orf80369,chr6_77241,NA,noncanonical,other,None,chrVI,77241,77486,-
orf80368,chr6_77592,NA,noncanonical,other,None,chrVI,77592,77849,-
orf82251,chr6_78055,YFL029C,canonical,conserved,Verified,chrVI,78055,79161,-
orf77894,chr6_78140,NA,noncanonical,other,None,chrVI,78140,78319,+
orf77900,chr6_78980,NA,noncanonical,denovo,None,chrVI,78980,79096,+
orf77901,chr6_79139,NA,noncanonical,other,None,chrVI,79139,79219,+
orf80357,chr6_79344,YFL028C,canonical,conserved,Verified,chrVI,79344,80213,-
orf82244,chr6_80419,YFL027C,canonical,conserved,Verified,chrVI,80419,81912,-
orf77915,chr6_82580,YFL026W,canonical,conserved,Verified,chrVI,82580,83875,+
orf77691,chr6_836,YFL067W,canonical,conserved,Uncharacterized,chrVI,836,1363,+
orf77078,chr6_83872,NA,noncanonical,other,None,chrVI,83872,83910,+
orf81308,chr6_84014,NA,noncanonical,other,None,chrVI,84014,84088,-
orf82232,chr6_84145,YFL025C,canonical,conserved,Verified,chrVI,84145,87234,-
orf80314,chr6_87471,NA,noncanonical,other,None,chrVI,87471,87545,-
orf81299,chr6_87629,NA,noncanonical,denovo,None,chrVI,87629,87730,-
orf81298,chr6_87797,NA,noncanonical,other,None,chrVI,87797,87850,-
orf82230,chr6_87847,YFL024C,canonical,conserved,Verified,chrVI,87847,90345,-
orf77108,chr6_90031,NA,noncanonical,other,None,chrVI,90031,90222,+
orf78909,chr6_90588,NA,noncanonical,denovo,None,chrVI,90588,90650,+
orf77944,chr6_90986,YFL023W,canonical,conserved,Verified,chrVI,90986,93376,+
orf82221,chr6_93499,YFL022C,canonical,conserved,Verified,chrVI,93499,95010,-
orf77719,chr6_9545,YFL061W,canonical,conserved,Verified,chrVI,9545,10222,+
orf77121,chr6_95500,NA,noncanonical,other,None,chrVI,95500,95577,+
orf82218,chr6_95761,YFL021C-A,noncanonical,other,Dubious,chrVI,95761,96615,-
orf77958,chr6_95966,YFL021W,canonical,conserved,Verified,chrVI,95966,97498,+
orf80267,chr6_97881,NA,noncanonical,other,None,chrVI,97881,98024,-
orf78942,chr6_97971,NA,noncanonical,other,None,chrVI,97971,98078,+
orf80260,chr6_99231,YFL020C,canonical,conserved,Verified,chrVI,99231,99599,-
orf80259,chr6_99765,NA,noncanonical,denovo,None,chrVI,99765,99875,-
orf94950,chr7_1000134,NA,noncanonical,other,None,chrVII,1000134,1000283,-
orf103259,chr7_1000489,NA,noncanonical,denovo,None,chrVII,1000489,1000596,-
orf103258,chr7_1000669,NA,noncanonical,denovo,None,chrVII,1000669,1000842,-
orf86243,chr7_1000927,YGR254W,canonical,conserved,Verified,chrVII,1000927,1002240,+
orf94946,chr7_1000959,NA,noncanonical,other,None,chrVII,1000959,1001171,-
orf94941,chr7_1002108,NA,noncanonical,denovo,None,chrVII,1002108,1002287,-
orf90125,chr7_1002344,NA,noncanonical,denovo,None,chrVII,1002344,1002469,+
orf103256,chr7_1002523,YGR255C,canonical,conserved,Verified,chrVII,1002523,1003962,-
orf90136,chr7_1004624,YGR256W,canonical,conserved,Verified,chrVII,1004624,1006102,+
orf98957,chr7_1006205,YGR257C,canonical,conserved,Verified,chrVII,1006205,1007305,-
orf103241,chr7_1007671,YGR258C,canonical,conserved,Verified,chrVII,1007671,1010766,-
orf103235,chr7_1012003,NA,noncanonical,denovo,None,chrVII,1012003,1012161,-
orf90154,chr7_1012160,NA,noncanonical,denovo,None,chrVII,1012160,1012276,+
orf94292,chr7_1012485,YGR260W,canonical,conserved,Verified,chrVII,1012485,1014089,+
orf94877,chr7_1014321,YGR261C,canonical,conserved,Verified,chrVII,1014321,1016750,-
orf98919,chr7_1016921,NA,noncanonical,denovo,None,chrVII,1016921,1016968,-
orf103217,chr7_1016974,YGR262C,canonical,conserved,Verified,chrVII,1016974,1017759,-
orf103216,chr7_1017967,YGR263C,canonical,conserved,Verified,chrVII,1017967,1019241,-
orf86302,chr7_1018057,NA,noncanonical,denovo,None,chrVII,1018057,1018332,+
orf98912,chr7_1019441,NA,noncanonical,other,None,chrVII,1019441,1019650,-
orf94857,chr7_1019598,YGR264C,canonical,conserved,Verified,chrVII,1019598,1021853,-
orf90908,chr7_102153,NA,noncanonical,other,None,chrVII,102153,102188,+
orf103207,chr7_1021831,NA,noncanonical,other,None,chrVII,1021831,1021941,-
orf103206,chr7_1022059,NA,noncanonical,other,None,chrVII,1022059,1022112,-
orf102474,chr7_102221,NA,noncanonical,denovo,None,chrVII,102221,102325,-
orf98891,chr7_1022297,NA,noncanonical,denovo,None,chrVII,1022297,1022362,-
orf86318,chr7_1022656,YGR266W,canonical,conserved,Verified,chrVII,1022656,1024761,+
orf102473,chr7_102341,NA,noncanonical,denovo,None,chrVII,102341,102415,-
orf94840,chr7_1025004,YGR267C,canonical,conserved,Verified,chrVII,1025004,1025735,-
orf98287,chr7_102543,YGL206C,canonical,conserved,Verified,chrVII,102543,107504,-
orf94839,chr7_1025820,NA,noncanonical,denovo,None,chrVII,1025820,1025927,-
orf94836,chr7_1026057,YGR268C,canonical,conserved,Verified,chrVII,1026057,1026653,-
orf90221,chr7_1026224,NA,noncanonical,other,None,chrVII,1026224,1026403,+
orf94345,chr7_1026636,YGR269W,noncanonical,denovo,Dubious,chrVII,1026636,1026962,+
orf94835,chr7_1026855,NA,noncanonical,denovo,None,chrVII,1026855,1026941,-
orf90225,chr7_1027154,NA,noncanonical,denovo,None,chrVII,1027154,1027237,+
orf90226,chr7_1027370,YGR270W,canonical,conserved,Verified,chrVII,1027370,1031509,+
orf86340,chr7_1031791,YGR271W,canonical,conserved,Verified,chrVII,1031791,1037694,+
orf103141,chr7_1037800,YGR271C-A,canonical,conserved,Verified,chrVII,1037800,1038501,-
orf103139,chr7_1038715,YGR273C,canonical,conserved,Uncharacterized,chrVII,1038715,1039239,-
orf98833,chr7_1039667,NA,noncanonical,denovo,None,chrVII,1039667,1039825,-
orf98832,chr7_1039895,YGR274C,canonical,conserved,Verified,chrVII,1039895,1043095,-
orf90301,chr7_1043189,YGR275W,canonical,conserved,Verified,chrVII,1043189,1043749,+
orf98830,chr7_1043819,YGR276C,canonical,conserved,Verified,chrVII,1043819,1045480,-
orf94772,chr7_1045644,YGR277C,canonical,conserved,Verified,chrVII,1045644,1046561,-
orf86371,chr7_1046731,YGR278W,canonical,conserved,Verified,chrVII,1046731,1048464,+
orf94760,chr7_1048485,NA,noncanonical,denovo,None,chrVII,1048485,1048616,-
orf103080,chr7_1048798,YGR279C,canonical,conserved,Verified,chrVII,1048798,1049958,-
orf98814,chr7_1050704,NA,noncanonical,other,None,chrVII,1050704,1050799,-
orf103076,chr7_1050910,YGR280C,canonical,conserved,Verified,chrVII,1050910,1051725,-
orf86382,chr7_1052824,YGR281W,canonical,conserved,Verified,chrVII,1052824,1057257,+
orf90382,chr7_1057367,NA,noncanonical,denovo,None,chrVII,1057367,1057597,+
orf86564,chr7_10574,NA,noncanonical,other,None,chrVII,10574,10654,+
orf103059,chr7_1057528,NA,noncanonical,denovo,None,chrVII,1057528,1057590,-
orf98781,chr7_1057733,NA,noncanonical,other,None,chrVII,1057733,1057786,-
orf103057,chr7_1057783,YGR282C,canonical,conserved,Verified,chrVII,1057783,1058724,-
orf94716,chr7_1059015,YGR283C,canonical,conserved,Verified,chrVII,1059015,1060040,-
orf90387,chr7_1059221,NA,noncanonical,other,None,chrVII,1059221,1059319,+
orf94483,chr7_1060368,NA,noncanonical,denovo,None,chrVII,1060368,1060436,+
orf94713,chr7_1060491,NA,noncanonical,denovo,None,chrVII,1060491,1060634,-
orf98771,chr7_1060658,YGR284C,canonical,conserved,Verified,chrVII,1060658,1061590,-
orf94708,chr7_1061769,NA,noncanonical,denovo,None,chrVII,1061769,1061819,-
orf98768,chr7_1061852,YGR285C,canonical,conserved,Verified,chrVII,1061852,1063153,-
orf103036,chr7_1063813,YGR286C,canonical,conserved,Verified,chrVII,1063813,1064940,-
orf98763,chr7_1065071,NA,noncanonical,other,None,chrVII,1065071,1065178,-
orf98757,chr7_1066391,NA,noncanonical,other,None,chrVII,1066391,1066576,-
orf103029,chr7_1066603,NA,noncanonical,other,None,chrVII,1066603,1066737,-
orf90419,chr7_1066937,NA,noncanonical,other,None,chrVII,1066937,1067023,+
orf98752,chr7_1067222,YGR287C,canonical,conserved,Verified,chrVII,1067222,1068991,-
orf86437,chr7_1070293,YGR288W,canonical,conserved,Verified,chrVII,1070293,1071714,+
orf94538,chr7_1073019,NA,noncanonical,other,None,chrVII,1073019,1073201,+
orf98724,chr7_1073963,YGR289C,canonical,conserved,Verified,chrVII,1073963,1075813,-
orf86467,chr7_1076599,YGR292W,canonical,conserved,Verified,chrVII,1076599,1078353,+
orf86469,chr7_1078603,NA,noncanonical,other,None,chrVII,1078603,1078677,+
orf102963,chr7_1079605,NA,noncanonical,other,None,chrVII,1079605,1079730,-
orf94568,chr7_1080306,YGR294W,canonical,conserved,Verified,chrVII,1080306,1080668,+
orf90484,chr7_1081259,NA,noncanonical,other,None,chrVII,1081259,1081357,+
orf86951,chr7_108158,YGL205W,canonical,conserved,Verified,chrVII,108158,110404,+
orf94636,chr7_1081584,YGR295C,canonical,conserved,Verified,chrVII,1081584,1082729,-
orf86484,chr7_1083049,NA,noncanonical,other,None,chrVII,1083049,1083297,+
orf94631,chr7_1083786,NA,noncanonical,other,None,chrVII,1083786,1083992,-
orf102423,chr7_110537,NA,noncanonical,denovo,None,chrVII,110537,110656,-
orf82599,chr7_11110,YGL258W,canonical,conserved,Verified,chrVII,11110,11730,+
orf98268,chr7_111522,NA,noncanonical,other,None,chrVII,111522,111749,-
orf106535,chr7_111700,YGL204C,canonical,conserved,Uncharacterized,chrVII,111700,112005,-
orf102410,chr7_112475,YGL203C,canonical,conserved,Verified,chrVII,112475,114664,-
orf82937,chr7_116059,YGL202W,canonical,conserved,Verified,chrVII,116059,117561,+
orf102398,chr7_117626,NA,noncanonical,denovo,None,chrVII,117626,117700,-
orf102397,chr7_117854,YGL201C,canonical,conserved,Verified,chrVII,117854,120907,-
orf90983,chr7_121347,NA,noncanonical,other,None,chrVII,121347,121430,+
orf87009,chr7_122507,NA,noncanonical,denovo,None,chrVII,122507,122653,+
orf98244,chr7_122694,YGL200C,canonical,conserved,Verified,chrVII,122694,123305,-
orf90990,chr7_122955,NA,noncanonical,other,None,chrVII,122955,123299,+
orf90992,chr7_123591,YGL198W,canonical,conserved,Verified,chrVII,123591,124298,+
orf90996,chr7_124698,YGL197W,canonical,conserved,Verified,chrVII,124698,129161,+
orf106866,chr7_12481,YGL257C,canonical,conserved,Verified,chrVII,12481,14157,-
orf82996,chr7_129736,NA,noncanonical,denovo,None,chrVII,129736,129819,+
orf82997,chr7_129883,YGL196W,canonical,conserved,Verified,chrVII,129883,131169,+
orf87029,chr7_131525,YGL195W,canonical,conserved,Verified,chrVII,131525,139543,+
orf82613,chr7_13879,NA,noncanonical,other,None,chrVII,13879,14076,+
orf98174,chr7_139719,YGL194C-A,canonical,conserved,Uncharacterized,chrVII,139719,139961,-
orf87032,chr7_140018,NA,noncanonical,denovo,None,chrVII,140018,140134,+
orf102336,chr7_140084,NA,noncanonical,denovo,None,chrVII,140084,140197,-
orf106400,chr7_140368,YGL194C,canonical,conserved,Verified,chrVII,140368,141726,-
orf87033,chr7_140459,NA,noncanonical,other,None,chrVII,140459,140638,+
orf106865,chr7_14179,NA,noncanonical,other,None,chrVII,14179,14217,-
orf106398,chr7_141916,YGL193C,canonical,denovo,Uncharacterized,chrVII,141916,142227,-
orf83016,chr7_142246,YGL192W,canonical,conserved,Verified,chrVII,142246,144048,+
orf106387,chr7_143617,NA,noncanonical,other,None,chrVII,143617,143688,-
orf106386,chr7_143878,NA,noncanonical,denovo,None,chrVII,143878,143976,-
orf98144,chr7_144216,NA,noncanonical,denovo,None,chrVII,144216,144308,-
orf87054,chr7_144599,NA,noncanonical,other,None,chrVII,144599,144676,+
orf83019,chr7_144808,YGL191W,canonical,conserved,Verified,chrVII,144808,145197,+
orf91094,chr7_145242,NA,noncanonical,denovo,None,chrVII,145242,145286,+
orf86582,chr7_14570,NA,noncanonical,denovo,None,chrVII,14570,14626,+
orf98139,chr7_145809,YGL190C,canonical,conserved,Verified,chrVII,145809,147389,-
orf86583,chr7_14726,NA,noncanonical,denovo,None,chrVII,14726,14791,+
orf86584,chr7_14810,NA,noncanonical,other,None,chrVII,14810,14935,+
orf83033,chr7_148114,NA,noncanonical,other,None,chrVII,148114,148281,+
orf102300,chr7_148229,YGL189C,canonical,conserved,Verified,chrVII,148229,148588,-
orf98136,chr7_148674,NA,noncanonical,denovo,None,chrVII,148674,148760,-
orf102298,chr7_148796,NA,noncanonical,other,None,chrVII,148796,148870,-
orf98135,chr7_148824,YGL188C-A,canonical,other,Uncharacterized,chrVII,148824,148964,-
orf90558,chr7_14910,YGL256W,canonical,conserved,Verified,chrVII,14910,16307,+
orf102294,chr7_149516,NA,noncanonical,other,None,chrVII,149516,149584,-
orf106371,chr7_149704,YGL187C,canonical,conserved,Verified,chrVII,149704,150171,-
orf98128,chr7_150201,NA,noncanonical,other,None,chrVII,150201,150305,-
orf102291,chr7_151037,YGL186C,canonical,conserved,Verified,chrVII,151037,152776,-
orf98116,chr7_152793,NA,noncanonical,denovo,None,chrVII,152793,152909,-
orf106359,chr7_152974,NA,noncanonical,other,None,chrVII,152974,153144,-
orf102289,chr7_153167,YGL185C,canonical,conserved,Uncharacterized,chrVII,153167,154306,-
orf106349,chr7_154615,YGL184C,canonical,conserved,Verified,chrVII,154615,156012,-
orf87099,chr7_154715,NA,noncanonical,other,None,chrVII,154715,155179,+
orf102281,chr7_156230,NA,noncanonical,denovo,None,chrVII,156230,156367,-
orf106348,chr7_156463,NA,noncanonical,denovo,None,chrVII,156463,156537,-
NA,chr7_156543,YGL183C,canonical,conserved,Verified,chrVII,156543,157285,-
orf106344,chr7_157273,YGL182C,noncanonical,other,Dubious,chrVII,157273,157596,-
orf83080,chr7_157906,YGL181W,canonical,conserved,Verified,chrVII,157906,159096,+
orf102270,chr7_159290,NA,noncanonical,denovo,None,chrVII,159290,159463,-
orf91148,chr7_160065,YGL180W,canonical,conserved,Verified,chrVII,160065,162758,+
orf91151,chr7_162981,NA,noncanonical,denovo,None,chrVII,162981,163166,+
orf90559,chr7_16338,NA,noncanonical,other,None,chrVII,16338,16433,+
orf102250,chr7_163409,YGL179C,canonical,conserved,Verified,chrVII,163409,165091,-
orf98065,chr7_165111,NA,noncanonical,denovo,None,chrVII,165111,165176,-
orf98064,chr7_165315,NA,noncanonical,denovo,None,chrVII,165315,165386,-
orf102248,chr7_165851,NA,noncanonical,denovo,None,chrVII,165851,165910,-
orf98061,chr7_165900,NA,noncanonical,denovo,None,chrVII,165900,165947,-
NA,chr7_167352,YGL178W,canonical,conserved,Verified,chrVII,167352,170571,+
orf82630,chr7_16768,NA,noncanonical,other,None,chrVII,16768,16887,+
orf91169,chr7_170721,NA,noncanonical,denovo,None,chrVII,170721,170846,+
orf106281,chr7_171415,YGL176C,canonical,conserved,Uncharacterized,chrVII,171415,173079,-
orf102214,chr7_173084,NA,noncanonical,denovo,None,chrVII,173084,173155,-
orf102211,chr7_173285,YGL175C,canonical,conserved,Verified,chrVII,173285,174322,-
orf98572,chr7_17418,NA,noncanonical,denovo,None,chrVII,17418,17525,-
orf87178,chr7_174545,YGL174W,canonical,conserved,Verified,chrVII,174545,175345,+
orf98014,chr7_175527,YGL173C,canonical,conserved,Verified,chrVII,175527,180113,-
orf83165,chr7_180700,YGL172W,canonical,conserved,Verified,chrVII,180700,182118,+
orf87205,chr7_182390,YGL171W,canonical,conserved,Verified,chrVII,182390,184084,+
orf106247,chr7_184153,YGL170C,canonical,conserved,Verified,chrVII,184153,185394,-
orf83180,chr7_186022,NA,noncanonical,other,None,chrVII,186022,186108,+
orf87213,chr7_186059,YGL169W,canonical,conserved,Verified,chrVII,186059,187339,+
orf102148,chr7_187379,NA,noncanonical,denovo,None,chrVII,187379,187564,-
orf91248,chr7_187464,YGL168W,canonical,conserved,Verified,chrVII,187464,187796,+
orf102147,chr7_187616,YGL167C,canonical,conserved,Verified,chrVII,187616,190468,-
orf90576,chr7_18942,NA,noncanonical,other,None,chrVII,18942,19028,+
orf87224,chr7_191129,YGL166W,canonical,conserved,Verified,chrVII,191129,191806,+
orf106208,chr7_191398,YGL165C,noncanonical,denovo,Dubious,chrVII,191398,191976,-
orf83200,chr7_191806,NA,noncanonical,other,None,chrVII,191806,191898,+
orf102141,chr7_191978,YGL164C,canonical,conserved,Verified,chrVII,191978,193300,-
orf97975,chr7_193707,YGL163C,canonical,conserved,Verified,chrVII,193707,196403,-
orf102828,chr7_19631,NA,noncanonical,denovo,None,chrVII,19631,19696,-
orf106186,chr7_196948,NA,noncanonical,denovo,None,chrVII,196948,197022,-
orf102111,chr7_197309,NA,noncanonical,denovo,None,chrVII,197309,197419,-
orf91283,chr7_198138,YGL162W,canonical,conserved,Verified,chrVII,198138,199037,+
orf97967,chr7_199050,NA,noncanonical,denovo,None,chrVII,199050,199205,-
orf106175,chr7_199210,YGL161C,canonical,conserved,Verified,chrVII,199210,200142,-
orf83235,chr7_199777,NA,noncanonical,denovo,None,chrVII,199777,199956,+
orf91286,chr7_199956,NA,noncanonical,other,None,chrVII,199956,200177,+
orf87253,chr7_200561,YGL160W,canonical,conserved,Verified,chrVII,200561,202273,+
orf87257,chr7_202721,YGL159W,canonical,conserved,Uncharacterized,chrVII,202721,203833,+
orf91308,chr7_204063,NA,noncanonical,other,None,chrVII,204063,204128,+
orf83249,chr7_204241,NA,noncanonical,other,None,chrVII,204241,204321,+
orf83250,chr7_204613,NA,noncanonical,other,None,chrVII,204613,204702,+
orf91322,chr7_207033,YGL158W,canonical,conserved,Verified,chrVII,207033,208571,+
orf82642,chr7_20752,NA,noncanonical,denovo,None,chrVII,20752,20796,+
orf90584,chr7_20808,NA,noncanonical,denovo,None,chrVII,20808,20867,+
orf87281,chr7_209006,YGL157W,canonical,conserved,Verified,chrVII,209006,210049,+
orf86612,chr7_20978,YGL255W,canonical,conserved,Verified,chrVII,20978,22108,+
orf87282,chr7_210416,YGL156W,canonical,conserved,Verified,chrVII,210416,213667,+
orf102040,chr7_212456,NA,noncanonical,denovo,None,chrVII,212456,212641,-
orf83289,chr7_214081,YGL155W,canonical,conserved,Verified,chrVII,214081,215211,+
orf106114,chr7_215278,YGL154C,canonical,conserved,Verified,chrVII,215278,216096,-
orf91376,chr7_216273,YGL153W,canonical,conserved,Verified,chrVII,216273,217298,+
orf102023,chr7_216692,YGL152C,noncanonical,other,Dubious,chrVII,216692,217369,-
orf91378,chr7_217524,YGL151W,canonical,conserved,Verified,chrVII,217524,220922,+
orf106093,chr7_221104,YGL150C,canonical,conserved,Verified,chrVII,221104,225573,-
orf86613,chr7_22127,NA,noncanonical,denovo,None,chrVII,22127,22195,+
orf102820,chr7_22256,NA,noncanonical,other,None,chrVII,22256,22477,-
orf86614,chr7_22304,YGL254W,canonical,conserved,Verified,chrVII,22304,23203,+
orf106091,chr7_225919,NA,noncanonical,denovo,None,chrVII,225919,226089,-
orf97847,chr7_226335,NA,noncanonical,other,None,chrVII,226335,226514,-
orf83341,chr7_226399,YGL148W,canonical,conserved,Verified,chrVII,226399,227529,+
orf83342,chr7_227557,NA,noncanonical,other,None,chrVII,227557,227589,+
orf97838,chr7_227754,YGL147C,canonical,conserved,Verified,chrVII,227754,228329,-
orf106084,chr7_228421,NA,noncanonical,other,None,chrVII,228421,228456,-
orf106083,chr7_228751,YGL146C,canonical,conserved,Uncharacterized,chrVII,228751,229686,-
orf87340,chr7_229352,NA,noncanonical,other,None,chrVII,229352,229660,+
orf102814,chr7_22949,NA,noncanonical,other,None,chrVII,22949,23164,-
orf87342,chr7_230243,YGL145W,canonical,conserved,Verified,chrVII,230243,232348,+
orf106071,chr7_232450,YGL144C,canonical,conserved,Verified,chrVII,232450,234507,-
orf97800,chr7_234717,YGL143C,canonical,conserved,Verified,chrVII,234717,235958,-
orf91436,chr7_236025,NA,noncanonical,denovo,None,chrVII,236025,236153,+
orf106068,chr7_236110,NA,noncanonical,denovo,None,chrVII,236110,236193,-
orf106067,chr7_236269,YGL142C,canonical,conserved,Verified,chrVII,236269,238119,-
orf82654,chr7_23740,NA,noncanonical,other,None,chrVII,23740,23787,+
orf91449,chr7_238353,YGL141W,canonical,conserved,Verified,chrVII,238353,241085,+
orf82655,chr7_23935,YGL253W,canonical,conserved,Verified,chrVII,23935,25395,+
orf101953,chr7_241160,NA,noncanonical,denovo,None,chrVII,241160,241210,-
orf97777,chr7_241353,YGL140C,canonical,conserved,Uncharacterized,chrVII,241353,245012,-
orf83428,chr7_245716,YGL139W,canonical,conserved,Verified,chrVII,245716,248124,+
orf87410,chr7_248288,NA,noncanonical,denovo,None,chrVII,248288,248377,+
orf106038,chr7_248494,YGL138C,canonical,conserved,Uncharacterized,chrVII,248494,249531,-
NA,chr7_249869,YGL137W,canonical,conserved,Verified,chrVII,249869,252738,+
orf101888,chr7_252791,NA,noncanonical,denovo,None,chrVII,252791,252895,-
orf87437,chr7_252794,NA,noncanonical,denovo,None,chrVII,252794,252910,+
orf97738,chr7_252897,YGL136C,canonical,conserved,Verified,chrVII,252897,253859,-
orf91490,chr7_253149,NA,noncanonical,other,None,chrVII,253149,253295,+
orf91492,chr7_253410,NA,noncanonical,denovo,None,chrVII,253410,253568,+
orf82656,chr7_25456,NA,noncanonical,other,None,chrVII,25456,25518,+
orf83449,chr7_254641,YGL135W,canonical,conserved,Verified,chrVII,254641,255294,+
orf83450,chr7_255352,NA,noncanonical,denovo,None,chrVII,255352,255546,+
orf91498,chr7_255663,YGL134W,canonical,conserved,Verified,chrVII,255663,256964,+
orf101867,chr7_257165,NA,noncanonical,other,None,chrVII,257165,257266,-
orf102808,chr7_25718,YGL252C,canonical,conserved,Verified,chrVII,25718,27484,-
orf83461,chr7_257707,YGL133W,canonical,conserved,Verified,chrVII,257707,261501,+
orf97710,chr7_261498,NA,noncanonical,denovo,None,chrVII,261498,261578,-
orf83462,chr7_261580,YGL132W,noncanonical,denovo,Dubious,chrVII,261580,261915,+
orf97709,chr7_261648,YGL131C,canonical,conserved,Verified,chrVII,261648,265859,-
orf101816,chr7_265802,NA,noncanonical,other,None,chrVII,265802,265936,-
orf91533,chr7_266145,YGL130W,canonical,conserved,Verified,chrVII,266145,267524,+
orf97700,chr7_267723,YGL129C,canonical,conserved,Verified,chrVII,267723,269075,-
orf101800,chr7_269075,NA,noncanonical,other,None,chrVII,269075,269188,-
orf105969,chr7_269293,YGL128C,canonical,conserved,Verified,chrVII,269293,270336,-
orf101798,chr7_270392,YGL127C,canonical,conserved,Verified,chrVII,270392,270775,-
orf97688,chr7_270972,NA,noncanonical,other,None,chrVII,270972,271067,-
orf83504,chr7_270997,YGL126W,canonical,conserved,Verified,chrVII,270997,272139,+
orf97683,chr7_271773,NA,noncanonical,other,None,chrVII,271773,272087,-
orf87537,chr7_272312,NA,noncanonical,denovo,None,chrVII,272312,272365,+
orf87538,chr7_272402,NA,noncanonical,other,None,chrVII,272402,272449,+
orf91552,chr7_272520,YGL125W,canonical,conserved,Verified,chrVII,272520,274322,+
orf101792,chr7_272573,NA,noncanonical,other,None,chrVII,272573,272794,-
orf87544,chr7_274427,NA,noncanonical,denovo,None,chrVII,274427,274582,+
orf105956,chr7_274780,YGL124C,canonical,conserved,Verified,chrVII,274780,276714,-
orf91563,chr7_276597,NA,noncanonical,denovo,None,chrVII,276597,276707,+
orf91568,chr7_277617,YGL123W,canonical,conserved,Verified,chrVII,277617,278381,+
orf101763,chr7_278804,NA,noncanonical,other,None,chrVII,278804,278866,-
orf90611,chr7_27882,NA,noncanonical,other,None,chrVII,27882,27980,+
orf97643,chr7_278946,YGL122C,canonical,conserved,Verified,chrVII,278946,280523,-
orf90519,chr7_2790,YGL263W,canonical,conserved,Verified,chrVII,2790,3932,+
NA,chr7_27921,YGL251C,canonical,conserved,Verified,chrVII,27921,31636,-
orf105949,chr7_280777,YGL121C,canonical,conserved,Verified,chrVII,280777,281157,-
orf87566,chr7_280865,NA,noncanonical,other,None,chrVII,280865,281008,+
orf97640,chr7_281163,NA,noncanonical,other,None,chrVII,281163,281279,-
orf97638,chr7_281634,YGL120C,canonical,conserved,Verified,chrVII,281634,283937,-
orf91595,chr7_284442,YGL119W,canonical,conserved,Verified,chrVII,284442,285947,+
orf87600,chr7_288395,NA,noncanonical,denovo,None,chrVII,288395,288487,+
orf87601,chr7_288512,YGL117W,canonical,conserved,Uncharacterized,chrVII,288512,289309,+
orf105914,chr7_288943,NA,noncanonical,other,None,chrVII,288943,289113,-
orf91612,chr7_289809,YGL116W,canonical,conserved,Verified,chrVII,289809,291641,+
orf83575,chr7_292033,YGL115W,canonical,conserved,Verified,chrVII,292033,293001,+
orf101697,chr7_293081,NA,noncanonical,denovo,None,chrVII,293081,293209,-
orf87621,chr7_293201,NA,noncanonical,other,None,chrVII,293201,293275,+
orf91618,chr7_293460,YGL114W,canonical,conserved,Uncharacterized,chrVII,293460,295637,+
orf91620,chr7_295932,YGL113W,canonical,conserved,Verified,chrVII,295932,297938,+
orf101673,chr7_298088,NA,noncanonical,denovo,None,chrVII,298088,298144,-
orf83604,chr7_298090,NA,noncanonical,other,None,chrVII,298090,298161,+
orf101672,chr7_298178,YGL112C,canonical,conserved,Verified,chrVII,298178,299728,-
orf87641,chr7_299978,YGL111W,canonical,conserved,Verified,chrVII,299978,301369,+
orf105851,chr7_301537,YGL110C,canonical,conserved,Verified,chrVII,301537,303411,-
orf105850,chr7_303511,NA,noncanonical,denovo,None,chrVII,303511,303624,-
orf105849,chr7_303649,YGL108C,canonical,conserved,Verified,chrVII,303649,304071,-
orf105847,chr7_304333,YGL107C,canonical,conserved,Verified,chrVII,304333,306273,-
orf87660,chr7_306560,YGL106W,canonical,conserved,Verified,chrVII,306560,307009,+
orf91670,chr7_307437,YGL105W,canonical,conserved,Verified,chrVII,307437,308567,+
orf91671,chr7_308604,NA,noncanonical,denovo,None,chrVII,308604,308651,+
orf105835,chr7_308713,YGL104C,canonical,conserved,Verified,chrVII,308713,310173,-
orf87667,chr7_308840,NA,noncanonical,denovo,None,chrVII,308840,309094,+
orf91680,chr7_309918,NA,noncanonical,denovo,None,chrVII,309918,310079,+
NA,chr7_310967,YGL103W,canonical,conserved,Verified,chrVII,310967,311927,+
orf83661,chr7_311947,NA,noncanonical,other,None,chrVII,311947,311982,+
orf83662,chr7_312193,YGL101W,canonical,conserved,Verified,chrVII,312193,312840,+
orf83663,chr7_312931,NA,noncanonical,denovo,None,chrVII,312931,313107,+
orf83665,chr7_313234,YGL100W,canonical,conserved,Verified,chrVII,313234,314283,+
orf91703,chr7_314631,YGL099W,canonical,conserved,Verified,chrVII,314631,316553,+
orf91705,chr7_316788,NA,noncanonical,denovo,None,chrVII,316788,316832,+
orf83684,chr7_317170,NA,noncanonical,other,None,chrVII,317170,317223,+
orf83685,chr7_317227,NA,noncanonical,other,None,chrVII,317227,317277,+
orf87708,chr7_317342,YGL098W,canonical,conserved,Verified,chrVII,317342,318079,+
orf87709,chr7_318098,NA,noncanonical,denovo,None,chrVII,318098,318163,+
orf83687,chr7_318553,NA,noncanonical,other,None,chrVII,318553,318693,+
orf86654,chr7_31898,YGL250W,canonical,conserved,Verified,chrVII,31898,32635,+
orf83689,chr7_318985,NA,noncanonical,other,None,chrVII,318985,319203,+
orf97484,chr7_319095,NA,noncanonical,other,None,chrVII,319095,319262,-
orf101599,chr7_319799,NA,noncanonical,other,None,chrVII,319799,320122,-
orf83692,chr7_320041,NA,noncanonical,other,None,chrVII,320041,320124,+
orf97478,chr7_320646,NA,noncanonical,other,None,chrVII,320646,320741,-
orf87720,chr7_321782,YGL097W,canonical,conserved,Verified,chrVII,321782,323230,+
orf97468,chr7_323178,NA,noncanonical,other,None,chrVII,323178,323267,-
orf105778,chr7_323515,NA,noncanonical,other,None,chrVII,323515,323679,-
orf97466,chr7_323706,NA,noncanonical,other,None,chrVII,323706,323774,-
orf87725,chr7_323921,NA,noncanonical,other,None,chrVII,323921,324019,+
orf91745,chr7_324216,NA,noncanonical,denovo,None,chrVII,324216,324314,+
orf83706,chr7_324409,NA,noncanonical,denovo,None,chrVII,324409,324525,+
orf87727,chr7_324950,NA,noncanonical,denovo,None,chrVII,324950,325057,+
orf87728,chr7_325133,NA,noncanonical,denovo,None,chrVII,325133,325234,+
orf83708,chr7_325213,NA,noncanonical,denovo,None,chrVII,325213,325290,+
orf87729,chr7_325331,YGL096W,canonical,conserved,Verified,chrVII,325331,326161,+
orf101573,chr7_325520,NA,noncanonical,other,None,chrVII,325520,325714,-
orf87730,chr7_326363,NA,noncanonical,denovo,None,chrVII,326363,326611,+
orf91753,chr7_326592,NA,noncanonical,other,None,chrVII,326592,326669,+
orf90636,chr7_32676,NA,noncanonical,denovo,None,chrVII,32676,32804,+
orf91754,chr7_326805,NA,noncanonical,other,None,chrVII,326805,326852,+
orf83711,chr7_326860,NA,noncanonical,other,None,chrVII,326860,326904,+
orf83712,chr7_327160,NA,noncanonical,other,None,chrVII,327160,327249,+
orf91755,chr7_327594,NA,noncanonical,other,None,chrVII,327594,327644,+
orf83722,chr7_328705,NA,noncanonical,other,None,chrVII,328705,328773,+
orf101559,chr7_328874,YGL095C,canonical,conserved,Verified,chrVII,328874,330607,-
orf98518,chr7_32934,NA,noncanonical,denovo,None,chrVII,32934,33083,-
orf105734,chr7_330970,NA,noncanonical,denovo,None,chrVII,330970,331116,-
orf86656,chr7_33098,YGL249W,canonical,conserved,Verified,chrVII,33098,35212,+
orf101557,chr7_331118,YGL094C,canonical,conserved,Verified,chrVII,331118,334465,-
orf106783,chr7_33316,NA,noncanonical,denovo,None,chrVII,33316,33453,-
orf87764,chr7_334886,YGL093W,canonical,conserved,Verified,chrVII,334886,337639,+
orf83755,chr7_337906,YGL092W,canonical,conserved,Verified,chrVII,337906,341859,+
orf101523,chr7_342056,YGL091C,canonical,conserved,Verified,chrVII,342056,343042,-
orf91821,chr7_342672,NA,noncanonical,other,None,chrVII,342672,342983,+
orf87811,chr7_343319,YGL090W,canonical,conserved,Verified,chrVII,343319,344584,+
orf105679,chr7_344791,YGL089C,canonical,conserved,Verified,chrVII,344791,345153,-
orf87818,chr7_345185,NA,noncanonical,denovo,None,chrVII,345185,345328,+
orf87821,chr7_345836,YGL088W,canonical,conserved,Uncharacterized,chrVII,345836,346201,+
NA,chr7_346406,YGL087C,canonical,conserved,Verified,chrVII,346406,346904,-
orf83774,chr7_347119,YGL086W,canonical,conserved,Verified,chrVII,347119,349368,+
orf106775,chr7_34942,NA,noncanonical,other,None,chrVII,34942,35070,-
orf87847,chr7_349616,YGL085W,canonical,conserved,Uncharacterized,chrVII,349616,350440,+
orf83780,chr7_350488,NA,noncanonical,other,None,chrVII,350488,350556,+
orf101495,chr7_350495,NA,noncanonical,denovo,None,chrVII,350495,350575,-
orf97375,chr7_350616,YGL084C,canonical,conserved,Verified,chrVII,350616,352298,-
orf91874,chr7_353058,YGL083W,canonical,conserved,Verified,chrVII,353058,355472,+
orf82688,chr7_35479,NA,noncanonical,denovo,None,chrVII,35479,35565,+
orf83808,chr7_355726,NA,noncanonical,denovo,None,chrVII,355726,355821,+
orf91876,chr7_355827,YGL082W,canonical,conserved,Uncharacterized,chrVII,355827,356972,+
orf82689,chr7_35653,YGL248W,canonical,conserved,Verified,chrVII,35653,36762,+
orf87869,chr7_357377,YGL081W,canonical,conserved,Uncharacterized,chrVII,357377,358339,+
orf87870,chr7_358478,NA,noncanonical,denovo,None,chrVII,358478,358609,+
orf83824,chr7_358636,YGL080W,canonical,conserved,Verified,chrVII,358636,359028,+
orf101449,chr7_359387,NA,noncanonical,denovo,None,chrVII,359387,359500,-
orf87876,chr7_359444,YGL079W,canonical,conserved,Verified,chrVII,359444,360100,+
orf97349,chr7_360288,YGL078C,canonical,conserved,Verified,chrVII,360288,361859,-
orf91898,chr7_360357,NA,noncanonical,denovo,None,chrVII,360357,360560,+
orf91901,chr7_361725,NA,noncanonical,denovo,None,chrVII,361725,362006,+
orf105631,chr7_362170,NA,noncanonical,other,None,chrVII,362170,362253,-
orf101432,chr7_362225,YGL077C,canonical,conserved,Verified,chrVII,362225,363916,-
orf91909,chr7_363018,NA,noncanonical,other,None,chrVII,363018,363221,+
NA,chr7_364335,YGL076C,canonical,conserved,Verified,chrVII,364335,365996,-
orf105615,chr7_366925,YGL075C,canonical,conserved,Verified,chrVII,366925,368088,-
orf97323,chr7_368328,NA,noncanonical,denovo,None,chrVII,368328,368453,-
orf87912,chr7_368753,YGL073W,canonical,conserved,Verified,chrVII,368753,371254,+
orf102761,chr7_36911,NA,noncanonical,denovo,None,chrVII,36911,37144,-
orf90657,chr7_36933,YGL247W,canonical,conserved,Verified,chrVII,36933,37526,+
orf91954,chr7_372012,YGL071W,canonical,conserved,Verified,chrVII,372012,374084,+
orf101393,chr7_374459,YGL070C,canonical,conserved,Verified,chrVII,374459,374827,-
orf101392,chr7_375050,YGL069C,noncanonical,other,Dubious,chrVII,375050,375514,-
orf91958,chr7_375087,YGL068W,canonical,conserved,Verified,chrVII,375087,375671,+
orf91959,chr7_376101,YGL067W,canonical,conserved,Verified,chrVII,376101,377255,+
orf98497,chr7_37617,YGL246C,canonical,conserved,Verified,chrVII,37617,38780,-
orf87929,chr7_377609,YGL066W,canonical,conserved,Verified,chrVII,377609,379582,+
orf101370,chr7_379760,YGL065C,canonical,conserved,Verified,chrVII,379760,381271,-
orf101369,chr7_381434,NA,noncanonical,other,None,chrVII,381434,381526,-
orf105556,chr7_381523,YGL064C,canonical,conserved,Verified,chrVII,381523,383208,-
orf87941,chr7_382277,NA,noncanonical,other,None,chrVII,382277,382669,+
orf91988,chr7_383349,NA,noncanonical,other,None,chrVII,383349,383495,+
orf97256,chr7_383445,NA,noncanonical,other,None,chrVII,383445,383540,-
orf87947,chr7_383654,YGL063W,canonical,conserved,Verified,chrVII,383654,384766,+
orf91993,chr7_384774,NA,noncanonical,denovo,None,chrVII,384774,384947,+
orf87949,chr7_385196,YGL062W,canonical,conserved,Verified,chrVII,385196,388732,+
orf87950,chr7_388754,NA,noncanonical,other,None,chrVII,388754,388801,+
orf97232,chr7_388968,YGL061C,canonical,conserved,Verified,chrVII,388968,389711,-
orf86678,chr7_38975,YGL245W,canonical,conserved,Verified,chrVII,38975,41149,+
orf87953,chr7_389972,YGL060W,canonical,conserved,Verified,chrVII,389972,391990,+
orf92044,chr7_392223,YGL059W,canonical,conserved,Verified,chrVII,392223,393698,+
orf101316,chr7_393467,NA,noncanonical,other,None,chrVII,393467,393565,-
orf87960,chr7_393986,YGL058W,canonical,conserved,Verified,chrVII,393986,394504,+
orf105512,chr7_394966,YGL057C,canonical,conserved,Verified,chrVII,394966,395829,-
orf101309,chr7_396035,YGL056C,canonical,conserved,Verified,chrVII,396035,397618,-
orf92061,chr7_397938,NA,noncanonical,denovo,None,chrVII,397938,398282,+
orf83975,chr7_398416,NA,noncanonical,other,None,chrVII,398416,398493,+
orf87979,chr7_398477,NA,noncanonical,denovo,None,chrVII,398477,398557,+
orf101303,chr7_398609,NA,noncanonical,denovo,None,chrVII,398609,398701,-
orf92062,chr7_398628,YGL055W,canonical,conserved,Verified,chrVII,398628,400160,+
orf92063,chr7_400353,NA,noncanonical,other,None,chrVII,400353,400550,+
orf101289,chr7_400871,YGL054C,canonical,conserved,Verified,chrVII,400871,401287,-
orf101283,chr7_402047,NA,noncanonical,other,None,chrVII,402047,402175,-
orf83990,chr7_402250,NA,noncanonical,other,None,chrVII,402250,402423,+
orf105487,chr7_402265,NA,noncanonical,other,None,chrVII,402265,402375,-
orf97174,chr7_402579,NA,noncanonical,other,None,chrVII,402579,402686,-
orf83991,chr7_402589,YGL053W,canonical,conserved,Verified,chrVII,402589,403302,+
orf88006,chr7_403289,NA,noncanonical,other,None,chrVII,403289,403405,+
orf97171,chr7_403605,NA,noncanonical,other,None,chrVII,403605,403784,-
orf83993,chr7_403687,YGL051W,canonical,conserved,Verified,chrVII,403687,404391,+
orf92079,chr7_404541,NA,noncanonical,other,None,chrVII,404541,404699,+
orf88017,chr7_405776,YGL050W,canonical,conserved,Verified,chrVII,405776,406597,+
orf92094,chr7_406587,NA,noncanonical,other,None,chrVII,406587,406694,+
orf97151,chr7_406860,YGL049C,canonical,conserved,Verified,chrVII,406860,409604,-
orf101258,chr7_410069,YGL048C,canonical,conserved,Verified,chrVII,410069,411286,-
orf92110,chr7_411552,YGL047W,canonical,conserved,Verified,chrVII,411552,412160,+
orf105452,chr7_412978,NA,noncanonical,other,None,chrVII,412978,413109,-
orf88036,chr7_413003,NA,noncanonical,denovo,None,chrVII,413003,413239,+
orf92118,chr7_414102,YGL045W,canonical,conserved,Verified,chrVII,414102,415730,+
orf86681,chr7_41498,YGL244W,canonical,conserved,Verified,chrVII,41498,43174,+
orf101240,chr7_415997,NA,noncanonical,other,None,chrVII,415997,416116,-
orf105441,chr7_416146,YGL044C,canonical,conserved,Verified,chrVII,416146,417036,-
orf92129,chr7_417483,YGL043W,canonical,conserved,Verified,chrVII,417483,418412,+
orf88051,chr7_418424,NA,noncanonical,denovo,None,chrVII,418424,418510,+
orf97122,chr7_418704,YGL041C-B,canonical,other,Uncharacterized,chrVII,418704,418886,-
orf84050,chr7_418825,YGL041W-A,canonical,conserved,Uncharacterized,chrVII,418825,419289,+
orf97120,chr7_419022,YGL041C,noncanonical,other,Dubious,chrVII,419022,419225,-
orf97119,chr7_419409,NA,noncanonical,other,None,chrVII,419409,419540,-
orf105434,chr7_419527,YGL040C,canonical,conserved,Verified,chrVII,419527,420555,-
orf97111,chr7_421545,NA,noncanonical,denovo,None,chrVII,421545,421694,-
orf105430,chr7_421819,NA,noncanonical,other,None,chrVII,421819,421941,-
orf84061,chr7_422188,NA,noncanonical,other,None,chrVII,422188,422256,+
orf92145,chr7_423450,NA,noncanonical,denovo,None,chrVII,423450,423602,+
orf84067,chr7_423961,YGL039W,canonical,conserved,Verified,chrVII,423961,425007,+
orf101215,chr7_425234,NA,noncanonical,other,None,chrVII,425234,425284,-
orf105419,chr7_425362,YGL038C,canonical,conserved,Verified,chrVII,425362,426804,-
orf92154,chr7_426915,NA,noncanonical,other,None,chrVII,426915,427145,+
orf105418,chr7_427297,YGL037C,canonical,conserved,Verified,chrVII,427297,427947,-
orf97073,chr7_428118,NA,noncanonical,denovo,None,chrVII,428118,428288,-
orf92157,chr7_428601,YGL036W,canonical,conserved,Uncharacterized,chrVII,428601,431330,+
orf101203,chr7_428723,NA,noncanonical,other,None,chrVII,428723,429064,-
orf105403,chr7_431548,YGL035C,canonical,conserved,Verified,chrVII,431548,433062,-
orf106739,chr7_43252,NA,noncanonical,denovo,None,chrVII,43252,43536,-
orf86682,chr7_43307,YGL243W,canonical,conserved,Verified,chrVII,43307,44509,+
orf101187,chr7_433214,YGL034C,canonical,denovo,Uncharacterized,chrVII,433214,433579,-
orf84111,chr7_434134,NA,noncanonical,denovo,None,chrVII,434134,434184,+
NA,chr7_435625,YGL033W,canonical,conserved,Verified,chrVII,435625,436401,+
orf97044,chr7_436515,NA,noncanonical,other,None,chrVII,436515,436580,-
orf105391,chr7_436570,YGL032C,canonical,conserved,Verified,chrVII,436570,436833,-
orf101177,chr7_436835,NA,noncanonical,denovo,None,chrVII,436835,436903,-
orf105387,chr7_437467,YGL031C,canonical,conserved,Verified,chrVII,437467,437934,-
orf97043,chr7_437961,NA,noncanonical,denovo,None,chrVII,437961,438047,-
orf97042,chr7_438120,NA,noncanonical,denovo,None,chrVII,438120,438212,-
orf101170,chr7_438275,NA,noncanonical,denovo,None,chrVII,438275,438319,-
orf84133,chr7_438985,NA,noncanonical,other,None,chrVII,438985,439116,+
NA,chr7_439091,YGL030W,canonical,conserved,Verified,chrVII,439091,439638,+
orf88134,chr7_440063,YGL029W,canonical,conserved,Verified,chrVII,440063,440425,+
orf97026,chr7_441141,NA,noncanonical,other,None,chrVII,441141,441194,-
orf101156,chr7_441203,NA,noncanonical,denovo,None,chrVII,441203,441256,-
orf101155,chr7_441281,YGL028C,canonical,conserved,Verified,chrVII,441281,442909,-
orf105366,chr7_443080,NA,noncanonical,other,None,chrVII,443080,443127,-
orf97024,chr7_443124,NA,noncanonical,denovo,None,chrVII,443124,443195,-
orf97023,chr7_443205,NA,noncanonical,denovo,None,chrVII,443205,443261,-
orf101152,chr7_443642,YGL027C,canonical,conserved,Verified,chrVII,443642,446143,-
orf106734,chr7_44608,NA,noncanonical,other,None,chrVII,44608,44655,-
orf97015,chr7_446412,YGL026C,canonical,conserved,Verified,chrVII,446412,448535,-
orf98475,chr7_44652,YGL242C,canonical,conserved,Verified,chrVII,44652,45197,-
orf97014,chr7_448764,YGL025C,canonical,conserved,Verified,chrVII,448764,450059,-
orf101126,chr7_450197,YGL023C,canonical,conserved,Verified,chrVII,450197,452104,-
orf92228,chr7_451266,NA,noncanonical,other,None,chrVII,451266,451841,+
orf84186,chr7_452404,YGL022W,canonical,conserved,Verified,chrVII,452404,454560,+
orf82713,chr7_45445,YGL241W,canonical,conserved,Verified,chrVII,45445,48459,+
orf88188,chr7_454655,NA,noncanonical,denovo,None,chrVII,454655,454765,+
orf92232,chr7_454785,YGL021W,canonical,conserved,Verified,chrVII,454785,457067,+
orf101107,chr7_457058,NA,noncanonical,denovo,None,chrVII,457058,457150,-
orf101106,chr7_457163,YGL020C,canonical,conserved,Verified,chrVII,457163,457870,-
orf88198,chr7_457865,NA,noncanonical,denovo,None,chrVII,457865,458140,+
orf88199,chr7_458156,YGL019W,canonical,conserved,Verified,chrVII,458156,458992,+
orf101102,chr7_459110,YGL018C,canonical,conserved,Verified,chrVII,459110,459664,-
orf88203,chr7_459854,YGL017W,canonical,conserved,Verified,chrVII,459854,461365,+
orf88205,chr7_461666,YGL016W,canonical,conserved,Verified,chrVII,461666,464911,+
orf105265,chr7_465043,YGL015C,canonical,conserved,Uncharacterized,chrVII,465043,465435,-
orf101085,chr7_465458,NA,noncanonical,other,None,chrVII,465458,465592,-
orf84226,chr7_466141,YGL014W,canonical,conserved,Verified,chrVII,466141,468807,+
orf82574,chr7_4663,NA,noncanonical,other,None,chrVII,4663,4872,+
orf96926,chr7_469092,YGL013C,canonical,conserved,Verified,chrVII,469092,472298,-
orf84238,chr7_472855,YGL012W,canonical,conserved,Verified,chrVII,472855,474276,+
orf105230,chr7_474028,NA,noncanonical,other,None,chrVII,474028,474243,-
orf101037,chr7_474302,NA,noncanonical,denovo,None,chrVII,474302,474436,-
orf96917,chr7_474489,YGL011C,canonical,conserved,Verified,chrVII,474489,475247,-
orf92309,chr7_475545,YGL010W,canonical,conserved,Verified,chrVII,475545,476069,+
orf105221,chr7_476035,NA,noncanonical,other,None,chrVII,476035,476160,-
orf96911,chr7_476313,YGL009C,canonical,conserved,Verified,chrVII,476313,478652,-
orf101004,chr7_479450,NA,noncanonical,other,None,chrVII,479450,479548,-
orf96907,chr7_479766,NA,noncanonical,other,None,chrVII,479766,479810,-
orf96906,chr7_479910,YGL008C,canonical,conserved,Verified,chrVII,479910,482666,-
orf105208,chr7_482941,YGL007C-A,canonical,denovo,Uncharacterized,chrVII,482941,483027,-
orf105206,chr7_483190,NA,noncanonical,denovo,None,chrVII,483190,483336,-
orf88288,chr7_483260,YGL007W,canonical,other,Uncharacterized,chrVII,483260,483637,+
orf84281,chr7_484036,NA,noncanonical,denovo,None,chrVII,484036,484125,+
orf105203,chr7_484117,NA,noncanonical,other,None,chrVII,484117,484266,-
orf105202,chr7_484312,NA,noncanonical,denovo,None,chrVII,484312,484440,-
orf88291,chr7_484352,NA,noncanonical,denovo,None,chrVII,484352,484510,+
orf84284,chr7_484687,NA,noncanonical,denovo,None,chrVII,484687,484896,+
orf82714,chr7_48514,YGL240W,canonical,conserved,Verified,chrVII,48514,49365,+
orf88297,chr7_485921,YGL006W,canonical,conserved,Verified,chrVII,485921,489442,+
orf88298,chr7_489491,NA,noncanonical,denovo,None,chrVII,489491,489544,+
orf96878,chr7_489708,YGL005C,canonical,conserved,Verified,chrVII,489708,490547,-
orf100964,chr7_490541,NA,noncanonical,other,None,chrVII,490541,490600,-
orf100961,chr7_490703,YGL004C,canonical,conserved,Verified,chrVII,490703,491956,-
orf92376,chr7_491943,NA,noncanonical,denovo,None,chrVII,491943,492119,+
orf100958,chr7_492347,NA,noncanonical,denovo,None,chrVII,492347,492406,-
orf96871,chr7_492474,YGL003C,canonical,conserved,Verified,chrVII,492474,494174,-
orf105163,chr7_494197,NA,noncanonical,denovo,None,chrVII,494197,494328,-
orf92389,chr7_494517,YGL002W,canonical,conserved,Verified,chrVII,494517,495167,+
orf100942,chr7_494753,NA,noncanonical,other,None,chrVII,494753,495043,-
orf84307,chr7_495226,NA,noncanonical,other,None,chrVII,495226,495288,+
orf105158,chr7_495397,NA,noncanonical,other,None,chrVII,495397,495453,-
orf96866,chr7_495453,YGL001C,canonical,conserved,Verified,chrVII,495453,496502,-
orf82715,chr7_49552,YGL238W,canonical,conserved,Verified,chrVII,49552,52434,+
NA,chr7_497133,YGR001C,canonical,conserved,Verified,chrVII,497133,498034,-
orf84315,chr7_497254,NA,noncanonical,other,None,chrVII,497254,497382,+
orf84320,chr7_498199,NA,noncanonical,other,None,chrVII,498199,498345,+
orf100921,chr7_498302,NA,noncanonical,denovo,None,chrVII,498302,498391,-
orf105149,chr7_498424,NA,noncanonical,denovo,None,chrVII,498424,498465,-
orf100920,chr7_498476,YGR002C,canonical,conserved,Verified,chrVII,498476,499906,-
orf88344,chr7_500132,YGR003W,canonical,conserved,Verified,chrVII,500132,502366,+
orf92425,chr7_502938,YGR004W,canonical,conserved,Verified,chrVII,502938,504326,+
orf96843,chr7_504657,YGR005C,canonical,conserved,Verified,chrVII,504657,505859,-
orf92428,chr7_506070,YGR006W,canonical,conserved,Verified,chrVII,506070,506825,+
orf88363,chr7_506969,YGR007W,canonical,conserved,Verified,chrVII,506969,507940,+
orf96834,chr7_507867,NA,noncanonical,denovo,None,chrVII,507867,508007,-
orf96833,chr7_508110,YGR008C,canonical,conserved,Verified,chrVII,508110,508364,-
orf96832,chr7_508581,NA,noncanonical,denovo,None,chrVII,508581,508694,-
orf105105,chr7_509047,YGR009C,canonical,conserved,Verified,chrVII,509047,511002,-
orf84373,chr7_511222,NA,noncanonical,denovo,None,chrVII,511222,511410,+
orf92451,chr7_511545,YGR010W,canonical,conserved,Verified,chrVII,511545,512732,+
orf88371,chr7_512825,NA,noncanonical,denovo,None,chrVII,512825,513076,+
orf92454,chr7_513159,YGR012W,canonical,conserved,Verified,chrVII,513159,514340,+
orf92456,chr7_514554,YGR013W,canonical,conserved,Verified,chrVII,514554,516416,+
orf84405,chr7_516943,YGR014W,canonical,conserved,Verified,chrVII,516943,520863,+
orf100803,chr7_521090,YGR015C,canonical,conserved,Uncharacterized,chrVII,521090,522076,-
orf92465,chr7_522261,YGR016W,canonical,conserved,Uncharacterized,chrVII,522261,522833,+
orf105058,chr7_522961,NA,noncanonical,denovo,None,chrVII,522961,523059,-
orf100796,chr7_523175,NA,noncanonical,other,None,chrVII,523175,523240,-
orf105057,chr7_523246,NA,noncanonical,denovo,None,chrVII,523246,523353,-
orf102685,chr7_52343,NA,noncanonical,denovo,None,chrVII,52343,52633,-
orf88406,chr7_523787,YGR017W,canonical,conserved,Uncharacterized,chrVII,523787,524680,+
orf105051,chr7_524365,YGR018C,canonical,denovo,Uncharacterized,chrVII,524365,524694,-
orf88407,chr7_524684,NA,noncanonical,denovo,None,chrVII,524684,524719,+
orf92474,chr7_524712,NA,noncanonical,other,None,chrVII,524712,524762,+
orf100787,chr7_524828,NA,noncanonical,denovo,None,chrVII,524828,524968,-
orf96765,chr7_524961,NA,noncanonical,denovo,None,chrVII,524961,525116,-
orf84424,chr7_525229,YGR019W,canonical,conserved,Verified,chrVII,525229,526644,+
orf100775,chr7_526973,YGR020C,canonical,conserved,Verified,chrVII,526973,527329,-
orf98447,chr7_52731,YGL237C,canonical,conserved,Verified,chrVII,52731,53528,-
orf84429,chr7_527632,YGR021W,canonical,conserved,Uncharacterized,chrVII,527632,528504,+
orf96756,chr7_527715,NA,noncanonical,other,None,chrVII,527715,528053,-
orf84432,chr7_529264,YGR023W,canonical,conserved,Verified,chrVII,529264,530919,+
orf84433,chr7_531013,NA,noncanonical,denovo,None,chrVII,531013,531078,+
orf86541,chr7_5312,YGL262W,canonical,conserved,Uncharacterized,chrVII,5312,5839,+
orf105033,chr7_531883,YGR024C,canonical,conserved,Verified,chrVII,531883,532596,-
orf84440,chr7_532639,YGR025W,canonical,other,Uncharacterized,chrVII,532639,532941,+
orf88435,chr7_532985,YGR026W,canonical,conserved,Uncharacterized,chrVII,532985,533821,+
orf100742,chr7_533693,NA,noncanonical,denovo,None,chrVII,533693,533854,-
orf88436,chr7_533840,NA,noncanonical,denovo,None,chrVII,533840,533950,+
orf96724,chr7_534132,YGR027C,canonical,conserved,Verified,chrVII,534132,534458,-
orf82720,chr7_53527,NA,noncanonical,denovo,None,chrVII,53527,53712,+
orf105022,chr7_535540,NA,noncanonical,other,None,chrVII,535540,535629,-
orf100734,chr7_535673,NA,noncanonical,other,None,chrVII,535673,535738,-
orf88447,chr7_536057,YGR027W-A,canonical,conserved,transposable_element_gene,chrVII,536057,537379,+
orf98446,chr7_53787,YGL236C,canonical,conserved,Verified,chrVII,53787,55796,-
orf84490,chr7_542203,YGR028W,canonical,conserved,Verified,chrVII,542203,543291,+
NA,chr7_543553,YGR029W,canonical,conserved,Verified,chrVII,543553,544205,+
orf96679,chr7_544083,NA,noncanonical,other,None,chrVII,544083,544253,-
orf100693,chr7_544433,NA,noncanonical,denovo,None,chrVII,544433,544504,-
orf100686,chr7_545681,YGR030C,canonical,conserved,Verified,chrVII,545681,546157,-
orf100684,chr7_546404,NA,noncanonical,other,None,chrVII,546404,546532,-
orf92541,chr7_546441,YGR031W,canonical,conserved,Verified,chrVII,546441,547469,+
orf100681,chr7_546809,YGR031C-A,canonical,other,Verified,chrVII,546809,547300,-
orf88492,chr7_548264,YGR032W,canonical,conserved,Verified,chrVII,548264,553951,+
orf82732,chr7_55279,YGL235W,canonical,conserved,Uncharacterized,chrVII,55279,55815,+
orf84538,chr7_553948,NA,noncanonical,other,None,chrVII,553948,554037,+
orf104938,chr7_554050,NA,noncanonical,denovo,None,chrVII,554050,554205,-
orf104937,chr7_554248,YGR033C,canonical,conserved,Verified,chrVII,554248,554967,-
NA,chr7_555812,YGR034W,canonical,conserved,Verified,chrVII,555812,556672,+
orf84550,chr7_556735,NA,noncanonical,denovo,None,chrVII,556735,556773,+
orf100643,chr7_557072,YGR035C,canonical,conserved,Uncharacterized,chrVII,557072,557422,-
orf100640,chr7_558149,YGR036C,canonical,conserved,Verified,chrVII,558149,558868,-
orf104923,chr7_558940,NA,noncanonical,denovo,None,chrVII,558940,559053,-
orf88513,chr7_559229,NA,noncanonical,denovo,None,chrVII,559229,559306,+
orf84562,chr7_559303,NA,noncanonical,other,None,chrVII,559303,559344,+
orf106700,chr7_55966,NA,noncanonical,denovo,None,chrVII,55966,56082,-
orf96615,chr7_559731,YGR037C,canonical,conserved,Verified,chrVII,559731,559994,-
orf84566,chr7_559846,NA,noncanonical,other,None,chrVII,559846,560016,+
orf104918,chr7_560023,NA,noncanonical,other,None,chrVII,560023,560133,-
orf88521,chr7_560486,NA,noncanonical,denovo,None,chrVII,560486,560548,+
orf92610,chr7_560682,YGR038W,canonical,conserved,Verified,chrVII,560682,561350,+
orf84573,chr7_561379,NA,noncanonical,denovo,None,chrVII,561379,561474,+
orf82735,chr7_56482,YGL234W,canonical,conserved,Verified,chrVII,56482,58890,+
orf96596,chr7_566145,YGR038C-A,canonical,conserved,transposable_element_gene,chrVII,566145,567467,-
orf100599,chr7_571970,NA,noncanonical,other,None,chrVII,571970,573136,-
orf84644,chr7_574888,YGR039W,canonical,denovo,Uncharacterized,chrVII,574888,575199,+
orf84645,chr7_575398,YGR040W,canonical,conserved,Verified,chrVII,575398,576504,+
orf96545,chr7_576330,NA,noncanonical,other,None,chrVII,576330,576470,-
orf96543,chr7_576609,NA,noncanonical,denovo,None,chrVII,576609,576767,-
orf88599,chr7_576848,NA,noncanonical,other,None,chrVII,576848,576898,+
orf96541,chr7_577287,NA,noncanonical,denovo,None,chrVII,577287,577394,-
orf88600,chr7_577487,YGR041W,canonical,conserved,Verified,chrVII,577487,579130,+
orf104834,chr7_577792,NA,noncanonical,other,None,chrVII,577792,577962,-
orf96536,chr7_577965,NA,noncanonical,other,None,chrVII,577965,578039,-
orf92691,chr7_579318,NA,noncanonical,denovo,None,chrVII,579318,579404,+
orf88602,chr7_579476,YGR042W,canonical,conserved,Verified,chrVII,579476,580291,+
orf84653,chr7_580333,NA,noncanonical,denovo,None,chrVII,580333,580431,+
orf104825,chr7_580435,YGR043C,canonical,conserved,Verified,chrVII,580435,581436,-
orf88610,chr7_582143,NA,noncanonical,other,None,chrVII,582143,582229,+
orf92706,chr7_582525,NA,noncanonical,denovo,None,chrVII,582525,582614,+
orf100561,chr7_582815,NA,noncanonical,denovo,None,chrVII,582815,582892,-
orf104817,chr7_582913,NA,noncanonical,denovo,None,chrVII,582913,582975,-
orf96511,chr7_582990,YGR044C,canonical,conserved,Verified,chrVII,582990,583892,-
orf100556,chr7_583934,YGR045C,canonical,denovo,Uncharacterized,chrVII,583934,584296,-
orf92716,chr7_584895,YGR046W,canonical,conserved,Verified,chrVII,584895,586052,+
orf96500,chr7_586392,YGR047C,canonical,conserved,Verified,chrVII,586392,589469,-
orf90742,chr7_58923,NA,noncanonical,other,None,chrVII,58923,58970,+
orf88631,chr7_589826,YGR048W,canonical,conserved,Verified,chrVII,589826,590911,+
orf82737,chr7_59122,YGL233W,canonical,conserved,Verified,chrVII,59122,61854,+
orf88632,chr7_591314,YGR049W,canonical,conserved,Verified,chrVII,591314,591877,+
orf96492,chr7_591702,NA,noncanonical,other,None,chrVII,591702,591803,-
orf84695,chr7_591874,NA,noncanonical,other,None,chrVII,591874,591924,+
orf100506,chr7_592052,NA,noncanonical,other,None,chrVII,592052,592111,-
orf96490,chr7_592086,YGR050C,canonical,denovo,Uncharacterized,chrVII,592086,592442,-
orf104784,chr7_592906,YGR051C,noncanonical,denovo,Dubious,chrVII,592906,593229,-
orf84700,chr7_592918,NA,noncanonical,other,None,chrVII,592918,592998,+
orf88635,chr7_593141,NA,noncanonical,denovo,None,chrVII,593141,593209,+
orf92749,chr7_593196,NA,noncanonical,denovo,None,chrVII,593196,593243,+
orf84703,chr7_593596,YGR052W,canonical,conserved,Uncharacterized,chrVII,593596,594705,+
orf100488,chr7_594986,YGR053C,canonical,conserved,Uncharacterized,chrVII,594986,595837,-
orf88653,chr7_596693,YGR054W,canonical,conserved,Verified,chrVII,596693,598621,+
orf84721,chr7_598636,NA,noncanonical,other,None,chrVII,598636,598677,+
orf88655,chr7_599183,NA,noncanonical,denovo,None,chrVII,599183,599275,+
orf88656,chr7_599417,YGR055W,canonical,conserved,Verified,chrVII,599417,601141,+
orf84729,chr7_601186,NA,noncanonical,denovo,None,chrVII,601186,601248,+
orf88658,chr7_601661,YGR056W,canonical,conserved,Verified,chrVII,601661,604447,+
orf88659,chr7_604466,NA,noncanonical,denovo,None,chrVII,604466,604612,+
orf96436,chr7_604773,YGR057C,canonical,conserved,Verified,chrVII,604773,605510,-
orf84740,chr7_605701,NA,noncanonical,denovo,None,chrVII,605701,605817,+
orf84742,chr7_606136,YGR058W,canonical,conserved,Verified,chrVII,606136,607143,+
orf92818,chr7_607563,YGR059W,canonical,conserved,Verified,chrVII,607563,609101,+
orf88688,chr7_609344,NA,noncanonical,denovo,None,chrVII,609344,609589,+
orf88691,chr7_610145,NA,noncanonical,denovo,None,chrVII,610145,610393,+
orf84756,chr7_610564,YGR060W,canonical,conserved,Verified,chrVII,610564,611493,+
orf104695,chr7_611401,NA,noncanonical,denovo,None,chrVII,611401,611505,-
orf84757,chr7_611653,NA,noncanonical,denovo,None,chrVII,611653,611706,+
orf88698,chr7_611711,NA,noncanonical,other,None,chrVII,611711,611779,+
orf96411,chr7_611889,YGR061C,canonical,conserved,Verified,chrVII,611889,615965,-
orf100382,chr7_616328,YGR062C,canonical,conserved,Verified,chrVII,616328,617278,-
orf100380,chr7_617516,YGR063C,canonical,conserved,Verified,chrVII,617516,617824,-
orf88728,chr7_617621,YGR064W,noncanonical,denovo,Dubious,chrVII,617621,617989,+
orf100377,chr7_618077,YGR065C,canonical,conserved,Verified,chrVII,618077,619858,-
NA,chr7_62075,YGL232W,canonical,conserved,Verified,chrVII,62075,63002,+
orf84792,chr7_620755,NA,noncanonical,denovo,None,chrVII,620755,620826,+
orf100370,chr7_620921,YGR066C,canonical,conserved,Verified,chrVII,620921,621799,-
orf84793,chr7_620956,NA,noncanonical,denovo,None,chrVII,620956,621162,+
orf100365,chr7_622292,NA,noncanonical,other,None,chrVII,622292,622372,-
orf104644,chr7_622372,YGR067C,canonical,conserved,Uncharacterized,chrVII,622372,624786,-
orf104642,chr7_625045,NA,noncanonical,denovo,None,chrVII,625045,625122,-
orf104639,chr7_625324,YGR068C,canonical,conserved,Verified,chrVII,625324,627084,-
orf104638,chr7_627412,NA,noncanonical,other,None,chrVII,627412,627504,-
orf92886,chr7_627513,NA,noncanonical,denovo,None,chrVII,627513,627653,+
orf88776,chr7_627806,YGR070W,canonical,conserved,Verified,chrVII,627806,631273,+
orf106680,chr7_62878,NA,noncanonical,other,None,chrVII,62878,63006,-
orf102894,chr7_6290,YGL261C,canonical,conserved,Uncharacterized,chrVII,6290,6652,-
orf98417,chr7_63048,YGL231C,canonical,conserved,Verified,chrVII,63048,63620,-
orf104626,chr7_631345,NA,noncanonical,other,None,chrVII,631345,631491,-
orf100332,chr7_631481,YGR071C,canonical,conserved,Verified,chrVII,631481,634063,-
orf88799,chr7_634304,YGR072W,canonical,conserved,Verified,chrVII,634304,635467,+
orf100328,chr7_635615,YGR073C,noncanonical,other,Dubious,chrVII,635615,635986,-
orf92933,chr7_635712,YGR074W,canonical,conserved,Verified,chrVII,635712,636152,+
orf96324,chr7_636147,YGR075C,canonical,conserved,Verified,chrVII,636147,636875,-
orf88802,chr7_636260,NA,noncanonical,denovo,None,chrVII,636260,636388,+
orf96323,chr7_636963,NA,noncanonical,denovo,None,chrVII,636963,637046,-
orf96322,chr7_637104,YGR076C,canonical,conserved,Verified,chrVII,637104,637577,-
orf106675,chr7_63772,YGL230C,canonical,conserved,Uncharacterized,chrVII,63772,64215,-
orf104599,chr7_637744,YGR077C,canonical,conserved,Verified,chrVII,637744,639513,-
orf104597,chr7_639772,YGR078C,canonical,conserved,Verified,chrVII,639772,640371,-
orf84858,chr7_640720,YGR079W,canonical,conserved,Uncharacterized,chrVII,640720,641832,+
orf84860,chr7_642010,YGR080W,canonical,conserved,Verified,chrVII,642010,643008,+
orf100290,chr7_643148,YGR081C,canonical,conserved,Verified,chrVII,643148,643780,-
orf84865,chr7_644044,YGR082W,canonical,conserved,Verified,chrVII,644044,644595,+
orf96287,chr7_644742,NA,noncanonical,denovo,None,chrVII,644742,644840,-
orf104582,chr7_644860,YGR083C,canonical,conserved,Verified,chrVII,644860,646815,-
orf98412,chr7_64503,YGL229C,canonical,conserved,Verified,chrVII,64503,66959,-
orf100282,chr7_647123,YGR084C,canonical,conserved,Verified,chrVII,647123,648142,-
orf100280,chr7_648383,YGR085C,canonical,conserved,Verified,chrVII,648383,648907,-
orf100278,chr7_649277,NA,noncanonical,denovo,None,chrVII,649277,649363,-
orf96268,chr7_649470,NA,noncanonical,other,None,chrVII,649470,649508,-
orf100277,chr7_649598,YGR086C,canonical,conserved,Verified,chrVII,649598,650617,-
orf96266,chr7_650661,NA,noncanonical,denovo,None,chrVII,650661,650921,-
orf88860,chr7_651077,NA,noncanonical,denovo,None,chrVII,651077,651166,+
orf100275,chr7_651290,YGR087C,canonical,conserved,Verified,chrVII,651290,652981,-
orf84897,chr7_653518,NA,noncanonical,denovo,None,chrVII,653518,653664,+
orf84898,chr7_653674,NA,noncanonical,other,None,chrVII,653674,653844,+
orf84903,chr7_654601,YGR088W,canonical,conserved,Verified,chrVII,654601,656322,+
orf88885,chr7_656960,YGR089W,canonical,conserved,Verified,chrVII,656960,659770,+
orf88888,chr7_660176,NA,noncanonical,other,None,chrVII,660176,660277,+
orf84915,chr7_660631,NA,noncanonical,denovo,None,chrVII,660631,660690,+
orf104515,chr7_660901,NA,noncanonical,other,None,chrVII,660901,661077,-
orf84919,chr7_660916,NA,noncanonical,other,None,chrVII,660916,661146,+
orf104514,chr7_661165,NA,noncanonical,denovo,None,chrVII,661165,661365,-
orf88894,chr7_661295,NA,noncanonical,other,None,chrVII,661295,661426,+
orf93028,chr7_662358,YGR090W,canonical,conserved,Verified,chrVII,662358,666071,+
orf88902,chr7_666341,YGR091W,canonical,conserved,Verified,chrVII,666341,667825,+
orf88904,chr7_668189,YGR092W,canonical,conserved,Verified,chrVII,668189,669907,+
orf88906,chr7_670388,YGR093W,canonical,conserved,Verified,chrVII,670388,671911,+
orf93071,chr7_672186,YGR094W,canonical,conserved,Verified,chrVII,672186,675500,+
orf100189,chr7_675671,YGR095C,canonical,conserved,Verified,chrVII,675671,676441,-
orf86837,chr7_67598,YGL228W,canonical,conserved,Verified,chrVII,67598,69331,+
orf96166,chr7_676587,NA,noncanonical,other,None,chrVII,676587,676739,-
orf84984,chr7_676621,YGR096W,canonical,conserved,Verified,chrVII,676621,677565,+
orf96164,chr7_676884,NA,noncanonical,other,None,chrVII,676884,677003,-
orf96163,chr7_677010,NA,noncanonical,other,None,chrVII,677010,677153,-
orf88923,chr7_677531,NA,noncanonical,other,None,chrVII,677531,677641,+
orf104443,chr7_677899,NA,noncanonical,denovo,None,chrVII,677899,678051,-
orf100182,chr7_678305,NA,noncanonical,denovo,None,chrVII,678305,678409,-
orf88926,chr7_678695,YGR097W,canonical,conserved,Verified,chrVII,678695,682135,+
orf93105,chr7_682179,NA,noncanonical,other,None,chrVII,682179,682229,+
orf96140,chr7_682566,YGR098C,canonical,conserved,Verified,chrVII,682566,687458,-
orf88951,chr7_687899,YGR099W,canonical,conserved,Verified,chrVII,687899,689965,+
orf88952,chr7_690245,YGR100W,canonical,conserved,Verified,chrVII,690245,693097,+
orf100108,chr7_693203,NA,noncanonical,other,None,chrVII,693203,693364,-
orf82772,chr7_69331,NA,noncanonical,other,None,chrVII,69331,69471,+
orf93181,chr7_693363,YGR101W,canonical,conserved,Verified,chrVII,693363,694403,+
orf96107,chr7_694584,YGR102C,canonical,conserved,Verified,chrVII,694584,695135,-
orf88964,chr7_695417,YGR103W,canonical,conserved,Verified,chrVII,695417,697234,+
orf86839,chr7_69671,YGL227W,canonical,conserved,Verified,chrVII,69671,72547,+
orf100095,chr7_697445,YGR104C,canonical,conserved,Verified,chrVII,697445,698368,-
orf85045,chr7_698599,YGR105W,canonical,conserved,Verified,chrVII,698599,698832,+
orf85046,chr7_698908,NA,noncanonical,denovo,None,chrVII,698908,698985,+
orf104373,chr7_698989,YGR106C,canonical,conserved,Verified,chrVII,698989,699786,-
orf96090,chr7_699882,NA,noncanonical,denovo,None,chrVII,699882,700028,-
orf88978,chr7_700238,NA,noncanonical,other,None,chrVII,700238,700318,+
orf104368,chr7_701164,NA,noncanonical,other,None,chrVII,701164,701235,-
orf96087,chr7_701268,NA,noncanonical,other,None,chrVII,701268,701483,-
orf85055,chr7_701278,NA,noncanonical,other,None,chrVII,701278,701583,+
orf104367,chr7_701656,NA,noncanonical,other,None,chrVII,701656,701724,-
orf96084,chr7_701985,NA,noncanonical,other,None,chrVII,701985,702131,-
orf85062,chr7_703636,YGR108W,canonical,conserved,Verified,chrVII,703636,705051,+
orf100067,chr7_705359,YGR109C,canonical,conserved,Verified,chrVII,705359,706501,-
orf93240,chr7_707610,YGR109W-A,canonical,conserved,transposable_element_gene,chrVII,707610,708482,+
orf85075,chr7_708556,NA,noncanonical,other,None,chrVII,708556,712254,+
orf85080,chr7_712786,NA,noncanonical,other,None,chrVII,712786,712854,+
orf96026,chr7_713115,NA,noncanonical,other,None,chrVII,713115,713189,-
orf93254,chr7_713709,YGR110W,canonical,conserved,Verified,chrVII,713709,715046,+
orf100023,chr7_715520,NA,noncanonical,other,None,chrVII,715520,715570,-
orf85095,chr7_715828,YGR111W,canonical,conserved,Uncharacterized,chrVII,715828,717030,+
orf85097,chr7_717358,YGR112W,canonical,conserved,Verified,chrVII,717358,718527,+
orf85098,chr7_718639,NA,noncanonical,denovo,None,chrVII,718639,718749,+
orf93263,chr7_718893,YGR113W,canonical,conserved,Verified,chrVII,718893,719924,+
orf85107,chr7_719977,NA,noncanonical,other,None,chrVII,719977,720030,+
orf89077,chr7_720095,NA,noncanonical,denovo,None,chrVII,720095,720166,+
orf85111,chr7_720409,YGR116W,canonical,conserved,Verified,chrVII,720409,724764,+
orf99993,chr7_724838,NA,noncanonical,other,None,chrVII,724838,725059,-
orf95975,chr7_725049,YGR117C,canonical,conserved,Uncharacterized,chrVII,725049,726479,-
orf106651,chr7_72595,NA,noncanonical,denovo,None,chrVII,72595,72681,-
orf98393,chr7_72678,NA,noncanonical,other,None,chrVII,72678,72716,-
NA,chr7_726974,YGR118W,canonical,conserved,Verified,chrVII,726974,727730,+
NA,chr7_72749,YGL226C-A,canonical,conserved,Verified,chrVII,72749,73158,-
orf93279,chr7_727776,NA,noncanonical,denovo,None,chrVII,727776,727811,+
orf104260,chr7_727855,NA,noncanonical,denovo,None,chrVII,727855,728028,-
orf95967,chr7_728046,YGR119C,canonical,conserved,Verified,chrVII,728046,729671,-
orf104258,chr7_730033,YGR120C,canonical,conserved,Verified,chrVII,730033,730860,-
orf93286,chr7_730059,NA,noncanonical,other,None,chrVII,730059,730229,+
orf104255,chr7_731449,YGR121C,canonical,conserved,Verified,chrVII,731449,732927,-
orf89136,chr7_731879,NA,noncanonical,other,None,chrVII,731879,731980,+
orf99959,chr7_733043,NA,noncanonical,denovo,None,chrVII,733043,733141,-
orf99958,chr7_733148,NA,noncanonical,other,None,chrVII,733148,733267,-
orf104252,chr7_733264,NA,noncanonical,other,None,chrVII,733264,733446,-
orf86842,chr7_73340,YGL226W,canonical,conserved,Verified,chrVII,73340,73711,+
orf89145,chr7_733412,YGR121W-A,canonical,other,Uncharacterized,chrVII,733412,733627,+
orf93300,chr7_733935,YGR122W,canonical,conserved,Verified,chrVII,733935,735143,+
orf93302,chr7_735294,NA,noncanonical,other,None,chrVII,735294,735422,+
orf95935,chr7_735630,YGR122C-A,noncanonical,other,Dubious,chrVII,735630,735758,-
orf99950,chr7_735791,NA,noncanonical,other,None,chrVII,735791,735895,-
orf95934,chr7_735888,NA,noncanonical,denovo,None,chrVII,735888,735956,-
orf85167,chr7_736354,NA,noncanonical,other,None,chrVII,736354,736485,+
orf95927,chr7_736662,YGR123C,canonical,conserved,Verified,chrVII,736662,738203,-
orf85176,chr7_738544,NA,noncanonical,other,None,chrVII,738544,738600,+
orf89165,chr7_739262,NA,noncanonical,denovo,None,chrVII,739262,739381,+
orf85183,chr7_739522,NA,noncanonical,other,None,chrVII,739522,739617,+
orf93322,chr7_739944,YGR124W,canonical,conserved,Verified,chrVII,739944,741662,+
orf106644,chr7_74032,NA,noncanonical,denovo,None,chrVII,74032,74091,-
orf102596,chr7_74081,NA,noncanonical,other,None,chrVII,74081,74122,-
orf85193,chr7_741745,NA,noncanonical,denovo,None,chrVII,741745,741783,+
orf89174,chr7_742325,YGR125W,canonical,conserved,Uncharacterized,chrVII,742325,745435,+
orf85206,chr7_745432,NA,noncanonical,other,None,chrVII,745432,745509,+
orf89176,chr7_745835,YGR126W,canonical,conserved,Uncharacterized,chrVII,745835,746527,+
orf82791,chr7_74635,NA,noncanonical,other,None,chrVII,74635,74814,+
orf89178,chr7_746798,YGR127W,canonical,conserved,Uncharacterized,chrVII,746798,747736,+
orf93367,chr7_747828,NA,noncanonical,denovo,None,chrVII,747828,747875,+
orf99888,chr7_747950,YGR128C,canonical,conserved,Verified,chrVII,747950,750091,-
orf90815,chr7_74811,NA,noncanonical,other,None,chrVII,74811,74888,+
orf85226,chr7_750400,YGR129W,canonical,conserved,Verified,chrVII,750400,751047,+
orf86848,chr7_75047,NA,noncanonical,other,None,chrVII,75047,75103,+
orf82792,chr7_75100,NA,noncanonical,other,None,chrVII,75100,75177,+
orf99884,chr7_751202,NA,noncanonical,denovo,None,chrVII,751202,751255,-
orf99883,chr7_751394,YGR130C,canonical,conserved,Verified,chrVII,751394,753844,-
orf82793,chr7_75265,NA,noncanonical,other,None,chrVII,75265,75381,+
orf99882,chr7_753878,NA,noncanonical,denovo,None,chrVII,753878,754003,-
orf99881,chr7_754145,NA,noncanonical,denovo,None,chrVII,754145,754324,-
orf89208,chr7_754361,NA,noncanonical,denovo,None,chrVII,754361,754492,+
orf85237,chr7_754528,NA,noncanonical,denovo,None,chrVII,754528,754584,+
orf93390,chr7_754635,NA,noncanonical,other,None,chrVII,754635,754745,+
orf85239,chr7_754726,YGR131W,canonical,conserved,Verified,chrVII,754726,755250,+
orf95862,chr7_755589,YGR132C,canonical,conserved,Verified,chrVII,755589,756452,-
orf104152,chr7_756583,NA,noncanonical,denovo,None,chrVII,756583,756642,-
orf89218,chr7_756896,YGR133W,canonical,conserved,Verified,chrVII,756896,757447,+
orf93404,chr7_757770,YGR134W,canonical,conserved,Verified,chrVII,757770,761138,+
orf85284,chr7_761392,YGR135W,canonical,conserved,Verified,chrVII,761392,762168,+
orf89238,chr7_762428,YGR136W,canonical,conserved,Verified,chrVII,762428,763153,+
orf104123,chr7_763762,YGR138C,canonical,conserved,Verified,chrVII,763762,765606,-
orf104120,chr7_766567,NA,noncanonical,denovo,None,chrVII,766567,766758,-
orf89255,chr7_766571,NA,noncanonical,denovo,None,chrVII,766571,766795,+
orf89257,chr7_767429,YGR140W,canonical,conserved,Verified,chrVII,767429,770299,+
orf82801,chr7_76894,YGL225W,canonical,conserved,Verified,chrVII,76894,77907,+
orf95803,chr7_770079,NA,noncanonical,other,None,chrVII,770079,770267,-
orf85307,chr7_770569,YGR141W,canonical,conserved,Verified,chrVII,770569,771972,+
orf104105,chr7_771049,NA,noncanonical,other,None,chrVII,771049,771261,-
orf95798,chr7_771693,NA,noncanonical,other,None,chrVII,771693,771950,-
orf93453,chr7_772284,NA,noncanonical,denovo,None,chrVII,772284,772340,+
orf89272,chr7_772454,YGR142W,canonical,conserved,Verified,chrVII,772454,773686,+
orf85311,chr7_773686,NA,noncanonical,other,None,chrVII,773686,773739,+
orf89279,chr7_775193,YGR143W,canonical,conserved,Verified,chrVII,775193,777508,+
orf93485,chr7_777636,NA,noncanonical,denovo,None,chrVII,777636,777866,+
orf90825,chr7_77904,NA,noncanonical,other,None,chrVII,77904,78002,+
orf89289,chr7_779759,NA,noncanonical,denovo,None,chrVII,779759,779947,+
orf93493,chr7_780087,NA,noncanonical,denovo,None,chrVII,780087,780161,+
orf98371,chr7_78015,YGL224C,canonical,conserved,Verified,chrVII,78015,78857,-
orf93495,chr7_780399,YGR144W,canonical,conserved,Verified,chrVII,780399,781379,+
orf93498,chr7_781767,YGR145W,canonical,conserved,Verified,chrVII,781767,783890,+
orf99753,chr7_784133,NA,noncanonical,other,None,chrVII,784133,784174,-
orf99752,chr7_784223,YGR146C,canonical,conserved,Verified,chrVII,784223,784858,-
orf86864,chr7_78425,NA,noncanonical,denovo,None,chrVII,78425,78619,+
orf99751,chr7_785276,YGR146C-A,canonical,denovo,Uncharacterized,chrVII,785276,785437,-
orf85369,chr7_785500,NA,noncanonical,denovo,None,chrVII,785500,785724,+
orf95744,chr7_786054,YGR147C,canonical,conserved,Verified,chrVII,786054,786920,-
orf85372,chr7_786109,NA,noncanonical,other,None,chrVII,786109,786438,+
orf104042,chr7_787312,YGR148C,canonical,conserved,Verified,chrVII,787312,787779,-
orf90828,chr7_78777,NA,noncanonical,other,None,chrVII,78777,78866,+
orf85377,chr7_787849,NA,noncanonical,denovo,None,chrVII,787849,788076,+
orf99744,chr7_787880,NA,noncanonical,denovo,None,chrVII,787880,788011,-
orf89319,chr7_788312,NA,noncanonical,denovo,None,chrVII,788312,788506,+
orf106628,chr7_78847,NA,noncanonical,other,None,chrVII,78847,78894,-
orf86867,chr7_78869,NA,noncanonical,other,None,chrVII,78869,78931,+
orf89320,chr7_788762,NA,noncanonical,other,None,chrVII,788762,788818,+
orf93515,chr7_788811,NA,noncanonical,denovo,None,chrVII,788811,788879,+
orf85381,chr7_789031,YGR149W,canonical,conserved,Verified,chrVII,789031,790329,+
orf104030,chr7_790459,YGR150C,canonical,conserved,Verified,chrVII,790459,793053,-
orf102566,chr7_79112,YGL223C,canonical,conserved,Verified,chrVII,79112,80365,-
orf104023,chr7_794674,YGR152C,canonical,conserved,Verified,chrVII,794674,795492,-
orf86869,chr7_79505,NA,noncanonical,other,None,chrVII,79505,79693,+
orf93542,chr7_796092,YGR153W,canonical,conserved,Uncharacterized,chrVII,796092,796745,+
orf99716,chr7_796154,NA,noncanonical,other,None,chrVII,796154,796348,-
orf104020,chr7_796798,YGR154C,canonical,conserved,Verified,chrVII,796798,797868,-
orf89357,chr7_797282,NA,noncanonical,denovo,None,chrVII,797282,797488,+
orf89364,chr7_798287,NA,noncanonical,denovo,None,chrVII,798287,798394,+
orf93550,chr7_798543,YGR155W,canonical,conserved,Verified,chrVII,798543,800066,+
orf104013,chr7_800257,NA,noncanonical,other,None,chrVII,800257,800388,-
orf89368,chr7_800546,YGR156W,canonical,conserved,Verified,chrVII,800546,801823,+
orf99697,chr7_801266,NA,noncanonical,denovo,None,chrVII,801266,801409,-
orf93557,chr7_801924,NA,noncanonical,denovo,None,chrVII,801924,802088,+
orf89370,chr7_802127,NA,noncanonical,denovo,None,chrVII,802127,802261,+
orf93558,chr7_802440,YGR157W,canonical,conserved,Verified,chrVII,802440,805049,+
orf99686,chr7_805097,NA,noncanonical,denovo,None,chrVII,805097,805165,-
orf95650,chr7_805269,YGR158C,canonical,conserved,Verified,chrVII,805269,806021,-
orf95646,chr7_806412,YGR159C,canonical,conserved,Verified,chrVII,806412,807656,-
orf106617,chr7_80659,YGL222C,canonical,conserved,Verified,chrVII,80659,81186,-
orf103990,chr7_807658,NA,noncanonical,other,None,chrVII,807658,807921,-
orf103987,chr7_808495,NA,noncanonical,other,None,chrVII,808495,808551,-
orf95644,chr7_808629,YGR161C,canonical,conserved,Uncharacterized,chrVII,808629,809420,-
orf93575,chr7_809970,NA,noncanonical,other,None,chrVII,809970,810098,+
orf89402,chr7_810227,YGR161W-C,canonical,conserved,Uncharacterized,chrVII,810227,810505,+
orf93578,chr7_810513,NA,noncanonical,denovo,None,chrVII,810513,810665,+
orf85471,chr7_810643,NA,noncanonical,denovo,None,chrVII,810643,810729,+
orf103979,chr7_810721,NA,noncanonical,denovo,None,chrVII,810721,810771,-
orf95639,chr7_810795,NA,noncanonical,other,None,chrVII,810795,810872,-
orf85474,chr7_811177,NA,noncanonical,other,None,chrVII,811177,811260,+
orf93582,chr7_811257,NA,noncanonical,other,None,chrVII,811257,811328,+
orf85475,chr7_811318,NA,noncanonical,other,None,chrVII,811318,811380,+
orf98361,chr7_81426,YGL221C,canonical,conserved,Verified,chrVII,81426,82292,-
orf95571,chr7_823404,NA,noncanonical,other,None,chrVII,823404,823556,-
orf90841,chr7_82374,YGL220W,canonical,conserved,Verified,chrVII,82374,82736,+
orf85523,chr7_824059,YGR162W,canonical,conserved,Verified,chrVII,824059,826917,+
orf89468,chr7_827552,YGR163W,canonical,conserved,Verified,chrVII,827552,828577,+
orf103916,chr7_828544,NA,noncanonical,other,None,chrVII,828544,828780,-
orf98358,chr7_82878,YGL219C,canonical,conserved,Verified,chrVII,82878,84257,-
orf93681,chr7_829116,YGR165W,canonical,conserved,Verified,chrVII,829116,830153,+
orf85542,chr7_830515,YGR166W,canonical,conserved,Verified,chrVII,830515,832197,+
orf103905,chr7_831880,NA,noncanonical,denovo,None,chrVII,831880,831984,-
orf85543,chr7_832456,YGR167W,canonical,conserved,Verified,chrVII,832456,833157,+
orf85544,chr7_833158,NA,noncanonical,denovo,None,chrVII,833158,833247,+
orf95536,chr7_833352,YGR168C,canonical,conserved,Uncharacterized,chrVII,833352,834482,-
orf85547,chr7_833881,NA,noncanonical,denovo,None,chrVII,833881,834174,+
orf99555,chr7_834689,YGR169C,canonical,conserved,Verified,chrVII,834689,835903,-
orf99553,chr7_835973,NA,noncanonical,denovo,None,chrVII,835973,836071,-
orf95527,chr7_836181,NA,noncanonical,denovo,None,chrVII,836181,836252,-
orf99550,chr7_836387,YGR169C-A,canonical,conserved,Verified,chrVII,836387,836665,-
orf82825,chr7_83650,YGL218W,noncanonical,other,Dubious,chrVII,83650,84300,+
orf85560,chr7_837142,YGR170W,canonical,conserved,Verified,chrVII,837142,840558,+
orf85562,chr7_840679,NA,noncanonical,denovo,None,chrVII,840679,840792,+
orf99521,chr7_840824,YGR171C,canonical,conserved,Verified,chrVII,840824,842551,-
orf103844,chr7_842845,YGR172C,canonical,conserved,Verified,chrVII,842845,843591,-
orf89553,chr7_843854,YGR173W,canonical,conserved,Verified,chrVII,843854,844960,+
orf95493,chr7_845121,NA,noncanonical,other,None,chrVII,845121,845324,-
orf103835,chr7_845893,YGR174C,canonical,conserved,Verified,chrVII,845893,846405,-
orf89560,chr7_846404,NA,noncanonical,denovo,None,chrVII,846404,846478,+
orf85589,chr7_846655,YGR174W-A,canonical,denovo,Uncharacterized,chrVII,846655,846741,+
orf95485,chr7_846933,YGR175C,canonical,conserved,Verified,chrVII,846933,848423,-
orf82588,chr7_8470,YGL259W,canonical,conserved,Uncharacterized,chrVII,8470,8967,+
orf95483,chr7_848829,YGR177C,canonical,conserved,Verified,chrVII,848829,850436,-
orf90848,chr7_84885,YGL216W,canonical,conserved,Verified,chrVII,84885,87302,+
orf85613,chr7_851002,NA,noncanonical,other,None,chrVII,851002,851166,+
orf103828,chr7_851047,YGR178C,canonical,conserved,Verified,chrVII,851047,853215,-
orf93763,chr7_853389,NA,noncanonical,denovo,None,chrVII,853389,853631,+
orf103827,chr7_853531,NA,noncanonical,denovo,None,chrVII,853531,853641,-
orf103826,chr7_853675,YGR179C,canonical,conserved,Verified,chrVII,853675,854895,-
orf95448,chr7_855264,YGR180C,canonical,conserved,Verified,chrVII,855264,856301,-
orf89595,chr7_858287,YGR181W,canonical,conserved,Verified,chrVII,858287,858604,+
orf93779,chr7_858543,NA,noncanonical,other,None,chrVII,858543,858770,+
orf99474,chr7_858551,YGR182C,noncanonical,denovo,Dubious,chrVII,858551,858904,-
orf103810,chr7_858937,NA,noncanonical,other,None,chrVII,858937,859053,-
NA,chr7_859063,YGR183C,canonical,conserved,Verified,chrVII,859063,859476,-
orf89602,chr7_859601,NA,noncanonical,other,None,chrVII,859601,859804,+
orf99469,chr7_859901,YGR184C,canonical,conserved,Verified,chrVII,859901,865753,-
orf99468,chr7_866336,YGR185C,canonical,conserved,Verified,chrVII,866336,867520,-
orf93826,chr7_867774,YGR186W,canonical,conserved,Verified,chrVII,867774,869981,+
orf103742,chr7_870232,YGR187C,canonical,conserved,Verified,chrVII,870232,871416,-
orf103739,chr7_872044,YGR188C,canonical,conserved,Verified,chrVII,872044,875109,-
orf95366,chr7_876669,YGR189C,canonical,conserved,Verified,chrVII,876669,878192,-
orf90850,chr7_87981,YGL215W,canonical,conserved,Verified,chrVII,87981,89339,+
orf93863,chr7_879930,NA,noncanonical,denovo,None,chrVII,879930,880007,+
orf85746,chr7_880420,YGR191W,canonical,conserved,Verified,chrVII,880420,882231,+
orf93870,chr7_882447,NA,noncanonical,other,None,chrVII,882447,882545,+
orf85749,chr7_882619,NA,noncanonical,denovo,None,chrVII,882619,882732,+
orf99409,chr7_882812,YGR192C,canonical,conserved,Verified,chrVII,882812,883810,-
orf93877,chr7_883704,NA,noncanonical,other,None,chrVII,883704,883859,+
orf89699,chr7_884069,NA,noncanonical,other,None,chrVII,884069,884173,+
orf103695,chr7_884509,YGR193C,canonical,conserved,Verified,chrVII,884509,885741,-
orf99401,chr7_886073,YGR194C,canonical,conserved,Verified,chrVII,886073,887875,-
orf93902,chr7_888726,NA,noncanonical,other,None,chrVII,888726,888815,+
orf93903,chr7_888882,YGR195W,canonical,conserved,Verified,chrVII,888882,889622,+
orf99394,chr7_889733,YGR196C,canonical,conserved,Verified,chrVII,889733,892186,-
orf103656,chr7_892345,NA,noncanonical,other,None,chrVII,892345,892497,-
orf95316,chr7_892497,YGR197C,canonical,conserved,Verified,chrVII,892497,894140,-
orf85803,chr7_894103,NA,noncanonical,other,None,chrVII,894103,894207,+
orf89740,chr7_894356,NA,noncanonical,other,None,chrVII,894356,894472,+
orf82855,chr7_89440,NA,noncanonical,denovo,None,chrVII,89440,89541,+
orf89741,chr7_894599,NA,noncanonical,other,None,chrVII,894599,894700,+
orf93918,chr7_894693,YGR198W,canonical,conserved,Verified,chrVII,894693,897146,+
orf89745,chr7_897185,NA,noncanonical,denovo,None,chrVII,897185,897280,+
orf82856,chr7_89725,NA,noncanonical,denovo,None,chrVII,89725,89856,+
orf85827,chr7_897502,YGR199W,canonical,conserved,Verified,chrVII,897502,899781,+
orf85828,chr7_899839,NA,noncanonical,denovo,None,chrVII,899839,900072,+
orf95299,chr7_899904,YGR200C,canonical,conserved,Verified,chrVII,899904,902270,-
orf82858,chr7_90010,YGL214W,noncanonical,other,Dubious,chrVII,90010,90495,+
orf98333,chr7_90054,YGL213C,canonical,conserved,Verified,chrVII,90054,91247,-
orf95297,chr7_902520,YGR201C,canonical,conserved,Uncharacterized,chrVII,902520,903344,-
orf85839,chr7_902527,NA,noncanonical,other,None,chrVII,902527,902757,+
orf85840,chr7_902767,NA,noncanonical,other,None,chrVII,902767,902979,+
orf93936,chr7_902967,NA,noncanonical,denovo,None,chrVII,902967,903128,+
orf95295,chr7_903474,YGR202C,canonical,conserved,Verified,chrVII,903474,904748,-
orf93938,chr7_904401,NA,noncanonical,other,None,chrVII,904401,904682,+
orf99323,chr7_905012,NA,noncanonical,denovo,None,chrVII,905012,905164,-
orf89782,chr7_905075,NA,noncanonical,other,None,chrVII,905075,905185,+
orf89783,chr7_905237,YGR203W,canonical,conserved,Verified,chrVII,905237,905683,+
orf93942,chr7_905934,YGR204W,canonical,conserved,Verified,chrVII,905934,908774,+
orf89788,chr7_908834,NA,noncanonical,denovo,None,chrVII,908834,908890,+
orf103598,chr7_909061,YGR204C-A,canonical,other,Uncharacterized,chrVII,909061,909174,-
orf93945,chr7_909213,YGR205W,canonical,conserved,Verified,chrVII,909213,910085,+
orf85877,chr7_910432,YGR206W,canonical,conserved,Verified,chrVII,910432,910737,+
orf85878,chr7_910759,NA,noncanonical,denovo,None,chrVII,910759,910797,+
orf103593,chr7_910843,YGR207C,canonical,conserved,Verified,chrVII,910843,911628,-
orf93949,chr7_911883,YGR208W,canonical,conserved,Verified,chrVII,911883,912812,+
orf103589,chr7_912913,YGR209C,canonical,conserved,Verified,chrVII,912913,913227,-
orf95265,chr7_913503,YGR210C,canonical,conserved,Uncharacterized,chrVII,913503,914738,-
orf85889,chr7_913537,NA,noncanonical,other,None,chrVII,913537,913785,+
orf85891,chr7_914230,NA,noncanonical,other,None,chrVII,914230,914403,+
orf82862,chr7_91432,YGL212W,canonical,conserved,Verified,chrVII,91432,92382,+
orf89812,chr7_914639,NA,noncanonical,denovo,None,chrVII,914639,914896,+
orf90543,chr7_9150,YGL258W-A,canonical,conserved,Uncharacterized,chrVII,9150,9395,+
orf85893,chr7_915097,NA,noncanonical,denovo,None,chrVII,915097,915222,+
orf85894,chr7_915241,YGR211W,canonical,conserved,Verified,chrVII,915241,916701,+
orf89821,chr7_916781,NA,noncanonical,denovo,None,chrVII,916781,916816,+
orf93957,chr7_917040,YGR212W,canonical,conserved,Verified,chrVII,917040,918446,+
orf99262,chr7_918512,YGR213C,canonical,conserved,Verified,chrVII,918512,919465,-
orf93959,chr7_918807,NA,noncanonical,other,None,chrVII,918807,918920,+
orf99261,chr7_919568,NA,noncanonical,denovo,None,chrVII,919568,919741,-
orf99260,chr7_919760,NA,noncanonical,denovo,None,chrVII,919760,919888,-
orf93968,chr7_920472,NA,noncanonical,other,None,chrVII,920472,920597,+
NA,chr7_920575,YGR214W,canonical,conserved,Verified,chrVII,920575,921788,+
orf89842,chr7_922175,YGR215W,canonical,conserved,Verified,chrVII,922175,922507,+
orf103546,chr7_922633,YGR216C,canonical,conserved,Verified,chrVII,922633,924462,-
orf93992,chr7_924696,YGR217W,canonical,conserved,Verified,chrVII,924696,930815,+
orf82863,chr7_92512,YGL211W,canonical,conserved,Verified,chrVII,92512,93591,+
orf95206,chr7_931365,NA,noncanonical,other,None,chrVII,931365,931469,-
orf103516,chr7_931447,NA,noncanonical,other,None,chrVII,931447,931512,-
orf93995,chr7_931641,NA,noncanonical,other,None,chrVII,931641,931766,+
orf94000,chr7_932541,YGR218W,canonical,conserved,Verified,chrVII,932541,935795,+
orf98325,chr7_93264,NA,noncanonical,denovo,None,chrVII,93264,93719,-
orf86002,chr7_935788,NA,noncanonical,other,None,chrVII,935788,935847,+
orf99195,chr7_936074,YGR220C,canonical,conserved,Verified,chrVII,936074,936883,-
orf99192,chr7_937124,YGR221C,canonical,conserved,Verified,chrVII,937124,938992,-
orf94004,chr7_937245,NA,noncanonical,other,None,chrVII,937245,937400,+
orf90870,chr7_93792,YGL210W,canonical,conserved,Verified,chrVII,93792,94460,+
orf94021,chr7_939588,NA,noncanonical,other,None,chrVII,939588,939683,+
orf89896,chr7_939923,YGR222W,canonical,conserved,Verified,chrVII,939923,940804,+
orf95172,chr7_940869,YGR223C,canonical,conserved,Verified,chrVII,940869,942215,-
orf99175,chr7_942383,NA,noncanonical,denovo,None,chrVII,942383,942469,-
orf89905,chr7_942806,YGR224W,canonical,conserved,Verified,chrVII,942806,944647,+
orf99172,chr7_944432,NA,noncanonical,other,None,chrVII,944432,944518,-
orf95160,chr7_944649,NA,noncanonical,other,None,chrVII,944649,944708,-
NA,chr7_945145,YGR225W,canonical,conserved,Verified,chrVII,945145,947019,+
orf106580,chr7_94570,NA,noncanonical,denovo,None,chrVII,94570,94656,-
orf89923,chr7_947420,YGR227W,canonical,conserved,Verified,chrVII,947420,948997,+
orf106579,chr7_94768,NA,noncanonical,denovo,None,chrVII,94768,94833,-
orf99158,chr7_949382,YGR229C,canonical,conserved,Verified,chrVII,949382,950899,-
orf86050,chr7_951556,NA,noncanonical,denovo,None,chrVII,951556,951750,+
orf94078,chr7_951894,YGR230W,canonical,conserved,Verified,chrVII,951894,952307,+
orf103407,chr7_952309,NA,noncanonical,denovo,None,chrVII,952309,952434,-
orf95137,chr7_952443,NA,noncanonical,other,None,chrVII,952443,952499,-
orf95136,chr7_952548,YGR231C,canonical,conserved,Verified,chrVII,952548,953480,-
orf90874,chr7_95358,NA,noncanonical,other,None,chrVII,95358,95708,+
orf89945,chr7_953960,YGR232W,canonical,conserved,Verified,chrVII,953960,954646,+
orf94089,chr7_954639,NA,noncanonical,other,None,chrVII,954639,954716,+
orf99138,chr7_954674,YGR233C,canonical,conserved,Verified,chrVII,954674,958210,-
orf86922,chr7_95858,YGL209W,canonical,conserved,Verified,chrVII,95858,97006,+
orf103371,chr7_958933,NA,noncanonical,denovo,None,chrVII,958933,959001,-
orf95120,chr7_959244,NA,noncanonical,denovo,None,chrVII,959244,959351,-
orf89965,chr7_959273,NA,noncanonical,other,None,chrVII,959273,959386,+
orf94111,chr7_959394,NA,noncanonical,other,None,chrVII,959394,959513,+
orf86087,chr7_959476,NA,noncanonical,other,None,chrVII,959476,959754,+
orf94113,chr7_959904,YGR234W,canonical,conserved,Verified,chrVII,959904,961103,+
orf89972,chr7_961214,NA,noncanonical,denovo,None,chrVII,961214,961276,+
orf89974,chr7_961331,NA,noncanonical,denovo,None,chrVII,961331,961444,+
orf103356,chr7_961360,YGR235C,canonical,conserved,Verified,chrVII,961360,962061,-
orf89979,chr7_962504,NA,noncanonical,other,None,chrVII,962504,962695,+
orf103353,chr7_962530,YGR236C,canonical,conserved,Verified,chrVII,962530,962817,-
orf99123,chr7_963149,NA,noncanonical,other,None,chrVII,963149,963301,-
orf103351,chr7_963298,YGR237C,canonical,conserved,Uncharacterized,chrVII,963298,965655,-
orf95080,chr7_966039,YGR238C,canonical,conserved,Verified,chrVII,966039,968687,-
orf86128,chr7_968977,NA,noncanonical,other,None,chrVII,968977,969024,+
orf94142,chr7_969015,NA,noncanonical,other,None,chrVII,969015,969089,+
orf94143,chr7_969102,NA,noncanonical,denovo,None,chrVII,969102,969221,+
orf103339,chr7_969187,YGR239C,canonical,conserved,Verified,chrVII,969187,970053,-
orf94145,chr7_969402,NA,noncanonical,denovo,None,chrVII,969402,969665,+
orf94146,chr7_969831,NA,noncanonical,denovo,None,chrVII,969831,970016,+
orf86134,chr7_970354,NA,noncanonical,denovo,None,chrVII,970354,970422,+
orf86136,chr7_970528,NA,noncanonical,other,None,chrVII,970528,970644,+
orf95069,chr7_970572,NA,noncanonical,denovo,None,chrVII,970572,970727,-
orf103333,chr7_970771,YGR240C,canonical,conserved,Verified,chrVII,970771,973734,-
orf82874,chr7_97135,NA,noncanonical,denovo,None,chrVII,97135,97293,+
orf90886,chr7_97338,YGL208W,canonical,conserved,Verified,chrVII,97338,98585,+
orf103332,chr7_974233,NA,noncanonical,denovo,None,chrVII,974233,974400,-
orf86146,chr7_974485,NA,noncanonical,denovo,None,chrVII,974485,974580,+
orf90023,chr7_974549,NA,noncanonical,denovo,None,chrVII,974549,974704,+
orf95046,chr7_974577,YGR240C-A,canonical,other,Uncharacterized,chrVII,974577,974777,-
orf103330,chr7_974875,YGR241C,canonical,conserved,Verified,chrVII,974875,976581,-
orf86159,chr7_977152,NA,noncanonical,denovo,None,chrVII,977152,977283,+
orf90032,chr7_977336,YGR243W,canonical,conserved,Verified,chrVII,977336,977776,+
orf90033,chr7_977828,NA,noncanonical,denovo,None,chrVII,977828,977959,+
orf95023,chr7_978036,YGR244C,canonical,conserved,Verified,chrVII,978036,979319,-
orf86162,chr7_978307,NA,noncanonical,other,None,chrVII,978307,978828,+
orf99067,chr7_979436,NA,noncanonical,denovo,None,chrVII,979436,979636,-
orf103324,chr7_979765,YGR245C,canonical,conserved,Verified,chrVII,979765,982068,-
orf94998,chr7_982482,YGR246C,canonical,conserved,Verified,chrVII,982482,984272,-
orf86180,chr7_984487,NA,noncanonical,other,None,chrVII,984487,984594,+
orf86181,chr7_984601,NA,noncanonical,denovo,None,chrVII,984601,984699,+
orf94199,chr7_984966,YGR247W,canonical,conserved,Verified,chrVII,984966,985685,+
orf86190,chr7_985972,YGR248W,canonical,conserved,Verified,chrVII,985972,986739,+
orf90074,chr7_988049,YGR249W,canonical,conserved,Verified,chrVII,988049,989419,+
orf90075,chr7_989552,NA,noncanonical,other,None,chrVII,989552,989626,+
orf86929,chr7_98969,YGL207W,canonical,conserved,Verified,chrVII,98969,102076,+
orf94972,chr7_989961,NA,noncanonical,denovo,None,chrVII,989961,990122,-
orf94966,chr7_991176,YGR250C,canonical,conserved,Verified,chrVII,991176,993521,-
orf103284,chr7_993838,NA,noncanonical,denovo,None,chrVII,993838,993945,-
orf99006,chr7_993923,NA,noncanonical,denovo,None,chrVII,993923,994006,-
orf86220,chr7_994609,NA,noncanonical,denovo,None,chrVII,994609,994680,+
orf94234,chr7_994803,NA,noncanonical,other,None,chrVII,994803,994871,+
orf90102,chr7_995639,YGR251W,canonical,conserved,Verified,chrVII,995639,996229,+
orf90108,chr7_996869,YGR252W,canonical,conserved,Verified,chrVII,996869,998188,+
orf98987,chr7_998273,NA,noncanonical,other,None,chrVII,998273,998374,-
orf94952,chr7_998358,YGR253C,canonical,conserved,Verified,chrVII,998358,999140,-
orf90111,chr7_998651,NA,noncanonical,other,None,chrVII,998651,998821,+
orf98978,chr7_999254,NA,noncanonical,denovo,None,chrVII,999254,999391,-
orf103262,chr7_999721,NA,noncanonical,denovo,None,chrVII,999721,999792,-
orf98976,chr7_999752,NA,noncanonical,denovo,None,chrVII,999752,999814,-
orf98974,chr7_999998,NA,noncanonical,denovo,None,chrVII,999998,1000108,-
orf118948,chr8_100324,NA,noncanonical,denovo,None,chrVIII,100324,100506,-
orf109301,chr8_100400,NA,noncanonical,other,None,chrVIII,100400,100621,+
orf118946,chr8_100648,YHL003C,canonical,conserved,Verified,chrVIII,100648,101883,-
orf116849,chr8_102587,YHL002C-A,noncanonical,other,Dubious,chrVIII,102587,103075,-
orf111434,chr8_102612,YHL002W,canonical,conserved,Verified,chrVIII,102612,103970,+
orf117191,chr8_10352,NA,noncanonical,other,None,chrVIII,10352,10390,-
NA,chr8_104277,YHL001W,canonical,conserved,Verified,chrVIII,104277,105091,+
orf115125,chr8_10473,NA,noncanonical,other,None,chrVIII,10473,10538,-
orf111437,chr8_105153,NA,noncanonical,denovo,None,chrVIII,105153,105257,+
orf116840,chr8_105236,NA,noncanonical,denovo,None,chrVIII,105236,105364,-
orf107338,chr8_105937,NA,noncanonical,other,None,chrVIII,105937,106068,+
orf109316,chr8_106055,YHR001W,canonical,conserved,Verified,chrVIII,106055,107368,+
NA,chr8_107826,YHR001W-A,canonical,conserved,Verified,chrVIII,107826,108122,+
orf109320,chr8_108200,NA,noncanonical,denovo,None,chrVIII,108200,108292,+
orf109322,chr8_108812,YHR002W,canonical,conserved,Verified,chrVIII,108812,109885,+
orf106965,chr8_10924,NA,noncanonical,other,None,chrVIII,10924,11091,+
orf114765,chr8_110028,YHR003C,canonical,conserved,Verified,chrVIII,110028,111317,-
orf107349,chr8_110464,NA,noncanonical,other,None,chrVIII,110464,110748,+
orf118909,chr8_111754,YHR004C,canonical,conserved,Verified,chrVIII,111754,113094,-
orf114749,chr8_113499,YHR005C,canonical,conserved,Verified,chrVIII,113499,114917,-
orf109345,chr8_115499,NA,noncanonical,other,None,chrVIII,115499,115642,+
orf114743,chr8_115620,YHR005C-A,canonical,conserved,Verified,chrVIII,115620,115901,-
orf109346,chr8_115643,NA,noncanonical,other,None,chrVIII,115643,115768,+
orf118898,chr8_116821,NA,noncanonical,denovo,None,chrVIII,116821,116925,-
orf116778,chr8_117125,NA,noncanonical,denovo,None,chrVIII,117125,117274,-
orf118896,chr8_117178,NA,noncanonical,denovo,None,chrVIII,117178,117396,-
orf107379,chr8_117814,YHR006W,canonical,conserved,Verified,chrVIII,117814,119439,+
orf119278,chr8_11923,YHL046C,canonical,conserved,Verified,chrVIII,11923,12285,-
orf109370,chr8_119462,NA,noncanonical,denovo,None,chrVIII,119462,119512,+
orf118886,chr8_119908,NA,noncanonical,other,None,chrVIII,119908,119958,-
orf118885,chr8_120091,YHR007C,canonical,conserved,Verified,chrVIII,120091,121683,-
orf114719,chr8_121947,NA,noncanonical,other,None,chrVIII,121947,122078,-
orf107390,chr8_122086,NA,noncanonical,denovo,None,chrVIII,122086,122190,+
orf118881,chr8_122329,NA,noncanonical,denovo,None,chrVIII,122329,122490,-
orf114716,chr8_122550,YHR007C-A,canonical,denovo,Uncharacterized,chrVIII,122550,122765,-
orf109387,chr8_122561,NA,noncanonical,denovo,None,chrVIII,122561,122665,+
orf114715,chr8_122889,YHR008C,canonical,conserved,Verified,chrVIII,122889,123590,-
orf111508,chr8_123420,NA,noncanonical,other,None,chrVIII,123420,123542,+
orf111510,chr8_123900,NA,noncanonical,denovo,None,chrVIII,123900,123998,+
orf116756,chr8_124109,YHR009C,canonical,conserved,Verified,chrVIII,124109,125680,-
orf111513,chr8_124590,NA,noncanonical,other,None,chrVIII,124590,124811,+
orf116755,chr8_125780,NA,noncanonical,denovo,None,chrVIII,125780,125926,-
NA,chr8_126521,YHR010W,canonical,conserved,Verified,chrVIII,126521,127492,+
orf107410,chr8_127780,YHR011W,canonical,conserved,Verified,chrVIII,127780,129120,+
orf118857,chr8_129151,NA,noncanonical,denovo,None,chrVIII,129151,129321,-
NA,chr8_129481,YHR012W,canonical,conserved,Verified,chrVIII,129481,130448,+
orf109428,chr8_130610,NA,noncanonical,denovo,None,chrVIII,130610,130672,+
orf116738,chr8_130730,YHR013C,canonical,conserved,Verified,chrVIII,130730,131446,-
orf109436,chr8_132047,YHR014W,canonical,conserved,Verified,chrVIII,132047,132922,+
orf116729,chr8_133379,NA,noncanonical,denovo,None,chrVIII,133379,133465,-
orf111550,chr8_133587,NA,noncanonical,other,None,chrVIII,133587,133685,+
orf107433,chr8_134554,YHR015W,canonical,conserved,Verified,chrVIII,134554,136533,+
orf108951,chr8_13565,YHL044W,canonical,conserved,Uncharacterized,chrVIII,13565,14272,+
orf111558,chr8_136593,NA,noncanonical,denovo,None,chrVIII,136593,136685,+
NA,chr8_136881,YHR016C,canonical,conserved,Verified,chrVIII,136881,138455,-
orf107439,chr8_138694,YHR017W,canonical,conserved,Verified,chrVIII,138694,139851,+
orf118808,chr8_139921,NA,noncanonical,denovo,None,chrVIII,139921,140007,-
orf118807,chr8_140011,YHR018C,canonical,conserved,Verified,chrVIII,140011,141402,-
orf114659,chr8_141894,YHR019C,canonical,conserved,Verified,chrVIII,141894,143558,-
orf107452,chr8_143209,NA,noncanonical,other,None,chrVIII,143209,143454,+
orf109486,chr8_143996,YHR020W,canonical,conserved,Verified,chrVIII,143996,146062,+
orf118789,chr8_146623,NA,noncanonical,other,None,chrVIII,146623,146781,-
orf107464,chr8_146674,NA,noncanonical,other,None,chrVIII,146674,146745,+
orf107465,chr8_146884,NA,noncanonical,other,None,chrVIII,146884,146988,+
orf111599,chr8_147231,NA,noncanonical,other,None,chrVIII,147231,147314,+
orf111600,chr8_147498,NA,noncanonical,other,None,chrVIII,147498,147617,+
orf109493,chr8_147614,NA,noncanonical,other,None,chrVIII,147614,147691,+
NA,chr8_147871,YHR021C,canonical,conserved,Verified,chrVIII,147871,148669,-
orf111104,chr8_14901,YHL043W,canonical,conserved,Verified,chrVIII,14901,15413,+
orf109502,chr8_149225,YHR021W-A,canonical,denovo,Uncharacterized,chrVIII,149225,149680,+
orf114638,chr8_149322,NA,noncanonical,denovo,None,chrVIII,149322,149444,-
orf118776,chr8_149575,YHR022C,canonical,conserved,Uncharacterized,chrVIII,149575,150345,-
orf107484,chr8_151666,YHR023W,canonical,conserved,Verified,chrVIII,151666,157452,+
orf119263,chr8_15358,NA,noncanonical,other,None,chrVIII,15358,15429,-
orf106984,chr8_15667,YHL042W,canonical,conserved,Uncharacterized,chrVIII,15667,16119,+
orf118749,chr8_157744,YHR024C,canonical,conserved,Verified,chrVIII,157744,159192,-
orf111630,chr8_159438,YHR025W,canonical,conserved,Verified,chrVIII,159438,160511,+
orf109564,chr8_160844,YHR026W,canonical,conserved,Verified,chrVIII,160844,161485,+
orf109565,chr8_161558,NA,noncanonical,other,None,chrVIII,161558,161614,+
orf114587,chr8_161730,YHR027C,canonical,conserved,Verified,chrVIII,161730,164711,-
orf116590,chr8_164978,YHR028C,canonical,conserved,Verified,chrVIII,164978,167434,-
orf117168,chr8_16535,NA,noncanonical,other,None,chrVIII,16535,16747,-
orf111654,chr8_167352,YHR028W-A,noncanonical,denovo,Dubious,chrVIII,167352,167672,+
orf118706,chr8_167677,YHR029C,canonical,conserved,Verified,chrVIII,167677,168561,-
orf116588,chr8_168890,YHR030C,canonical,conserved,Verified,chrVIII,168890,170344,-
orf114559,chr8_170799,YHR031C,canonical,conserved,Verified,chrVIII,170799,172970,-
orf107538,chr8_173344,YHR032W,canonical,conserved,Verified,chrVIII,173344,175089,+
orf111675,chr8_175548,YHR033W,canonical,conserved,Uncharacterized,chrVIII,175548,176819,+
orf109631,chr8_176957,NA,noncanonical,other,None,chrVIII,176957,177100,+
orf118676,chr8_176965,YHR034C,canonical,conserved,Verified,chrVIII,176965,177999,-
orf107551,chr8_178219,YHR035W,canonical,conserved,Verified,chrVIII,178219,180111,+
orf116541,chr8_179750,NA,noncanonical,denovo,None,chrVIII,179750,179956,-
orf111683,chr8_180345,YHR036W,canonical,conserved,Verified,chrVIII,180345,181760,+
orf111114,chr8_18066,NA,noncanonical,other,None,chrVIII,18066,18233,+
orf116533,chr8_181373,NA,noncanonical,other,None,chrVIII,181373,181540,-
orf111685,chr8_181977,YHR037W,canonical,conserved,Verified,chrVIII,181977,183704,+
orf107578,chr8_183763,NA,noncanonical,denovo,None,chrVIII,183763,183813,+
orf107580,chr8_184066,YHR038W,canonical,conserved,Verified,chrVIII,184066,184758,+
orf114511,chr8_184782,NA,noncanonical,other,None,chrVIII,184782,184817,-
orf114510,chr8_184875,YHR039C,canonical,conserved,Verified,chrVIII,184875,186809,-
orf118639,chr8_187009,NA,noncanonical,other,None,chrVIII,187009,187107,-
orf107593,chr8_187165,NA,noncanonical,other,None,chrVIII,187165,187374,+
NA,chr8_187173,YHR039C-A,canonical,conserved,Verified,chrVIII,187173,187679,-
orf107595,chr8_187924,YHR040W,canonical,conserved,Verified,chrVIII,187924,189024,+
orf119244,chr8_18886,NA,noncanonical,other,None,chrVIII,18886,19176,-
NA,chr8_189131,YHR041C,canonical,conserved,Verified,chrVIII,189131,189864,-
orf111706,chr8_189255,NA,noncanonical,other,None,chrVIII,189255,189761,+
orf109690,chr8_189818,NA,noncanonical,other,None,chrVIII,189818,189961,+
orf109692,chr8_190244,NA,noncanonical,denovo,None,chrVIII,190244,190444,+
orf107599,chr8_190543,YHR042W,canonical,conserved,Verified,chrVIII,190543,192618,+
orf117159,chr8_19088,YHL040C,canonical,conserved,Verified,chrVIII,19088,20971,-
orf118614,chr8_192805,YHR043C,canonical,conserved,Verified,chrVIII,192805,193545,-
orf118610,chr8_194068,YHR044C,canonical,conserved,Verified,chrVIII,194068,194808,-
orf114475,chr8_195036,NA,noncanonical,other,None,chrVIII,195036,195086,-
orf109721,chr8_195551,YHR045W,canonical,conserved,Uncharacterized,chrVIII,195551,197233,+
orf118598,chr8_197398,YHR046C,canonical,conserved,Verified,chrVIII,197398,198285,-
orf111734,chr8_197499,NA,noncanonical,other,None,chrVIII,197499,197642,+
orf109722,chr8_198215,NA,noncanonical,other,None,chrVIII,198215,198373,+
orf116463,chr8_198740,YHR047C,canonical,conserved,Verified,chrVIII,198740,201310,-
orf107638,chr8_201850,NA,noncanonical,other,None,chrVIII,201850,201957,+
orf116459,chr8_202514,NA,noncanonical,other,None,chrVIII,202514,202666,-
orf118568,chr8_203389,NA,noncanonical,other,None,chrVIII,203389,203547,-
orf116453,chr8_203987,NA,noncanonical,other,None,chrVIII,203987,204058,-
orf116452,chr8_204098,NA,noncanonical,other,None,chrVIII,204098,204286,-
orf114433,chr8_204474,NA,noncanonical,denovo,None,chrVIII,204474,204581,-
orf107652,chr8_204607,YHR048W,canonical,conserved,Uncharacterized,chrVIII,204607,206151,+
orf116446,chr8_205895,NA,noncanonical,denovo,None,chrVIII,205895,206089,-
orf118558,chr8_206023,NA,noncanonical,denovo,None,chrVIII,206023,206301,-
orf109759,chr8_206462,YHR049W,canonical,conserved,Verified,chrVIII,206462,207193,+
orf116442,chr8_206951,NA,noncanonical,other,None,chrVIII,206951,207115,-
orf111783,chr8_207654,YHR050W,canonical,conserved,Verified,chrVIII,207654,209303,+
orf109764,chr8_209396,NA,noncanonical,other,None,chrVIII,209396,209593,+
orf111784,chr8_209475,YHR050W-A,canonical,other,Uncharacterized,chrVIII,209475,209645,+
orf109765,chr8_209705,YHR051W,canonical,conserved,Verified,chrVIII,209705,210151,+
orf107664,chr8_210418,NA,noncanonical,other,None,chrVIII,210418,210474,+
orf111790,chr8_210474,NA,noncanonical,denovo,None,chrVIII,210474,210560,+
orf115080,chr8_21081,NA,noncanonical,other,None,chrVIII,21081,21119,-
orf109768,chr8_210848,YHR052W,canonical,conserved,Verified,chrVIII,210848,211978,+
orf115078,chr8_21204,NA,noncanonical,denovo,None,chrVIII,21204,21284,-
orf111800,chr8_212262,NA,noncanonical,other,None,chrVIII,212262,212405,+
orf116422,chr8_213185,YHR054C,canonical,conserved,Uncharacterized,chrVIII,213185,214249,-
orf119231,chr8_21394,NA,noncanonical,denovo,None,chrVIII,21394,21489,-
orf111810,chr8_214191,NA,noncanonical,other,None,chrVIII,214191,214403,+
orf116418,chr8_215183,YHR056C,canonical,conserved,Verified,chrVIII,215183,217834,-
orf108990,chr8_21659,NA,noncanonical,other,None,chrVIII,21659,21799,+
orf109797,chr8_217406,YHR056W-A,noncanonical,denovo,Dubious,chrVIII,217406,217840,+
orf111134,chr8_21783,YHL039W,canonical,conserved,Verified,chrVIII,21783,23540,+
orf111828,chr8_218208,NA,noncanonical,other,None,chrVIII,218208,218453,+
orf114385,chr8_218226,YHR057C,canonical,conserved,Verified,chrVIII,218226,218843,-
orf114384,chr8_218997,YHR058C,canonical,conserved,Verified,chrVIII,218997,219884,-
orf107688,chr8_219022,NA,noncanonical,other,None,chrVIII,219022,219282,+
orf107692,chr8_220108,YHR059W,canonical,conserved,Verified,chrVIII,220108,220500,+
orf111840,chr8_220725,YHR060W,canonical,conserved,Verified,chrVIII,220725,221270,+
orf118493,chr8_221275,NA,noncanonical,other,None,chrVIII,221275,221370,-
orf116395,chr8_221534,YHR061C,canonical,conserved,Verified,chrVIII,221534,222478,-
orf111843,chr8_222264,NA,noncanonical,other,None,chrVIII,222264,222410,+
orf109808,chr8_222614,NA,noncanonical,denovo,None,chrVIII,222614,222835,+
orf118485,chr8_222877,YHR062C,canonical,conserved,Verified,chrVIII,222877,223758,-
orf109811,chr8_223019,NA,noncanonical,other,None,chrVIII,223019,223276,+
orf111849,chr8_223998,NA,noncanonical,denovo,None,chrVIII,223998,224168,+
orf116391,chr8_224030,YHR063C,canonical,conserved,Verified,chrVIII,224030,225169,-
orf114367,chr8_225198,NA,noncanonical,denovo,None,chrVIII,225198,225350,-
orf107717,chr8_225442,YHR063W-A,noncanonical,denovo,Dubious,chrVIII,225442,225777,+
orf114364,chr8_225525,YHR064C,canonical,conserved,Verified,chrVIII,225525,227243,-
orf114360,chr8_227532,YHR065C,canonical,conserved,Verified,chrVIII,227532,229163,-
orf111867,chr8_229335,YHR066W,canonical,conserved,Verified,chrVIII,229335,230696,+
orf111869,chr8_230970,YHR067W,canonical,conserved,Verified,chrVIII,230970,231812,+
orf109840,chr8_232133,YHR068W,canonical,conserved,Verified,chrVIII,232133,233296,+
orf116352,chr8_233579,YHR069C,canonical,conserved,Verified,chrVIII,233579,234658,-
orf109844,chr8_234881,YHR070W,canonical,conserved,Verified,chrVIII,234881,236380,+
orf118441,chr8_235336,NA,noncanonical,other,None,chrVIII,235336,235785,-
orf116349,chr8_236102,YHR070C-A,noncanonical,denovo,Dubious,chrVIII,236102,236512,-
orf119221,chr8_23617,YHL038C,canonical,conserved,Verified,chrVIII,23617,25509,-
orf111894,chr8_236871,NA,noncanonical,other,None,chrVIII,236871,236912,+
orf107760,chr8_237004,YHR071W,canonical,conserved,Verified,chrVIII,237004,237693,+
orf116338,chr8_238910,YHR071C-A,noncanonical,denovo,Dubious,chrVIII,238910,239230,-
orf107768,chr8_239098,YHR072W,canonical,conserved,Verified,chrVIII,239098,241293,+
orf109873,chr8_241664,YHR072W-A,canonical,conserved,Verified,chrVIII,241664,241840,+
orf116326,chr8_241787,NA,noncanonical,denovo,None,chrVIII,241787,241918,-
orf116325,chr8_242096,NA,noncanonical,denovo,None,chrVIII,242096,242191,-
orf109876,chr8_242582,YHR073W,canonical,conserved,Verified,chrVIII,242582,245572,+
orf107780,chr8_246193,YHR074W,canonical,conserved,Verified,chrVIII,246193,248337,+
orf114263,chr8_248439,YHR075C,canonical,conserved,Verified,chrVIII,248439,249641,-
orf114257,chr8_250236,NA,noncanonical,other,None,chrVIII,250236,250289,-
orf116293,chr8_250289,NA,noncanonical,other,None,chrVIII,250289,250366,-
orf107788,chr8_251101,YHR076W,canonical,conserved,Verified,chrVIII,251101,252225,+
orf114249,chr8_251493,NA,noncanonical,other,None,chrVIII,251493,251720,-
NA,chr8_252374,YHR077C,canonical,conserved,Verified,chrVIII,252374,255756,-
orf107802,chr8_256360,YHR078W,canonical,conserved,Uncharacterized,chrVIII,256360,258018,+
orf117142,chr8_25778,YHL037C,canonical,other,Uncharacterized,chrVIII,25778,26179,-
orf109938,chr8_258029,NA,noncanonical,denovo,None,chrVIII,258029,258124,+
orf118348,chr8_258244,YHR079C,canonical,conserved,Verified,chrVIII,258244,261591,-
NA,chr8_262192,YHR079C-A,canonical,conserved,Verified,chrVIII,262192,262553,-
orf111149,chr8_26241,YHL036W,canonical,conserved,Verified,chrVIII,26241,27881,+
orf114193,chr8_262755,NA,noncanonical,other,None,chrVIII,262755,262814,-
orf118343,chr8_262801,YHR080C,canonical,conserved,Verified,chrVIII,262801,266838,-
orf112018,chr8_267354,NA,noncanonical,denovo,None,chrVIII,267354,267410,+
orf107839,chr8_267538,YHR081W,canonical,conserved,Verified,chrVIII,267538,268092,+
orf109978,chr8_268160,NA,noncanonical,denovo,None,chrVIII,268160,268213,+
orf116249,chr8_268397,NA,noncanonical,denovo,None,chrVIII,268397,268438,-
orf118338,chr8_268459,YHR082C,canonical,conserved,Verified,chrVIII,268459,271548,-
orf109996,chr8_272627,YHR083W,canonical,conserved,Verified,chrVIII,272627,273616,+
orf107865,chr8_274174,YHR084W,canonical,conserved,Verified,chrVIII,274174,276240,+
orf110011,chr8_276764,YHR085W,canonical,conserved,Verified,chrVIII,276764,277768,+
orf116233,chr8_277169,NA,noncanonical,other,None,chrVIII,277169,277396,-
orf107872,chr8_277846,NA,noncanonical,other,None,chrVIII,277846,278022,+
orf110012,chr8_278153,YHR086W,canonical,conserved,Verified,chrVIII,278153,279724,+
orf115045,chr8_27978,YHL035C,canonical,conserved,Verified,chrVIII,27978,32756,-
orf112066,chr8_280002,NA,noncanonical,denovo,None,chrVIII,280002,280139,+
orf107878,chr8_280675,NA,noncanonical,other,None,chrVIII,280675,280731,+
orf110017,chr8_280820,YHR087W,canonical,conserved,Verified,chrVIII,280820,281155,+
orf114100,chr8_281112,NA,noncanonical,denovo,None,chrVIII,281112,281228,-
orf110020,chr8_281495,YHR088W,canonical,conserved,Verified,chrVIII,281495,282382,+
orf114095,chr8_282681,YHR089C,canonical,conserved,Verified,chrVIII,282681,283298,-
orf118298,chr8_283630,NA,noncanonical,denovo,None,chrVIII,283630,283752,-
orf118297,chr8_283777,YHR090C,canonical,conserved,Verified,chrVIII,283777,284625,-
orf118295,chr8_284839,YHR091C,canonical,conserved,Verified,chrVIII,284839,286770,-
orf112084,chr8_286191,NA,noncanonical,denovo,None,chrVIII,286191,286643,+
orf116198,chr8_287081,YHR092C,canonical,conserved,Verified,chrVIII,287081,288811,-
orf118282,chr8_289348,NA,noncanonical,denovo,None,chrVIII,289348,289500,-
orf118281,chr8_289570,NA,noncanonical,denovo,None,chrVIII,289570,289761,-
orf114060,chr8_290304,NA,noncanonical,denovo,None,chrVIII,290304,290390,-
orf116189,chr8_290822,NA,noncanonical,other,None,chrVIII,290822,290956,-
orf114055,chr8_290913,YHR094C,canonical,conserved,Verified,chrVIII,290913,292625,-
orf112113,chr8_294081,NA,noncanonical,denovo,None,chrVIII,294081,294194,+
orf116179,chr8_294443,NA,noncanonical,denovo,None,chrVIII,294443,294628,-
orf114049,chr8_294669,YHR096C,canonical,conserved,Verified,chrVIII,294669,296447,-
orf118251,chr8_297253,NA,noncanonical,denovo,None,chrVIII,297253,297381,-
NA,chr8_297385,YHR097C,canonical,conserved,Verified,chrVIII,297385,298609,-
orf114037,chr8_299145,YHR098C,canonical,conserved,Verified,chrVIII,299145,301934,-
orf107967,chr8_302761,YHR099W,canonical,conserved,Verified,chrVIII,302761,313995,+
orf110182,chr8_314087,NA,noncanonical,other,None,chrVIII,314087,314299,+
orf118187,chr8_314116,YHR100C,canonical,conserved,Verified,chrVIII,314116,314673,-
orf107970,chr8_314512,NA,noncanonical,denovo,None,chrVIII,314512,314607,+
orf118185,chr8_314761,NA,noncanonical,denovo,None,chrVIII,314761,314871,-
NA,chr8_314874,YHR101C,canonical,conserved,Verified,chrVIII,314874,315968,-
orf112170,chr8_316572,YHR102W,canonical,conserved,Verified,chrVIII,316572,319814,+
orf116047,chr8_319547,NA,noncanonical,other,None,chrVIII,319547,319756,-
orf110195,chr8_320414,YHR103W,canonical,conserved,Verified,chrVIII,320414,322972,+
orf110196,chr8_323216,NA,noncanonical,denovo,None,chrVIII,323216,323302,+
orf112191,chr8_323409,YHR104W,canonical,conserved,Verified,chrVIII,323409,324392,+
orf108009,chr8_324766,YHR105W,canonical,conserved,Verified,chrVIII,324766,325410,+
orf108010,chr8_325522,NA,noncanonical,denovo,None,chrVIII,325522,325590,+
orf110206,chr8_325598,YHR106W,canonical,conserved,Verified,chrVIII,325598,326626,+
orf116023,chr8_326654,NA,noncanonical,denovo,None,chrVIII,326654,326722,-
orf110207,chr8_326681,NA,noncanonical,denovo,None,chrVIII,326681,326776,+
orf118142,chr8_326710,NA,noncanonical,denovo,None,chrVIII,326710,326802,-
orf116022,chr8_326813,YHR107C,canonical,conserved,Verified,chrVIII,326813,328036,-
orf108020,chr8_328303,YHR108W,canonical,conserved,Verified,chrVIII,328303,330060,+
orf108023,chr8_330310,YHR109W,canonical,conserved,Verified,chrVIII,330310,332067,+
orf117093,chr8_33074,NA,noncanonical,other,None,chrVIII,33074,33109,-
orf109043,chr8_33176,YHL034W-A,noncanonical,denovo,Dubious,chrVIII,33176,33637,+
orf119189,chr8_33193,YHL034C,canonical,conserved,Verified,chrVIII,33193,34077,-
orf110246,chr8_332282,YHR110W,canonical,conserved,Verified,chrVIII,332282,332920,+
orf112220,chr8_333072,YHR111W,canonical,conserved,Verified,chrVIII,333072,334394,+
orf113904,chr8_334527,YHR112C,canonical,conserved,Verified,chrVIII,334527,335663,-
orf115985,chr8_335639,NA,noncanonical,other,None,chrVIII,335639,335788,-
orf118106,chr8_335881,NA,noncanonical,other,None,chrVIII,335881,336006,-
orf108044,chr8_336337,YHR113W,canonical,conserved,Verified,chrVIII,336337,337809,+
orf112232,chr8_337824,NA,noncanonical,denovo,None,chrVIII,337824,337874,+
orf112233,chr8_338031,NA,noncanonical,other,None,chrVIII,338031,338108,+
orf108045,chr8_338083,YHR114W,canonical,conserved,Verified,chrVIII,338083,339984,+
orf115966,chr8_340109,YHR115C,canonical,conserved,Verified,chrVIII,340109,341359,-
orf112244,chr8_341025,NA,noncanonical,other,None,chrVIII,341025,341282,+
orf108052,chr8_341665,YHR116W,canonical,conserved,Verified,chrVIII,341665,342120,+
orf108053,chr8_342349,YHR117W,canonical,conserved,Verified,chrVIII,342349,344268,+
orf115954,chr8_344321,YHR118C,canonical,conserved,Verified,chrVIII,344321,345628,-
orf110320,chr8_346043,YHR119W,canonical,conserved,Verified,chrVIII,346043,349285,+
orf118060,chr8_349201,NA,noncanonical,denovo,None,chrVIII,349201,349428,-
orf110322,chr8_349574,YHR120W,canonical,conserved,Verified,chrVIII,349574,352453,+
orf117087,chr8_35255,YHL033C,canonical,conserved,Verified,chrVIII,35255,36025,-
orf108074,chr8_352756,YHR121W,canonical,conserved,Verified,chrVIII,352756,353319,+
orf112309,chr8_353625,YHR122W,canonical,conserved,Verified,chrVIII,353625,354320,+
orf113823,chr8_354462,NA,noncanonical,denovo,None,chrVIII,354462,354563,-
NA,chr8_354815,YHR123W,canonical,conserved,Verified,chrVIII,354815,356081,+
orf110333,chr8_356129,NA,noncanonical,denovo,None,chrVIII,356129,356173,+
orf110334,chr8_356561,YHR124W,canonical,conserved,Verified,chrVIII,356561,358444,+
orf118038,chr8_357562,NA,noncanonical,other,None,chrVIII,357562,357729,-
orf113806,chr8_357795,NA,noncanonical,other,None,chrVIII,357795,357896,-
orf115886,chr8_359702,YHR126C,canonical,conserved,Uncharacterized,chrVIII,359702,360181,-
orf108102,chr8_360913,YHR127W,canonical,conserved,Verified,chrVIII,360913,361644,+
orf108103,chr8_361714,NA,noncanonical,other,None,chrVIII,361714,361773,+
orf112337,chr8_362010,YHR128W,canonical,conserved,Verified,chrVIII,362010,362765,+
orf115874,chr8_362999,YHR129C,canonical,conserved,Verified,chrVIII,362999,364153,-
orf119178,chr8_36379,YHL032C,canonical,conserved,Verified,chrVIII,36379,38508,-
orf110362,chr8_364553,NA,noncanonical,other,None,chrVIII,364553,364633,+
orf110363,chr8_364754,NA,noncanonical,other,None,chrVIII,364754,364879,+
orf113781,chr8_364965,YHR130C,canonical,denovo,Uncharacterized,chrVIII,364965,365300,-
orf113779,chr8_365340,YHR131C,canonical,conserved,Uncharacterized,chrVIII,365340,367892,-
orf112364,chr8_368154,NA,noncanonical,denovo,None,chrVIII,368154,368255,+
orf117998,chr8_368359,NA,noncanonical,other,None,chrVIII,368359,368502,-
orf113777,chr8_368502,YHR132C,canonical,conserved,Verified,chrVIII,368502,369794,-
orf108139,chr8_370054,YHR132W-A,canonical,conserved,Verified,chrVIII,370054,370449,+
orf113772,chr8_370722,YHR133C,canonical,conserved,Verified,chrVIII,370722,371597,-
orf115840,chr8_371630,NA,noncanonical,denovo,None,chrVIII,371630,371776,-
orf108145,chr8_371749,YHR134W,canonical,conserved,Verified,chrVIII,371749,372558,+
orf115147,chr8_3726,YHL049C,canonical,conserved,Uncharacterized,chrVIII,3726,4541,-
orf117982,chr8_372694,YHR135C,canonical,conserved,Verified,chrVIII,372694,374310,-
orf112379,chr8_372858,NA,noncanonical,denovo,None,chrVIII,372858,373022,+
orf110403,chr8_373580,NA,noncanonical,other,None,chrVIII,373580,373924,+
orf110404,chr8_374297,NA,noncanonical,other,None,chrVIII,374297,374392,+
orf113755,chr8_374592,NA,noncanonical,other,None,chrVIII,374592,374657,-
orf115835,chr8_374654,YHR136C,canonical,conserved,Verified,chrVIII,374654,375100,-
orf113753,chr8_375063,NA,noncanonical,other,None,chrVIII,375063,375257,-
orf108158,chr8_375709,YHR137W,canonical,conserved,Verified,chrVIII,375709,377250,+
orf113743,chr8_377355,YHR138C,canonical,conserved,Verified,chrVIII,377355,377699,-
orf117970,chr8_377707,NA,noncanonical,denovo,None,chrVIII,377707,377787,-
orf117969,chr8_377929,NA,noncanonical,denovo,None,chrVIII,377929,378111,-
orf113741,chr8_378219,YHR139C,canonical,conserved,Verified,chrVIII,378219,379199,-
orf113738,chr8_379479,NA,noncanonical,denovo,None,chrVIII,379479,379610,-
orf108172,chr8_379810,NA,noncanonical,denovo,None,chrVIII,379810,379977,+
orf113737,chr8_379854,NA,noncanonical,denovo,None,chrVIII,379854,380072,-
orf108174,chr8_380041,NA,noncanonical,denovo,None,chrVIII,380041,380163,+
orf115817,chr8_380108,YHR139C-A,canonical,denovo,Uncharacterized,chrVIII,380108,380419,-
orf113734,chr8_380508,NA,noncanonical,other,None,chrVIII,380508,380759,-
orf108177,chr8_380572,YHR140W,canonical,conserved,Uncharacterized,chrVIII,380572,381291,+
orf110438,chr8_381695,NA,noncanonical,other,None,chrVIII,381695,381760,+
NA,chr8_381990,YHR141C,canonical,conserved,Verified,chrVIII,381990,382751,-
orf112415,chr8_383538,YHR142W,canonical,conserved,Verified,chrVIII,383538,384488,+
orf115803,chr8_383690,NA,noncanonical,other,None,chrVIII,383690,383782,-
orf115801,chr8_383834,NA,noncanonical,other,None,chrVIII,383834,384064,-
orf113720,chr8_384381,NA,noncanonical,other,None,chrVIII,384381,384512,-
orf112419,chr8_385137,NA,noncanonical,other,None,chrVIII,385137,385247,+
orf108198,chr8_385510,YHR143W,canonical,conserved,Verified,chrVIII,385510,386487,+
orf108199,chr8_386500,NA,noncanonical,denovo,None,chrVIII,386500,386619,+
orf115785,chr8_386585,NA,noncanonical,denovo,None,chrVIII,386585,386653,-
orf115783,chr8_386894,NA,noncanonical,denovo,None,chrVIII,386894,387007,-
orf110457,chr8_387233,YHR143W-A,canonical,conserved,Verified,chrVIII,387233,387445,+
orf110458,chr8_387446,NA,noncanonical,denovo,None,chrVIII,387446,387673,+
orf115780,chr8_387788,YHR144C,canonical,conserved,Verified,chrVIII,387788,388726,-
orf119176,chr8_38815,YHL031C,canonical,conserved,Verified,chrVIII,38815,39486,-
orf113700,chr8_389643,NA,noncanonical,denovo,None,chrVIII,389643,389696,-
orf117914,chr8_389698,NA,noncanonical,other,None,chrVIII,389698,389769,-
orf112438,chr8_390300,YHR146W,canonical,conserved,Verified,chrVIII,390300,391697,+
orf113695,chr8_392004,NA,noncanonical,denovo,None,chrVIII,392004,392159,-
orf115765,chr8_392639,YHR147C,canonical,conserved,Verified,chrVIII,392639,393283,-
orf112442,chr8_393534,YHR148W,canonical,conserved,Verified,chrVIII,393534,394085,+
orf113683,chr8_394455,YHR149C,canonical,conserved,Verified,chrVIII,394455,396659,-
orf115745,chr8_396683,NA,noncanonical,denovo,None,chrVIII,396683,396805,-
orf112457,chr8_397251,YHR150W,canonical,conserved,Verified,chrVIII,397251,398990,+
orf117879,chr8_399268,YHR151C,canonical,conserved,Verified,chrVIII,399268,400848,-
orf107087,chr8_40084,YHL030W,canonical,conserved,Verified,chrVIII,40084,45690,+
orf108263,chr8_401434,YHR152W,canonical,conserved,Verified,chrVIII,401434,401955,+
orf115729,chr8_401888,NA,noncanonical,denovo,None,chrVIII,401888,402025,-
orf115728,chr8_402086,YHR153C,canonical,conserved,Verified,chrVIII,402086,402682,-
orf112475,chr8_402966,YHR154W,canonical,conserved,Verified,chrVIII,402966,406178,+
orf112478,chr8_407103,YHR155W,canonical,conserved,Verified,chrVIII,407103,410789,+
orf115698,chr8_411116,NA,noncanonical,denovo,None,chrVIII,411116,411193,-
orf113620,chr8_411384,YHR156C,canonical,conserved,Verified,chrVIII,411384,412406,-
orf110544,chr8_412424,NA,noncanonical,denovo,None,chrVIII,412424,412519,+
orf110545,chr8_412574,NA,noncanonical,other,None,chrVIII,412574,412660,+
orf110547,chr8_412907,YHR157W,canonical,conserved,Verified,chrVIII,412907,413455,+
orf113613,chr8_413685,YHR158C,canonical,conserved,Verified,chrVIII,413685,417179,-
orf112512,chr8_417549,YHR159W,canonical,conserved,Uncharacterized,chrVIII,417549,419063,+
orf108357,chr8_419077,NA,noncanonical,denovo,None,chrVIII,419077,419166,+
orf115641,chr8_419084,NA,noncanonical,denovo,None,chrVIII,419084,419191,-
orf117806,chr8_419221,YHR160C,canonical,conserved,Verified,chrVIII,419221,420072,-
orf117804,chr8_420373,YHR161C,canonical,conserved,Verified,chrVIII,420373,422286,-
orf112519,chr8_422277,NA,noncanonical,denovo,None,chrVIII,422277,422435,+
orf110571,chr8_422561,NA,noncanonical,denovo,None,chrVIII,422561,422785,+
orf108375,chr8_422782,NA,noncanonical,denovo,None,chrVIII,422782,422832,+
orf112521,chr8_423072,YHR162W,canonical,conserved,Verified,chrVIII,423072,423461,+
orf108377,chr8_423724,YHR163W,canonical,conserved,Verified,chrVIII,423724,424473,+
orf117797,chr8_424522,NA,noncanonical,other,None,chrVIII,424522,424620,-
orf115630,chr8_424610,YHR164C,canonical,conserved,Verified,chrVIII,424610,429178,-
orf108394,chr8_429508,NA,noncanonical,other,None,chrVIII,429508,429567,+
orf115627,chr8_429707,YHR165C,canonical,conserved,Verified,chrVIII,429707,436948,-
orf117701,chr8_437170,YHR166C,canonical,conserved,Verified,chrVIII,437170,439050,-
orf108430,chr8_439342,YHR167W,canonical,conserved,Verified,chrVIII,439342,440127,+
orf108431,chr8_440377,YHR168W,canonical,conserved,Verified,chrVIII,440377,441933,+
orf110658,chr8_442181,YHR169W,canonical,conserved,Verified,chrVIII,442181,443476,+
orf113508,chr8_443298,NA,noncanonical,denovo,None,chrVIII,443298,443564,-
orf110660,chr8_443828,YHR170W,canonical,conserved,Verified,chrVIII,443828,445384,+
NA,chr8_445,YHL050C,canonical,conserved,Uncharacterized,chrVIII,445,3311,-
orf112604,chr8_445713,YHR171W,canonical,conserved,Verified,chrVIII,445713,447605,+
orf112607,chr8_448335,YHR172W,canonical,conserved,Verified,chrVIII,448335,450806,+
orf115572,chr8_450320,NA,noncanonical,other,None,chrVIII,450320,450463,-
orf115570,chr8_450815,YHR173C,canonical,conserved,Uncharacterized,chrVIII,450815,451153,-
orf108490,chr8_451327,YHR174W,canonical,conserved,Verified,chrVIII,451327,452640,+
orf113479,chr8_451359,NA,noncanonical,other,None,chrVIII,451359,451877,-
orf112609,chr8_452799,NA,noncanonical,other,None,chrVIII,452799,452867,+
orf108491,chr8_452872,YHR175W,canonical,conserved,Verified,chrVIII,452872,453441,+
orf110690,chr8_453416,NA,noncanonical,other,None,chrVIII,453416,453574,+
orf112613,chr8_453558,YHR175W-A,canonical,other,Uncharacterized,chrVIII,453558,453707,+
orf110694,chr8_454229,YHR176W,canonical,conserved,Verified,chrVIII,454229,455527,+
orf112626,chr8_456591,YHR177W,canonical,conserved,Verified,chrVIII,456591,457952,+
orf115552,chr8_456614,NA,noncanonical,other,None,chrVIII,456614,456772,-
orf117616,chr8_458167,NA,noncanonical,denovo,None,chrVIII,458167,458331,-
orf108513,chr8_458641,NA,noncanonical,other,None,chrVIII,458641,458808,+
orf117043,chr8_45929,YHL029C,canonical,conserved,Uncharacterized,chrVIII,45929,47968,-
orf110704,chr8_459299,YHR178W,canonical,conserved,Verified,chrVIII,459299,461530,+
orf112644,chr8_461496,NA,noncanonical,other,None,chrVIII,461496,461663,+
orf108527,chr8_462502,YHR179W,canonical,conserved,Verified,chrVIII,462502,463704,+
orf112654,chr8_464238,NA,noncanonical,other,None,chrVIII,464238,464399,+
orf115523,chr8_464582,NA,noncanonical,other,None,chrVIII,464582,464635,-
orf113420,chr8_465162,NA,noncanonical,other,None,chrVIII,465162,465335,-
orf108532,chr8_465178,YHR180W,canonical,conserved,Uncharacterized,chrVIII,465178,465669,+
orf113414,chr8_466584,NA,noncanonical,other,None,chrVIII,466584,466787,-
orf110744,chr8_467228,YHR181W,canonical,conserved,Verified,chrVIII,467228,467914,+
orf110745,chr8_467984,NA,noncanonical,denovo,None,chrVIII,467984,468055,+
orf112669,chr8_468219,YHR182W,canonical,conserved,Verified,chrVIII,468219,470576,+
orf115501,chr8_469517,NA,noncanonical,other,None,chrVIII,469517,469822,-
orf115499,chr8_470228,NA,noncanonical,denovo,None,chrVIII,470228,470548,-
orf110750,chr8_470960,YHR183W,canonical,conserved,Verified,chrVIII,470960,472429,+
orf108563,chr8_472744,YHR184W,canonical,conserved,Verified,chrVIII,472744,474459,+
orf113391,chr8_474627,YHR185C,canonical,conserved,Verified,chrVIII,474627,475340,-
orf117538,chr8_475999,YHR186C,canonical,conserved,Verified,chrVIII,475999,480672,-
orf112704,chr8_480990,YHR187W,canonical,conserved,Verified,chrVIII,480990,481919,+
orf117209,chr8_4811,NA,noncanonical,other,None,chrVIII,4811,4876,-
orf117528,chr8_482005,YHR188C,canonical,conserved,Verified,chrVIII,482005,483837,-
orf109113,chr8_48311,NA,noncanonical,other,None,chrVIII,48311,48508,+
orf110804,chr8_484028,YHR189W,canonical,conserved,Verified,chrVIII,484028,484600,+
orf112718,chr8_484845,YHR190W,canonical,conserved,Verified,chrVIII,484845,486179,+
orf115453,chr8_486230,YHR191C,canonical,conserved,Verified,chrVIII,486230,486631,-
orf108621,chr8_486826,YHR192W,canonical,conserved,Verified,chrVIII,486826,487662,+
orf109115,chr8_48686,NA,noncanonical,other,None,chrVIII,48686,48781,+
orf113331,chr8_487269,NA,noncanonical,other,None,chrVIII,487269,487490,-
orf107102,chr8_48763,YHL028W,canonical,conserved,Verified,chrVIII,48763,50580,+
orf115449,chr8_487712,YHR193C,canonical,conserved,Verified,chrVIII,487712,488236,-
orf117508,chr8_488653,YHR193C-A,noncanonical,other,Dubious,chrVIII,488653,489027,-
orf110820,chr8_488657,YHR194W,canonical,conserved,Verified,chrVIII,488657,490396,+
orf108629,chr8_490747,YHR195W,canonical,conserved,Verified,chrVIII,490747,491712,+
orf112747,chr8_491931,YHR196W,canonical,conserved,Verified,chrVIII,491931,493658,+
orf112749,chr8_493896,YHR197W,canonical,conserved,Verified,chrVIII,493896,496187,+
orf115418,chr8_496223,NA,noncanonical,other,None,chrVIII,496223,496264,-
orf117478,chr8_496315,YHR198C,canonical,conserved,Verified,chrVIII,496315,497280,-
orf110840,chr8_496505,NA,noncanonical,other,None,chrVIII,496505,496819,+
orf113286,chr8_497490,YHR199C,canonical,conserved,Verified,chrVIII,497490,498422,-
orf115405,chr8_498491,NA,noncanonical,other,None,chrVIII,498491,498574,-
NA,chr8_498571,YHR199C-A,canonical,other,Verified,chrVIII,498571,498859,-
orf110849,chr8_499079,YHR200W,canonical,conserved,Verified,chrVIII,499079,499885,+
orf117471,chr8_499840,NA,noncanonical,other,None,chrVIII,499840,499914,-
orf113279,chr8_499950,YHR201C,canonical,conserved,Verified,chrVIII,499950,501143,-
orf110860,chr8_502388,YHR202W,canonical,conserved,Uncharacterized,chrVIII,502388,504196,+
NA,chr8_504476,YHR203C,canonical,conserved,Verified,chrVIII,504476,505530,-
orf106934,chr8_5050,NA,noncanonical,other,None,chrVIII,5050,5199,+
orf112794,chr8_506319,YHR204W,canonical,conserved,Verified,chrVIII,506319,508709,+
orf113249,chr8_507768,NA,noncanonical,denovo,None,chrVIII,507768,508073,-
orf115363,chr8_508517,NA,noncanonical,other,None,chrVIII,508517,508690,-
orf110880,chr8_509363,YHR205W,canonical,conserved,Verified,chrVIII,509363,511837,+
orf111221,chr8_51111,YHL027W,canonical,conserved,Verified,chrVIII,51111,52988,+
orf110885,chr8_512732,YHR206W,canonical,conserved,Verified,chrVIII,512732,514600,+
orf110886,chr8_514754,NA,noncanonical,denovo,None,chrVIII,514754,514873,+
orf113219,chr8_514905,YHR207C,canonical,conserved,Verified,chrVIII,514905,516485,-
orf108720,chr8_516844,NA,noncanonical,other,None,chrVIII,516844,516903,+
orf112837,chr8_517035,NA,noncanonical,other,None,chrVIII,517035,517106,+
orf110897,chr8_517532,YHR208W,canonical,conserved,Verified,chrVIII,517532,518713,+
orf113205,chr8_519042,NA,noncanonical,denovo,None,chrVIII,519042,519233,-
orf112849,chr8_519132,NA,noncanonical,other,None,chrVIII,519132,519224,+
orf110900,chr8_519422,YHR209W,canonical,conserved,Verified,chrVIII,519422,520312,+
orf117390,chr8_519610,NA,noncanonical,denovo,None,chrVIII,519610,519783,-
orf115307,chr8_520070,NA,noncanonical,other,None,chrVIII,520070,520240,-
orf108730,chr8_520309,NA,noncanonical,other,None,chrVIII,520309,520365,+
orf115305,chr8_520712,YHR210C,canonical,conserved,Uncharacterized,chrVIII,520712,521737,-
orf110910,chr8_522317,NA,noncanonical,other,None,chrVIII,522317,522379,+
orf112873,chr8_523293,NA,noncanonical,other,None,chrVIII,523293,523343,+
orf110916,chr8_523871,NA,noncanonical,other,None,chrVIII,523871,524116,+
orf112879,chr8_524844,NA,noncanonical,other,None,chrVIII,524844,524933,+
orf110921,chr8_525392,YHR211W,canonical,conserved,Verified,chrVIII,525392,528619,+
orf117349,chr8_528391,NA,noncanonical,other,None,chrVIII,528391,528591,-
orf115280,chr8_528953,NA,noncanonical,other,None,chrVIII,528953,529066,-
orf117347,chr8_529294,NA,noncanonical,other,None,chrVIII,529294,529422,-
orf117346,chr8_529588,NA,noncanonical,other,None,chrVIII,529588,529671,-
orf117021,chr8_53219,YHL026C,canonical,conserved,Uncharacterized,chrVIII,53219,54166,-
orf110967,chr8_538742,YHR212W-A,canonical,conserved,Uncharacterized,chrVIII,538742,538945,+
orf112931,chr8_539151,YHR213W,canonical,conserved,Uncharacterized,chrVIII,539151,539747,+
orf112934,chr8_540549,YHR213W-A,canonical,other,Uncharacterized,chrVIII,540549,540782,+
orf108821,chr8_541651,YHR214W,canonical,conserved,Uncharacterized,chrVIII,541651,542262,+
orf117290,chr8_543964,NA,noncanonical,other,None,chrVIII,543964,547431,-
orf107120,chr8_54535,NA,noncanonical,denovo,None,chrVIII,54535,54612,+
orf111233,chr8_54645,NA,noncanonical,denovo,None,chrVIII,54645,54794,+
orf115204,chr8_547910,YHR214C-C,canonical,conserved,transposable_element_gene,chrVIII,547910,549346,-
orf109140,chr8_54851,YHL025W,canonical,conserved,Verified,chrVIII,54851,55849,+
orf112968,chr8_548667,NA,noncanonical,other,None,chrVIII,548667,549002,+
orf119118,chr8_55000,NA,noncanonical,other,None,chrVIII,55000,55287,-
orf112980,chr8_552099,YHR215W,canonical,conserved,Verified,chrVIII,552099,553502,+
orf108882,chr8_554218,NA,noncanonical,other,None,chrVIII,554218,554310,+
orf111028,chr8_554396,YHR216W,canonical,conserved,Verified,chrVIII,554396,555967,+
orf111029,chr8_555968,NA,noncanonical,other,None,chrVIII,555968,556108,+
NA,chr8_558014,YHR218W,canonical,conserved,Uncharacterized,chrVIII,558014,559924,+
orf108905,chr8_560173,YHR219W,canonical,conserved,Uncharacterized,chrVIII,560173,562047,+
orf111243,chr8_56649,YHL024W,canonical,conserved,Verified,chrVIII,56649,58790,+
orf114966,chr8_56973,NA,noncanonical,other,None,chrVIII,56973,57098,-
orf117005,chr8_58787,NA,noncanonical,denovo,None,chrVIII,58787,58933,-
orf111244,chr8_58839,NA,noncanonical,denovo,None,chrVIII,58839,58973,+
orf117003,chr8_59123,YHL023C,canonical,conserved,Verified,chrVIII,59123,62563,-
orf114947,chr8_62961,YHL022C,canonical,conserved,Verified,chrVIII,62961,64157,-
orf108930,chr8_6401,YHL048W,canonical,conserved,Verified,chrVIII,6401,7546,+
orf119072,chr8_64462,YHL021C,canonical,conserved,Verified,chrVIII,64462,65859,-
orf109183,chr8_66218,NA,noncanonical,other,None,chrVIII,66218,66502,+
orf116986,chr8_66242,YHL020C,canonical,conserved,Verified,chrVIII,66242,67456,-
orf111276,chr8_66417,NA,noncanonical,other,None,chrVIII,66417,66632,+
orf107181,chr8_67711,YHL019W-A,noncanonical,other,Dubious,chrVIII,67711,68304,+
orf114930,chr8_67731,YHL019C,canonical,conserved,Verified,chrVIII,67731,69548,-
orf111288,chr8_69708,YHL018W,canonical,conserved,Uncharacterized,chrVIII,69708,70070,+
orf111289,chr8_70176,NA,noncanonical,other,None,chrVIII,70176,70283,+
orf107189,chr8_70276,YHL017W,canonical,conserved,Uncharacterized,chrVIII,70276,71874,+
orf119049,chr8_72037,YHL016C,canonical,conserved,Verified,chrVIII,72037,74244,-
orf119048,chr8_74347,NA,noncanonical,denovo,None,chrVIII,74347,74415,-
orf119047,chr8_74428,NA,noncanonical,denovo,None,chrVIII,74428,74553,-
orf107201,chr8_75412,YHL015W,canonical,conserved,Verified,chrVIII,75412,75777,+
orf111313,chr8_76089,NA,noncanonical,other,None,chrVIII,76089,76310,+
orf116944,chr8_76097,YHL014C,canonical,conserved,Verified,chrVIII,76097,77314,-
orf111314,chr8_76485,NA,noncanonical,other,None,chrVIII,76485,76610,+
orf116942,chr8_77390,NA,noncanonical,other,None,chrVIII,77390,77440,-
orf114888,chr8_77430,YHL013C,canonical,conserved,Verified,chrVIII,77430,78353,-
orf111326,chr8_78936,YHL012W,canonical,conserved,Uncharacterized,chrVIII,78936,80417,+
orf119021,chr8_79984,NA,noncanonical,other,None,chrVIII,79984,80130,-
orf116928,chr8_80195,NA,noncanonical,other,None,chrVIII,80195,80311,-
orf116925,chr8_80654,YHL011C,canonical,conserved,Verified,chrVIII,80654,81616,-
orf119009,chr8_81964,YHL010C,canonical,conserved,Verified,chrVIII,81964,83721,-
orf115130,chr8_8250,NA,noncanonical,other,None,chrVIII,8250,8309,-
orf117193,chr8_8351,YHL047C,canonical,conserved,Verified,chrVIII,8351,10213,-
orf116914,chr8_84068,YHL009C,canonical,conserved,Verified,chrVIII,84068,85060,-
orf107248,chr8_85528,NA,noncanonical,other,None,chrVIII,85528,85632,+
orf107251,chr8_85909,YHL009W-A,canonical,conserved,transposable_element_gene,chrVIII,85909,87150,+
orf114824,chr8_92541,NA,noncanonical,other,None,chrVIII,92541,92630,-
orf116888,chr8_92627,YHL008C,canonical,conserved,Uncharacterized,chrVIII,92627,94510,-
orf116887,chr8_94610,NA,noncanonical,denovo,None,chrVIII,94610,94711,-
orf107280,chr8_94873,NA,noncanonical,denovo,None,chrVIII,94873,94998,+
orf116886,chr8_94979,NA,noncanonical,other,None,chrVIII,94979,95134,-
orf114821,chr8_95118,YHL007C,canonical,conserved,Verified,chrVIII,95118,97937,-
orf107289,chr8_96778,NA,noncanonical,other,None,chrVIII,96778,96999,+
orf114820,chr8_98343,YHL006C,canonical,conserved,Verified,chrVIII,98343,98795,-
orf116860,chr8_98828,YHL005C,canonical,other,Uncharacterized,chrVIII,98828,99220,-
orf111424,chr8_99219,YHL004W,canonical,conserved,Verified,chrVIII,99219,100403,+
orf125390,chr9_100781,YIL131C,canonical,conserved,Verified,chrIX,100781,102235,-
orf121212,chr9_102782,YIL130W,canonical,conserved,Verified,chrIX,102782,105676,+
orf119662,chr9_105673,NA,noncanonical,other,None,chrIX,105673,105705,+
orf128398,chr9_106107,YIL129C,canonical,conserved,Verified,chrIX,106107,113237,-
orf119692,chr9_113806,YIL128W,canonical,conserved,Verified,chrIX,113806,116904,+
orf120899,chr9_11492,YIL173W,canonical,conserved,Verified,chrIX,11492,16141,+
orf128386,chr9_117024,YIL127C,canonical,conserved,Uncharacterized,chrIX,117024,117644,-
orf121279,chr9_117992,YIL126W,canonical,conserved,Verified,chrIX,117992,122071,+
orf122994,chr9_122286,NA,noncanonical,denovo,None,chrIX,122286,122549,+
orf119703,chr9_122689,YIL125W,canonical,conserved,Verified,chrIX,122689,125733,+
orf123002,chr9_125736,NA,noncanonical,denovo,None,chrIX,125736,125798,+
orf126736,chr9_125989,NA,noncanonical,denovo,None,chrIX,125989,126147,-
orf123004,chr9_126204,YIL124W,canonical,conserved,Verified,chrIX,126204,127097,+
orf125268,chr9_126671,NA,noncanonical,other,None,chrIX,126671,126886,-
orf121309,chr9_127193,NA,noncanonical,denovo,None,chrIX,127193,127375,+
orf126730,chr9_127462,NA,noncanonical,other,None,chrIX,127462,127587,-
orf123006,chr9_127713,NA,noncanonical,denovo,None,chrIX,127713,127979,+
orf123008,chr9_128151,YIL123W,canonical,conserved,Verified,chrIX,128151,129581,+
orf123009,chr9_129714,NA,noncanonical,denovo,None,chrIX,129714,129797,+
orf121315,chr9_130610,YIL122W,canonical,conserved,Verified,chrIX,130610,131665,+
orf119723,chr9_131662,NA,noncanonical,other,None,chrIX,131662,131940,+
orf119725,chr9_132244,YIL121W,canonical,conserved,Verified,chrIX,132244,133872,+
orf125235,chr9_133922,NA,noncanonical,other,None,chrIX,133922,134047,-
orf121326,chr9_134417,YIL120W,canonical,conserved,Verified,chrIX,134417,136108,+
orf128321,chr9_134940,NA,noncanonical,other,None,chrIX,134940,135050,-
orf126701,chr9_135643,NA,noncanonical,other,None,chrIX,135643,135909,-
orf128315,chr9_136044,NA,noncanonical,denovo,None,chrIX,136044,136196,-
orf123032,chr9_136575,NA,noncanonical,denovo,None,chrIX,136575,136670,+
orf126697,chr9_136654,YIL119C,canonical,conserved,Verified,chrIX,136654,137877,-
orf123046,chr9_139752,YIL118W,canonical,conserved,Verified,chrIX,139752,140447,+
orf128296,chr9_140613,YIL117C,canonical,conserved,Verified,chrIX,140613,141569,-
orf121354,chr9_142928,YIL116W,canonical,conserved,Verified,chrIX,142928,144085,+
orf126678,chr9_144253,NA,noncanonical,denovo,None,chrIX,144253,144312,-
orf128284,chr9_144327,YIL115C,canonical,conserved,Verified,chrIX,144327,148709,-
orf126673,chr9_149143,YIL114C,canonical,conserved,Verified,chrIX,149143,149988,-
orf121389,chr9_150221,NA,noncanonical,denovo,None,chrIX,150221,150403,+
orf119787,chr9_150559,YIL113W,canonical,conserved,Verified,chrIX,150559,151188,+
orf126667,chr9_151072,NA,noncanonical,denovo,None,chrIX,151072,151215,-
orf121393,chr9_151595,YIL112W,canonical,conserved,Verified,chrIX,151595,154846,+
orf126660,chr9_154477,NA,noncanonical,other,None,chrIX,154477,154599,-
orf128263,chr9_154779,NA,noncanonical,denovo,None,chrIX,154779,154856,-
orf121394,chr9_154871,NA,noncanonical,denovo,None,chrIX,154871,155125,+
orf126656,chr9_155164,NA,noncanonical,other,None,chrIX,155164,155226,-
NA,chr9_155222,YIL111W,canonical,conserved,Verified,chrIX,155222,155765,+
orf126655,chr9_155329,NA,noncanonical,other,None,chrIX,155329,155481,-
orf128258,chr9_155715,NA,noncanonical,other,None,chrIX,155715,155840,-
orf123129,chr9_156045,YIL110W,canonical,conserved,Verified,chrIX,156045,157178,+
orf126642,chr9_157288,NA,noncanonical,other,None,chrIX,157288,157368,-
orf125131,chr9_157385,YIL109C,canonical,conserved,Verified,chrIX,157385,160165,-
orf119824,chr9_160708,NA,noncanonical,denovo,None,chrIX,160708,160845,+
orf123149,chr9_160887,YIL108W,canonical,conserved,Verified,chrIX,160887,162977,+
orf125128,chr9_161141,NA,noncanonical,other,None,chrIX,161141,161473,-
orf126614,chr9_163033,NA,noncanonical,denovo,None,chrIX,163033,163152,-
orf128231,chr9_163203,NA,noncanonical,other,None,chrIX,163203,163271,-
orf128230,chr9_163278,YIL107C,canonical,conserved,Verified,chrIX,163278,165761,-
NA,chr9_166415,YIL106W,canonical,conserved,Verified,chrIX,166415,167444,+
orf126606,chr9_167581,YIL105C,canonical,conserved,Verified,chrIX,167581,169641,-
orf125092,chr9_169982,YIL104C,canonical,conserved,Verified,chrIX,169982,171505,-
orf119881,chr9_171751,YIL103W,canonical,conserved,Verified,chrIX,171751,173028,+
orf126590,chr9_172927,NA,noncanonical,other,None,chrIX,172927,173016,-
orf125082,chr9_173030,NA,noncanonical,other,None,chrIX,173030,173089,-
orf128186,chr9_173223,NA,noncanonical,other,None,chrIX,173223,173327,-
orf126587,chr9_173365,YIL102C-A,canonical,conserved,Uncharacterized,chrIX,173365,173592,-
orf119885,chr9_173968,NA,noncanonical,other,None,chrIX,173968,174030,+
orf128175,chr9_175122,NA,noncanonical,denovo,None,chrIX,175122,175304,-
orf125073,chr9_175307,YIL101C,canonical,conserved,Verified,chrIX,175307,177250,-
orf123198,chr9_177228,NA,noncanonical,other,None,chrIX,177228,177338,+
orf119898,chr9_177373,YIL100W,noncanonical,denovo,Dubious,chrIX,177373,177726,+
orf121493,chr9_178004,YIL099W,canonical,conserved,Verified,chrIX,178004,179653,+
orf128163,chr9_179772,YIL098C,canonical,conserved,Verified,chrIX,179772,180239,-
orf119904,chr9_180427,YIL097W,canonical,conserved,Verified,chrIX,180427,181977,+
orf125055,chr9_182117,YIL096C,canonical,conserved,Verified,chrIX,182117,183127,-
orf119911,chr9_183937,YIL095W,canonical,conserved,Verified,chrIX,183937,186369,+
orf125037,chr9_186410,NA,noncanonical,denovo,None,chrIX,186410,186478,-
orf126524,chr9_186517,YIL094C,canonical,conserved,Verified,chrIX,186517,187632,-
orf126522,chr9_187990,YIL093C,canonical,conserved,Verified,chrIX,187990,188784,-
orf123238,chr9_189066,YIL092W,canonical,conserved,Uncharacterized,chrIX,189066,190967,+
orf125023,chr9_191030,YIL091C,canonical,conserved,Verified,chrIX,191030,193195,-
orf121564,chr9_192701,NA,noncanonical,denovo,None,chrIX,192701,192949,+
orf121567,chr9_193328,NA,noncanonical,denovo,None,chrIX,193328,193534,+
orf121568,chr9_193595,YIL090W,canonical,conserved,Verified,chrIX,193595,195070,+
orf119948,chr9_195076,NA,noncanonical,denovo,None,chrIX,195076,195162,+
orf121569,chr9_195170,NA,noncanonical,denovo,None,chrIX,195170,195247,+
orf128104,chr9_195465,NA,noncanonical,denovo,None,chrIX,195465,195530,-
orf121570,chr9_195599,YIL089W,canonical,other,Verified,chrIX,195599,196216,+
orf125014,chr9_195848,NA,noncanonical,denovo,None,chrIX,195848,195967,-
orf121571,chr9_196280,NA,noncanonical,other,None,chrIX,196280,196420,+
orf128089,chr9_197931,YIL088C,canonical,conserved,Verified,chrIX,197931,199403,-
orf120912,chr9_19847,YIL170W,noncanonical,other,pseudogene,chrIX,19847,21220,+
orf128088,chr9_199431,NA,noncanonical,other,None,chrIX,199431,199571,-
orf124993,chr9_199646,YIL087C,canonical,conserved,Verified,chrIX,199646,200119,-
orf124992,chr9_200153,YIL086C,canonical,denovo,Uncharacterized,chrIX,200153,200461,-
orf128085,chr9_200490,YIL085C,canonical,conserved,Verified,chrIX,200490,202043,-
orf126462,chr9_202276,YIL084C,canonical,conserved,Verified,chrIX,202276,203259,-
orf119983,chr9_203551,NA,noncanonical,denovo,None,chrIX,203551,203748,+
orf128075,chr9_203556,YIL083C,canonical,conserved,Verified,chrIX,203556,204653,-
orf119987,chr9_205219,NA,noncanonical,other,None,chrIX,205219,205278,+
orf123302,chr9_205635,YIL082W,noncanonical,other,Dubious,chrIX,205635,206507,+
orf119993,chr9_206581,NA,noncanonical,other,None,chrIX,206581,210132,+
orf127115,chr9_20776,NA,noncanonical,other,None,chrIX,20776,20967,-
orf124935,chr9_210923,YIL079C,canonical,conserved,Verified,chrIX,210923,212005,-
orf123314,chr9_212499,YIL078W,canonical,conserved,Verified,chrIX,212499,214703,+
orf124922,chr9_214991,YIL077C,canonical,conserved,Uncharacterized,chrIX,214991,215953,-
orf120025,chr9_216469,YIL076W,canonical,conserved,Verified,chrIX,216469,217548,+
orf128016,chr9_217863,YIL075C,canonical,conserved,Verified,chrIX,217863,220700,-
orf127110,chr9_22108,NA,noncanonical,other,None,chrIX,22108,22245,-
orf124893,chr9_221081,YIL074C,canonical,conserved,Verified,chrIX,221081,222490,-
NA,chr9_222937,YIL073C,canonical,conserved,Verified,chrIX,222937,225954,-
orf121693,chr9_223214,NA,noncanonical,other,None,chrIX,223214,223414,+
orf121698,chr9_224522,NA,noncanonical,other,None,chrIX,224522,224716,+
orf121700,chr9_224822,NA,noncanonical,other,None,chrIX,224822,224941,+
orf123351,chr9_226602,YIL072W,canonical,conserved,Verified,chrIX,226602,228419,+
orf119415,chr9_22741,NA,noncanonical,other,None,chrIX,22741,22818,+
orf124874,chr9_227870,NA,noncanonical,denovo,None,chrIX,227870,228019,-
orf127985,chr9_228660,YIL071C,canonical,conserved,Verified,chrIX,228660,229994,-
orf121715,chr9_229673,NA,noncanonical,denovo,None,chrIX,229673,229888,+
orf120077,chr9_230005,NA,noncanonical,denovo,None,chrIX,230005,230178,+
orf126371,chr9_230272,YIL070C,canonical,conserved,Verified,chrIX,230272,231072,-
orf126370,chr9_231172,NA,noncanonical,denovo,None,chrIX,231172,231309,-
orf127106,chr9_23119,YIL169C,canonical,conserved,Verified,chrIX,23119,26106,-
NA,chr9_231553,YIL069C,canonical,conserved,Verified,chrIX,231553,232369,-
orf124856,chr9_233057,YIL068C,canonical,conserved,Verified,chrIX,233057,235474,-
orf124854,chr9_235724,YIL067C,canonical,conserved,Uncharacterized,chrIX,235724,237760,-
orf123392,chr9_237366,YIL066W-A,noncanonical,other,Dubious,chrIX,237366,237809,+
orf126327,chr9_238099,YIL066C,canonical,conserved,Verified,chrIX,238099,240756,-
orf127941,chr9_241308,YIL065C,canonical,conserved,Verified,chrIX,241308,241775,-
orf121758,chr9_241943,YIL064W,canonical,conserved,Verified,chrIX,241943,242716,+
orf126321,chr9_242314,NA,noncanonical,other,None,chrIX,242314,242685,-
orf126320,chr9_242761,YIL063C,canonical,conserved,Verified,chrIX,242761,243744,-
orf123422,chr9_243531,NA,noncanonical,other,None,chrIX,243531,243650,+
orf127930,chr9_243891,NA,noncanonical,other,None,chrIX,243891,244001,-
orf124837,chr9_243998,YIL062C,canonical,conserved,Verified,chrIX,243998,244462,-
orf126316,chr9_244549,NA,noncanonical,denovo,None,chrIX,244549,244620,-
orf126315,chr9_244657,YIL061C,canonical,conserved,Verified,chrIX,244657,245559,-
orf121771,chr9_246392,YIL060W,canonical,other,Verified,chrIX,246392,246826,+
orf126313,chr9_246550,YIL059C,noncanonical,other,Dubious,chrIX,246550,246915,-
orf124830,chr9_246839,NA,noncanonical,other,None,chrIX,246839,246967,-
orf123437,chr9_247485,NA,noncanonical,other,None,chrIX,247485,247583,+
orf121773,chr9_247580,NA,noncanonical,denovo,None,chrIX,247580,247687,+
orf127912,chr9_247902,YIL057C,canonical,conserved,Verified,chrIX,247902,248396,-
orf126302,chr9_249250,NA,noncanonical,other,None,chrIX,249250,249372,-
orf123449,chr9_249708,NA,noncanonical,denovo,None,chrIX,249708,249785,+
orf120147,chr9_249991,YIL056W,canonical,conserved,Verified,chrIX,249991,251913,+
orf127896,chr9_252042,YIL055C,canonical,conserved,Uncharacterized,chrIX,252042,253925,-
orf121802,chr9_254543,YIL054W,canonical,other,Uncharacterized,chrIX,254543,254860,+
orf120159,chr9_255052,YIL053W,canonical,conserved,Verified,chrIX,255052,255867,+
orf127890,chr9_255288,NA,noncanonical,other,None,chrIX,255288,255527,-
orf123466,chr9_255861,NA,noncanonical,other,None,chrIX,255861,255914,+
orf121810,chr9_255917,NA,noncanonical,other,None,chrIX,255917,255982,+
NA,chr9_256226,YIL052C,canonical,conserved,Verified,chrIX,256226,257063,-
orf123474,chr9_257787,NA,noncanonical,other,None,chrIX,257787,258062,+
orf124776,chr9_257843,YIL051C,canonical,conserved,Verified,chrIX,257843,258280,-
orf127880,chr9_258402,NA,noncanonical,other,None,chrIX,258402,258458,-
orf123478,chr9_258507,NA,noncanonical,denovo,None,chrIX,258507,258641,+
orf127879,chr9_258549,NA,noncanonical,denovo,None,chrIX,258549,258764,-
orf120169,chr9_258913,YIL050W,canonical,conserved,Verified,chrIX,258913,259770,+
orf127877,chr9_259005,NA,noncanonical,other,None,chrIX,259005,259244,-
orf120172,chr9_260158,YIL049W,canonical,conserved,Verified,chrIX,260158,260919,+
orf123484,chr9_260922,NA,noncanonical,denovo,None,chrIX,260922,261011,+
orf121836,chr9_261437,YIL048W,canonical,conserved,Verified,chrIX,261437,264892,+
orf120931,chr9_26489,NA,noncanonical,denovo,None,chrIX,26489,26530,+
orf123511,chr9_264996,NA,noncanonical,denovo,None,chrIX,264996,265274,+
orf124750,chr9_265115,YIL047C,canonical,conserved,Verified,chrIX,265115,267823,-
orf127842,chr9_267900,NA,noncanonical,denovo,None,chrIX,267900,268148,-
orf124748,chr9_268106,NA,noncanonical,other,None,chrIX,268106,268372,-
orf120190,chr9_268309,YIL046W-A,canonical,denovo,Uncharacterized,chrIX,268309,268473,+
orf126237,chr9_268369,NA,noncanonical,denovo,None,chrIX,268369,268524,-
orf120191,chr9_268651,YIL046W,canonical,conserved,Verified,chrIX,268651,270573,+
orf119420,chr9_26983,NA,noncanonical,other,None,chrIX,26983,27018,+
orf123537,chr9_270891,NA,noncanonical,denovo,None,chrIX,270891,270974,+
orf123538,chr9_271161,YIL045W,canonical,conserved,Verified,chrIX,271161,272777,+
orf126225,chr9_272950,YIL044C,canonical,conserved,Verified,chrIX,272950,273846,-
orf126224,chr9_274072,YIL043C,canonical,conserved,Verified,chrIX,274072,275040,-
orf124724,chr9_275108,YIL042C,canonical,conserved,Verified,chrIX,275108,276292,-
orf123561,chr9_276525,YIL041W,canonical,conserved,Verified,chrIX,276525,277505,+
orf120229,chr9_277723,YIL040W,canonical,conserved,Verified,chrIX,277723,278139,+
orf121882,chr9_278426,YIL039W,canonical,conserved,Verified,chrIX,278426,279847,+
orf123577,chr9_279897,NA,noncanonical,denovo,None,chrIX,279897,279998,+
orf127788,chr9_280068,NA,noncanonical,denovo,None,chrIX,280068,280121,-
orf124705,chr9_280142,YIL038C,canonical,conserved,Verified,chrIX,280142,282652,-
orf127784,chr9_283029,YIL037C,canonical,conserved,Verified,chrIX,283029,284999,-
orf120265,chr9_284866,NA,noncanonical,other,None,chrIX,284866,285063,+
orf123588,chr9_285666,YIL036W,canonical,conserved,Verified,chrIX,285666,287429,+
orf128681,chr9_28653,NA,noncanonical,other,None,chrIX,28653,28775,-
orf127776,chr9_287457,NA,noncanonical,denovo,None,chrIX,287457,287600,-
orf120281,chr9_287467,NA,noncanonical,denovo,None,chrIX,287467,287571,+
orf124682,chr9_287699,NA,noncanonical,denovo,None,chrIX,287699,287779,-
orf127775,chr9_287790,YIL035C,canonical,conserved,Verified,chrIX,287790,288908,-
orf124670,chr9_289037,NA,noncanonical,denovo,None,chrIX,289037,289105,-
orf124669,chr9_289226,YIL034C,canonical,conserved,Verified,chrIX,289226,290089,-
orf123596,chr9_289380,NA,noncanonical,other,None,chrIX,289380,289505,+
orf126175,chr9_290254,NA,noncanonical,denovo,None,chrIX,290254,290313,-
orf119430,chr9_29032,NA,noncanonical,other,None,chrIX,29032,29415,+
orf126174,chr9_290419,YIL033C,canonical,conserved,Verified,chrIX,290419,291669,-
orf126173,chr9_291781,NA,noncanonical,other,None,chrIX,291781,291930,-
orf121928,chr9_292604,NA,noncanonical,other,None,chrIX,292604,292675,+
orf120297,chr9_292633,YIL031W,canonical,conserved,Verified,chrIX,292633,295737,+
orf119431,chr9_29416,NA,noncanonical,other,None,chrIX,29416,30048,+
orf127752,chr9_295986,NA,noncanonical,other,None,chrIX,295986,296060,-
orf126154,chr9_296050,YIL030C,canonical,conserved,Verified,chrIX,296050,300009,-
orf126148,chr9_300829,YIL029C,canonical,other,Uncharacterized,chrIX,300829,301257,-
orf121986,chr9_301961,NA,noncanonical,denovo,None,chrIX,301961,302026,+
orf120320,chr9_302023,NA,noncanonical,other,None,chrIX,302023,302151,+
orf126140,chr9_302455,NA,noncanonical,denovo,None,chrIX,302455,302745,-
orf120328,chr9_303337,NA,noncanonical,other,None,chrIX,303337,303462,+
orf121991,chr9_303488,NA,noncanonical,denovo,None,chrIX,303488,303571,+
orf126136,chr9_303679,YIL027C,canonical,conserved,Verified,chrIX,303679,304104,-
orf126134,chr9_304477,YIL026C,canonical,conserved,Verified,chrIX,304477,307929,-
orf121999,chr9_304709,NA,noncanonical,other,None,chrIX,304709,305029,+
orf126130,chr9_308602,YIL024C,canonical,conserved,Uncharacterized,chrIX,308602,309171,-
orf125567,chr9_30938,YIL166C,canonical,conserved,Verified,chrIX,30938,32566,-
orf124616,chr9_309386,YIL023C,canonical,conserved,Verified,chrIX,309386,310426,-
orf123661,chr9_309399,NA,noncanonical,other,None,chrIX,309399,309740,+
orf123665,chr9_309936,NA,noncanonical,other,None,chrIX,309936,310229,+
orf122021,chr9_311165,YIL022W,canonical,conserved,Verified,chrIX,311165,312460,+
orf126115,chr9_312355,NA,noncanonical,denovo,None,chrIX,312355,312651,-
orf120359,chr9_312712,NA,noncanonical,denovo,None,chrIX,312712,312882,+
orf122023,chr9_312905,YIL021W,canonical,conserved,Verified,chrIX,312905,313861,+
orf122625,chr9_31365,NA,noncanonical,other,None,chrIX,31365,31511,+
orf126111,chr9_314035,YIL020C,canonical,conserved,Verified,chrIX,314035,314820,-
orf123685,chr9_315093,YIL019W,canonical,conserved,Verified,chrIX,315093,316133,+
orf122626,chr9_31563,NA,noncanonical,other,None,chrIX,31563,31745,+
NA,chr9_316768,YIL018W,canonical,conserved,Verified,chrIX,316768,317932,+
orf124588,chr9_318200,YIL017C,canonical,conserved,Verified,chrIX,318200,320965,-
orf122045,chr9_321272,NA,noncanonical,denovo,None,chrIX,321272,321355,+
orf120404,chr9_321454,YIL016W,canonical,conserved,Verified,chrIX,321454,321933,+
orf127629,chr9_321630,NA,noncanonical,other,None,chrIX,321630,321764,-
orf126075,chr9_321949,NA,noncanonical,denovo,None,chrIX,321949,322137,-
orf120407,chr9_322342,YIL015W,canonical,conserved,Verified,chrIX,322342,324105,+
orf127622,chr9_322929,NA,noncanonical,other,None,chrIX,322929,323237,-
orf119445,chr9_32464,NA,noncanonical,other,None,chrIX,32464,32568,+
orf127613,chr9_324870,NA,noncanonical,other,None,chrIX,324870,324992,-
orf127612,chr9_325212,YIL014C-A,canonical,conserved,Uncharacterized,chrIX,325212,325526,-
orf122073,chr9_325754,NA,noncanonical,other,None,chrIX,325754,326020,+
orf122074,chr9_326042,NA,noncanonical,denovo,None,chrIX,326042,326086,+
orf123716,chr9_326103,YIL014W,canonical,conserved,Verified,chrIX,326103,327995,+
orf128668,chr9_32625,NA,noncanonical,denovo,None,chrIX,32625,32762,-
orf120431,chr9_327964,NA,noncanonical,other,None,chrIX,327964,328080,+
orf126050,chr9_328207,YIL013C,canonical,conserved,Verified,chrIX,328207,332442,-
orf122110,chr9_333011,YIL012W,canonical,other,Uncharacterized,chrIX,333011,333352,+
orf122111,chr9_333500,NA,noncanonical,other,None,chrIX,333500,333757,+
orf120456,chr9_333727,YIL011W,canonical,conserved,Verified,chrIX,333727,334536,+
orf127572,chr9_334092,NA,noncanonical,other,None,chrIX,334092,334475,-
orf120458,chr9_334882,YIL010W,canonical,conserved,Verified,chrIX,334882,335529,+
orf123744,chr9_335526,NA,noncanonical,other,None,chrIX,335526,335609,+
NA,chr9_335666,YIL009C-A,canonical,conserved,Verified,chrIX,335666,336212,-
orf126038,chr9_336523,NA,noncanonical,other,None,chrIX,336523,336645,-
orf127565,chr9_336663,NA,noncanonical,other,None,chrIX,336663,336803,-
orf127564,chr9_336825,NA,noncanonical,denovo,None,chrIX,336825,336890,-
orf124532,chr9_336995,NA,noncanonical,other,None,chrIX,336995,337084,-
orf127563,chr9_337101,NA,noncanonical,denovo,None,chrIX,337101,337175,-
orf127073,chr9_33718,YIL165C,canonical,conserved,Uncharacterized,chrIX,33718,34077,-
orf124530,chr9_337346,NA,noncanonical,other,None,chrIX,337346,337402,-
orf126035,chr9_337537,NA,noncanonical,other,None,chrIX,337537,337617,-
orf127561,chr9_337761,NA,noncanonical,denovo,None,chrIX,337761,337853,-
orf120468,chr9_337822,NA,noncanonical,other,None,chrIX,337822,337950,+
orf122135,chr9_338654,NA,noncanonical,other,None,chrIX,338654,338716,+
orf122136,chr9_339344,YIL009W,canonical,conserved,Verified,chrIX,339344,341428,+
orf127072,chr9_34087,YIL164C,canonical,conserved,Verified,chrIX,34087,34686,-
orf126013,chr9_342463,NA,noncanonical,other,None,chrIX,342463,342732,-
orf122141,chr9_342536,YIL008W,canonical,conserved,Verified,chrIX,342536,342835,+
orf120486,chr9_342901,NA,noncanonical,denovo,None,chrIX,342901,342945,+
orf126011,chr9_342994,YIL007C,canonical,conserved,Verified,chrIX,342994,343656,-
orf124508,chr9_343718,NA,noncanonical,denovo,None,chrIX,343718,343870,-
orf120490,chr9_344062,YIL006W,canonical,conserved,Verified,chrIX,344062,345183,+
orf122155,chr9_345692,YIL005W,canonical,conserved,Verified,chrIX,345692,347797,+
orf128654,chr9_34773,NA,noncanonical,denovo,None,chrIX,34773,34859,-
orf123808,chr9_347826,NA,noncanonical,denovo,None,chrIX,347826,347921,+
NA,chr9_347946,YIL004C,canonical,conserved,Verified,chrIX,347946,348505,-
orf122159,chr9_348218,NA,noncanonical,other,None,chrIX,348218,348382,+
orf123812,chr9_348867,NA,noncanonical,denovo,None,chrIX,348867,348938,+
orf123813,chr9_349122,YIL003W,canonical,conserved,Verified,chrIX,349122,350003,+
orf123815,chr9_350301,YIL002W-A,canonical,conserved,Uncharacterized,chrIX,350301,350510,+
orf122166,chr9_350579,NA,noncanonical,denovo,None,chrIX,350579,350731,+
orf124479,chr9_350591,YIL002C,canonical,conserved,Verified,chrIX,350591,353431,-
orf127070,chr9_35215,NA,noncanonical,denovo,None,chrIX,35215,35337,-
orf128650,chr9_35388,NA,noncanonical,denovo,None,chrIX,35388,35510,-
orf123830,chr9_353940,YIL001W,canonical,conserved,Uncharacterized,chrIX,353940,355481,+
orf122649,chr9_35571,NA,noncanonical,denovo,None,chrIX,35571,35627,+
orf125945,chr9_355846,NA,noncanonical,denovo,None,chrIX,355846,356007,-
orf125944,chr9_356143,YIR001C,canonical,conserved,Verified,chrIX,356143,356895,-
orf120538,chr9_357163,NA,noncanonical,denovo,None,chrIX,357163,357285,+
orf125942,chr9_357415,YIR002C,canonical,conserved,Verified,chrIX,357415,360396,-
orf127066,chr9_35836,NA,noncanonical,denovo,None,chrIX,35836,35880,-
orf123850,chr9_360885,YIR003W,canonical,conserved,Verified,chrIX,360885,362924,+
orf119459,chr9_36220,NA,noncanonical,denovo,None,chrIX,36220,36417,+
orf122210,chr9_363221,YIR004W,canonical,conserved,Verified,chrIX,363221,364519,+
orf122213,chr9_364889,YIR005W,canonical,conserved,Verified,chrIX,364889,365335,+
orf128644,chr9_36492,NA,noncanonical,other,None,chrIX,36492,36656,-
orf127444,chr9_365466,YIR006C,canonical,conserved,Verified,chrIX,365466,369908,-
orf125548,chr9_36899,YIL163C,canonical,denovo,Uncharacterized,chrIX,36899,37252,-
orf120976,chr9_37001,YIL162W,canonical,conserved,Verified,chrIX,37001,38983,+
orf123874,chr9_370704,YIR007W,canonical,conserved,Verified,chrIX,370704,372998,+
orf127429,chr9_373077,YIR008C,canonical,conserved,Verified,chrIX,373077,374306,-
orf122247,chr9_374525,YIR009W,canonical,conserved,Verified,chrIX,374525,374860,+
orf122250,chr9_375431,YIR010W,canonical,conserved,Verified,chrIX,375431,377161,+
orf125902,chr9_377287,YIR011C,canonical,conserved,Verified,chrIX,377287,378246,-
orf123899,chr9_378486,YIR012W,canonical,conserved,Verified,chrIX,378486,379781,+
orf127404,chr9_380019,YIR013C,canonical,conserved,Verified,chrIX,380019,380384,-
orf122272,chr9_380984,YIR014W,canonical,conserved,Verified,chrIX,380984,381814,+
orf123913,chr9_381948,YIR015W,canonical,conserved,Verified,chrIX,381948,382382,+
orf122276,chr9_382628,YIR016W,canonical,conserved,Uncharacterized,chrIX,382628,383425,+
orf127392,chr9_383556,YIR017C,canonical,conserved,Verified,chrIX,383556,384119,-
orf122278,chr9_384434,NA,noncanonical,denovo,None,chrIX,384434,384580,+
orf123922,chr9_384609,YIR018W,canonical,conserved,Verified,chrIX,384609,385346,+
orf125875,chr9_385564,YIR018C-A,canonical,other,Uncharacterized,chrIX,385564,385701,-
orf125873,chr9_385819,NA,noncanonical,denovo,None,chrIX,385819,385962,-
orf124348,chr9_386096,NA,noncanonical,denovo,None,chrIX,386096,386176,-
orf125871,chr9_386275,NA,noncanonical,other,None,chrIX,386275,386319,-
orf125868,chr9_386842,NA,noncanonical,denovo,None,chrIX,386842,386970,-
orf127384,chr9_386970,NA,noncanonical,denovo,None,chrIX,386970,387044,-
orf122288,chr9_387269,NA,noncanonical,other,None,chrIX,387269,387454,+
orf125855,chr9_389572,YIR019C,canonical,conserved,Verified,chrIX,389572,393675,-
orf122668,chr9_39069,NA,noncanonical,other,None,chrIX,39069,39170,+
orf128632,chr9_39255,NA,noncanonical,other,None,chrIX,39255,39368,-
orf125850,chr9_394255,YIR020C,canonical,denovo,Uncharacterized,chrIX,394255,394557,-
orf119470,chr9_39433,YIL161W,canonical,conserved,Uncharacterized,chrIX,39433,40140,+
orf124322,chr9_396257,NA,noncanonical,other,None,chrIX,396257,396340,-
orf127355,chr9_397011,NA,noncanonical,other,None,chrIX,397011,397109,-
orf127354,chr9_397215,YIR020C-B,noncanonical,denovo,Dubious,chrIX,397215,397949,-
orf120672,chr9_397294,YIR021W,canonical,conserved,Verified,chrIX,397294,398385,+
orf124313,chr9_398366,NA,noncanonical,denovo,None,chrIX,398366,398626,-
orf124002,chr9_398733,YIR022W,canonical,conserved,Verified,chrIX,398733,399236,+
orf120677,chr9_399259,NA,noncanonical,denovo,None,chrIX,399259,399378,+
orf124006,chr9_399777,YIR023W,canonical,conserved,Verified,chrIX,399777,402689,+
orf122670,chr9_40143,NA,noncanonical,denovo,None,chrIX,40143,40280,+
orf128628,chr9_40191,YIL160C,canonical,conserved,Verified,chrIX,40191,41444,-
orf120702,chr9_402715,NA,noncanonical,denovo,None,chrIX,402715,402834,+
orf125823,chr9_402841,YIR024C,canonical,conserved,Verified,chrIX,402841,403491,-
orf124009,chr9_403659,YIR025W,canonical,conserved,Verified,chrIX,403659,404765,+
orf124290,chr9_404873,YIR026C,canonical,conserved,Verified,chrIX,404873,405967,-
orf127309,chr9_406260,YIR027C,canonical,conserved,Verified,chrIX,406260,407642,-
orf124024,chr9_406893,NA,noncanonical,denovo,None,chrIX,406893,407096,+
orf120728,chr9_407077,NA,noncanonical,other,None,chrIX,407077,407379,+
orf124025,chr9_407433,NA,noncanonical,other,None,chrIX,407433,407540,+
orf127307,chr9_407793,NA,noncanonical,denovo,None,chrIX,407793,407879,-
orf124029,chr9_408468,YIR028W,canonical,conserved,Verified,chrIX,408468,410375,+
orf122365,chr9_410807,YIR029W,canonical,conserved,Verified,chrIX,410807,411838,+
orf125784,chr9_412036,YIR030C,canonical,conserved,Verified,chrIX,412036,412770,-
orf122366,chr9_412184,NA,noncanonical,other,None,chrIX,412184,412420,+
orf124261,chr9_413015,YIR031C,canonical,conserved,Verified,chrIX,413015,414679,-
orf125765,chr9_415030,YIR032C,canonical,conserved,Verified,chrIX,415030,415617,-
orf124061,chr9_415593,NA,noncanonical,denovo,None,chrIX,415593,415823,+
orf124064,chr9_416124,YIR033W,canonical,conserved,Verified,chrIX,416124,419465,+
orf120986,chr9_41825,YIL159W,canonical,conserved,Verified,chrIX,41825,45952,+
orf124243,chr9_419615,YIR034C,canonical,conserved,Verified,chrIX,419615,420736,-
orf124066,chr9_419952,NA,noncanonical,other,None,chrIX,419952,420191,+
orf124070,chr9_421011,NA,noncanonical,denovo,None,chrIX,421011,421166,+
orf127261,chr9_421026,YIR035C,canonical,conserved,Uncharacterized,chrIX,421026,421790,-
orf120789,chr9_421198,NA,noncanonical,other,None,chrIX,421198,421344,+
orf120791,chr9_421738,NA,noncanonical,other,None,chrIX,421738,421800,+
orf125742,chr9_422074,YIR036C,canonical,conserved,Verified,chrIX,422074,422865,-
orf122396,chr9_422354,NA,noncanonical,other,None,chrIX,422354,422704,+
orf120793,chr9_422635,YIR036W-A,noncanonical,denovo,Dubious,chrIX,422635,423036,+
orf122398,chr9_423128,YIR037W,canonical,conserved,Verified,chrIX,423128,423619,+
orf124079,chr9_423711,NA,noncanonical,denovo,None,chrIX,423711,423812,+
orf124230,chr9_423809,YIR038C,canonical,conserved,Verified,chrIX,423809,424513,-
orf127250,chr9_424626,NA,noncanonical,other,None,chrIX,424626,424709,-
orf127249,chr9_424827,NA,noncanonical,other,None,chrIX,424827,424910,-
orf122404,chr9_425051,NA,noncanonical,denovo,None,chrIX,425051,425233,+
orf124088,chr9_425523,NA,noncanonical,denovo,None,chrIX,425523,425681,+
orf120821,chr9_429061,NA,noncanonical,other,None,chrIX,429061,429339,+
orf127231,chr9_429069,NA,noncanonical,other,None,chrIX,429069,429317,-
orf124107,chr9_429501,NA,noncanonical,other,None,chrIX,429501,429683,+
orf125711,chr9_430498,YIR039C,canonical,conserved,Verified,chrIX,430498,432111,-
orf124128,chr9_433929,YIR041W,canonical,conserved,Verified,chrIX,433929,434303,+
orf125699,chr9_434575,NA,noncanonical,other,None,chrIX,434575,434856,-
orf127205,chr9_435273,YIR042C,canonical,conserved,Uncharacterized,chrIX,435273,435983,-
orf125693,chr9_435943,NA,noncanonical,other,None,chrIX,435943,436053,-
orf124137,chr9_436587,NA,noncanonical,other,None,chrIX,436587,436724,+
orf124168,chr9_436886,NA,noncanonical,other,None,chrIX,436886,436963,-
orf127200,chr9_437043,NA,noncanonical,other,None,chrIX,437043,437735,-
orf127199,chr9_437994,NA,noncanonical,other,None,chrIX,437994,438179,-
orf127039,chr9_45541,NA,noncanonical,other,None,chrIX,45541,45855,-
orf119484,chr9_46201,YIL158W,canonical,conserved,Verified,chrIX,46201,46815,+
orf128613,chr9_46299,NA,noncanonical,other,None,chrIX,46299,46571,-
orf128611,chr9_46845,NA,noncanonical,denovo,None,chrIX,46845,46940,-
orf125521,chr9_46949,YIL157C,canonical,conserved,Verified,chrIX,46949,47542,-
orf122716,chr9_47292,YIL156W-A,noncanonical,other,Dubious,chrIX,47292,47693,+
NA,chr9_47690,YIL156W-B,canonical,conserved,Uncharacterized,chrIX,47690,47973,+
orf120997,chr9_47993,NA,noncanonical,other,None,chrIX,47993,48055,+
orf119489,chr9_48091,YIL156W,canonical,conserved,Verified,chrIX,48091,51306,+
NA,chr9_483,YIL177C,canonical,conserved,Uncharacterized,chrIX,483,6147,-
orf127013,chr9_51589,NA,noncanonical,denovo,None,chrIX,51589,51705,-
orf128591,chr9_51759,YIL155C,canonical,conserved,Verified,chrIX,51759,53708,-
orf127007,chr9_53824,NA,noncanonical,denovo,None,chrIX,53824,53919,-
orf125495,chr9_53981,YIL154C,canonical,conserved,Verified,chrIX,53981,55021,-
orf122730,chr9_53991,NA,noncanonical,other,None,chrIX,53991,54302,+
orf122734,chr9_54963,NA,noncanonical,denovo,None,chrIX,54963,55133,+
orf119504,chr9_55198,YIL153W,canonical,conserved,Verified,chrIX,55198,56379,+
orf119506,chr9_56545,YIL152W,canonical,conserved,Uncharacterized,chrIX,56545,57252,+
orf121038,chr9_57293,NA,noncanonical,denovo,None,chrIX,57293,57352,+
orf125491,chr9_57338,YIL151C,canonical,conserved,Uncharacterized,chrIX,57338,60694,-
orf125489,chr9_61013,YIL150C,canonical,conserved,Verified,chrIX,61013,62728,-
orf126948,chr9_63028,YIL149C,canonical,conserved,Verified,chrIX,63028,68067,-
NA,chr9_68708,YIL148W,canonical,conserved,Verified,chrIX,68708,69528,+
orf122792,chr9_69525,NA,noncanonical,other,None,chrIX,69525,69575,+
orf121084,chr9_69575,NA,noncanonical,other,None,chrIX,69575,69607,+
orf125473,chr9_69791,YIL147C,canonical,conserved,Verified,chrIX,69791,73453,-
orf125472,chr9_73970,NA,noncanonical,denovo,None,chrIX,73970,74056,-
orf128505,chr9_74184,YIL146C,canonical,conserved,Verified,chrIX,74184,75773,-
orf128504,chr9_76119,NA,noncanonical,denovo,None,chrIX,76119,76265,-
orf126911,chr9_76246,NA,noncanonical,denovo,None,chrIX,76246,76296,-
orf126910,chr9_76354,YIL145C,canonical,conserved,Verified,chrIX,76354,77391,-
orf121110,chr9_76364,NA,noncanonical,other,None,chrIX,76364,76510,+
orf121117,chr9_78074,YIL144W,canonical,conserved,Verified,chrIX,78074,80149,+
orf119579,chr9_80158,NA,noncanonical,denovo,None,chrIX,80158,80217,+
orf125446,chr9_80510,YIL143C,canonical,conserved,Verified,chrIX,80510,83041,-
orf119595,chr9_83302,YIL142W,canonical,conserved,Verified,chrIX,83302,84885,+
orf122855,chr9_85053,YIL141W,noncanonical,other,Dubious,chrIX,85053,85442,+
orf119597,chr9_85366,YIL140W,canonical,conserved,Verified,chrIX,85366,87837,+
orf126869,chr9_87979,YIL139C,canonical,conserved,Verified,chrIX,87979,88716,-
orf126868,chr9_88903,NA,noncanonical,denovo,None,chrIX,88903,89019,-
orf125417,chr9_89066,NA,noncanonical,other,None,chrIX,89066,89233,-
orf126866,chr9_89230,YIL138C,canonical,conserved,Verified,chrIX,89230,89715,-
orf125413,chr9_89948,YIL137C,canonical,conserved,Verified,chrIX,89948,92788,-
orf126851,chr9_92971,NA,noncanonical,other,None,chrIX,92971,93117,-
orf125412,chr9_93167,NA,noncanonical,denovo,None,chrIX,93167,93256,-
orf128445,chr9_93213,NA,noncanonical,denovo,None,chrIX,93213,93362,-
orf119615,chr9_93361,NA,noncanonical,denovo,None,chrIX,93361,93471,+
orf119616,chr9_93619,YIL136W,canonical,conserved,Verified,chrIX,93619,94800,+
orf128441,chr9_93915,NA,noncanonical,denovo,None,chrIX,93915,94130,-
orf126849,chr9_95065,YIL135C,canonical,conserved,Verified,chrIX,95065,96375,-
orf128431,chr9_96522,YIL134C-A,canonical,other,Uncharacterized,chrIX,96522,96725,-
orf128428,chr9_96867,NA,noncanonical,denovo,None,chrIX,96867,96962,-
orf119628,chr9_96946,NA,noncanonical,denovo,None,chrIX,96946,96996,+
orf119629,chr9_97333,NA,noncanonical,other,None,chrIX,97333,97473,+
orf122895,chr9_97395,YIL134W,canonical,conserved,Verified,chrIX,97395,98330,+
NA,chr9_98527,YIL133C,canonical,conserved,Verified,chrIX,98527,99416,-
orf125393,chr9_99860,YIL132C,canonical,conserved,Verified,chrIX,99860,100501,-
